RP,Q,GF,FSE,station_id,Lower95,Upper95,chosen_distribution,QMED_observed,UAF,QMED_rural,URBEXT2015,station_name,river,catchment_area,latitude,longitude,easting,northing,measuring_authority_id,station_type
2,171,1,1.0384,2001,158.83,184.11,Gumbel,171,1,171,0,Helmsdale at Kilphedir,Helmsdale,551.4,58.141,-3.70295,299839,918163,SEPA-NW,VA
5,221,1.29,1.0396,2001,204.8,238.48,Gumbel,171,1,171,0,Helmsdale at Kilphedir,Helmsdale,551.4,58.141,-3.70295,299839,918163,SEPA-NW,VA
10,254,1.49,1.042,2001,234.32,275.33,Gumbel,171,1,171,0,Helmsdale at Kilphedir,Helmsdale,551.4,58.141,-3.70295,299839,918163,SEPA-NW,VA
20,286,1.67,1.0458,2001,261.97,312.24,Gumbel,171,1,171,0,Helmsdale at Kilphedir,Helmsdale,551.4,58.141,-3.70295,299839,918163,SEPA-NW,VA
30,304,1.78,1.0487,2001,276.95,333.7,Gumbel,171,1,171,0,Helmsdale at Kilphedir,Helmsdale,551.4,58.141,-3.70295,299839,918163,SEPA-NW,VA
50,327,1.91,1.0531,2001,295.47,361.9,Gumbel,171,1,171,0,Helmsdale at Kilphedir,Helmsdale,551.4,58.141,-3.70295,299839,918163,SEPA-NW,VA
75,345,2.02,1.0572,2001,309.36,384.74,Gumbel,171,1,171,0,Helmsdale at Kilphedir,Helmsdale,551.4,58.141,-3.70295,299839,918163,SEPA-NW,VA
100,357,2.09,1.0604,2001,318.23,400.49,Gumbel,171,1,171,0,Helmsdale at Kilphedir,Helmsdale,551.4,58.141,-3.70295,299839,918163,SEPA-NW,VA
200,388,2.27,1.0691,2001,340.37,442.29,Gumbel,171,1,171,0,Helmsdale at Kilphedir,Helmsdale,551.4,58.141,-3.70295,299839,918163,SEPA-NW,VA
500,429,2.51,1.0825,2001,367.26,501.11,Gumbel,171,1,171,0,Helmsdale at Kilphedir,Helmsdale,551.4,58.141,-3.70295,299839,918163,SEPA-NW,VA
1000,459,2.68,1.094,2001,384.89,547.38,Gumbel,171,1,171,0,Helmsdale at Kilphedir,Helmsdale,551.4,58.141,-3.70295,299839,918163,SEPA-NW,VA
2,157,1,1.0634,2002,139.18,177.1,Gumbel,157,1.0002,156.967,2e-4,Brora at Bruachrobie,Brora,434.4,58.01056,-3.87757,289156,903916,SEPA-NW,VA
5,203,1.29,1.0642,2002,179.69,229.33,Gumbel,157,1.0002,156.967,2e-4,Brora at Bruachrobie,Brora,434.4,58.01056,-3.87757,289156,903916,SEPA-NW,VA
10,233,1.49,1.066,2002,205.57,264.09,Gumbel,157,1.0002,156.967,2e-4,Brora at Bruachrobie,Brora,434.4,58.01056,-3.87757,289156,903916,SEPA-NW,VA
20,262,1.67,1.0691,2002,229.84,298.66,Gumbel,157,1.0002,156.967,2e-4,Brora at Bruachrobie,Brora,434.4,58.01056,-3.87757,289156,903916,SEPA-NW,VA
30,279,1.78,1.0715,2002,243.68,319.44,Gumbel,157,1.0002,156.967,2e-4,Brora at Bruachrobie,Brora,434.4,58.01056,-3.87757,289156,903916,SEPA-NW,VA
50,300,1.91,1.0753,2002,260.21,345.88,Gumbel,157,1.0002,156.967,2e-4,Brora at Bruachrobie,Brora,434.4,58.01056,-3.87757,289156,903916,SEPA-NW,VA
75,317,2.02,1.0789,2002,273.16,367.88,Gumbel,157,1.0002,156.967,2e-4,Brora at Bruachrobie,Brora,434.4,58.01056,-3.87757,289156,903916,SEPA-NW,VA
100,328,2.09,1.0818,2002,281.15,382.65,Gumbel,157,1.0002,156.967,2e-4,Brora at Bruachrobie,Brora,434.4,58.01056,-3.87757,289156,903916,SEPA-NW,VA
200,356,2.27,1.0898,2002,300.78,421.36,Gumbel,157,1.0002,156.967,2e-4,Brora at Bruachrobie,Brora,434.4,58.01056,-3.87757,289156,903916,SEPA-NW,VA
500,394,2.51,1.1028,2002,325.24,477.3,Gumbel,157,1.0002,156.967,2e-4,Brora at Bruachrobie,Brora,434.4,58.01056,-3.87757,289156,903916,SEPA-NW,VA
1000,422,2.69,1.1141,2002,341.46,521.54,Gumbel,157,1.0002,156.967,2e-4,Brora at Bruachrobie,Brora,434.4,58.01056,-3.87757,289156,903916,SEPA-NW,VA
2,178,1,1.0538,3002,160.63,197.25,GEV,178,1,178,0,Carron at Sgodachail,Carron,241.1,57.89321,-4.54668,249136,892152,SEPA-NW,VA
5,227,1.28,1.0536,3002,204.92,251.46,GEV,178,1,178,0,Carron at Sgodachail,Carron,241.1,57.89321,-4.54668,249136,892152,SEPA-NW,VA
10,261,1.46,1.0545,3002,235.22,289.61,GEV,178,1,178,0,Carron at Sgodachail,Carron,241.1,57.89321,-4.54668,249136,892152,SEPA-NW,VA
20,294,1.65,1.0565,3002,263.98,327.44,GEV,178,1,178,0,Carron at Sgodachail,Carron,241.1,57.89321,-4.54668,249136,892152,SEPA-NW,VA
30,313,1.76,1.0583,3002,280.1,349.77,GEV,178,1,178,0,Carron at Sgodachail,Carron,241.1,57.89321,-4.54668,249136,892152,SEPA-NW,VA
50,337,1.9,1.0611,3002,300.02,378.54,GEV,178,1,178,0,Carron at Sgodachail,Carron,241.1,57.89321,-4.54668,249136,892152,SEPA-NW,VA
75,357,2.01,1.0639,3002,316.19,403.08,GEV,178,1,178,0,Carron at Sgodachail,Carron,241.1,57.89321,-4.54668,249136,892152,SEPA-NW,VA
100,371,2.09,1.0662,3002,327.2,420.67,GEV,178,1,178,0,Carron at Sgodachail,Carron,241.1,57.89321,-4.54668,249136,892152,SEPA-NW,VA
200,406,2.28,1.0728,3002,353.76,465.95,GEV,178,1,178,0,Carron at Sgodachail,Carron,241.1,57.89321,-4.54668,249136,892152,SEPA-NW,VA
500,452,2.54,1.0836,3002,386.18,529.03,GEV,178,1,178,0,Carron at Sgodachail,Carron,241.1,57.89321,-4.54668,249136,892152,SEPA-NW,VA
1000,488,2.74,1.0931,3002,409.87,581.02,GEV,178,1,178,0,Carron at Sgodachail,Carron,241.1,57.89321,-4.54668,249136,892152,SEPA-NW,VA
2,350,1,1.053,3003,316.31,387.28,GEV,350,1,350,0,Oykel at Easter Turnaig,Oykel,330.7,57.96185,-4.70086,240305,900145,SEPA-NW,VA
5,451,1.29,1.0526,3003,407.89,498.67,GEV,350,1,350,0,Oykel at Easter Turnaig,Oykel,330.7,57.96185,-4.70086,240305,900145,SEPA-NW,VA
10,520,1.49,1.0535,3003,469.5,575.93,GEV,350,1,350,0,Oykel at Easter Turnaig,Oykel,330.7,57.96185,-4.70086,240305,900145,SEPA-NW,VA
20,588,1.68,1.0556,3003,528.83,653.79,GEV,350,1,350,0,Oykel at Easter Turnaig,Oykel,330.7,57.96185,-4.70086,240305,900145,SEPA-NW,VA
30,628,1.79,1.0574,3003,562.93,700.6,GEV,350,1,350,0,Oykel at Easter Turnaig,Oykel,330.7,57.96185,-4.70086,240305,900145,SEPA-NW,VA
50,679,1.94,1.0603,3003,605.38,761.57,GEV,350,1,350,0,Oykel at Easter Turnaig,Oykel,330.7,57.96185,-4.70086,240305,900145,SEPA-NW,VA
75,719,2.06,1.0632,3003,637.62,810.76,GEV,350,1,350,0,Oykel at Easter Turnaig,Oykel,330.7,57.96185,-4.70086,240305,900145,SEPA-NW,VA
100,748,2.14,1.0656,3003,660.42,847.2,GEV,350,1,350,0,Oykel at Easter Turnaig,Oykel,330.7,57.96185,-4.70086,240305,900145,SEPA-NW,VA
200,820,2.34,1.0722,3003,715.28,940.06,GEV,350,1,350,0,Oykel at Easter Turnaig,Oykel,330.7,57.96185,-4.70086,240305,900145,SEPA-NW,VA
500,917,2.62,1.0831,3003,784.19,1072.31,GEV,350,1,350,0,Oykel at Easter Turnaig,Oykel,330.7,57.96185,-4.70086,240305,900145,SEPA-NW,VA
1000,992,2.83,1.0928,3003,833.63,1180.46,GEV,350,1,350,0,Oykel at Easter Turnaig,Oykel,330.7,57.96185,-4.70086,240305,900145,SEPA-NW,VA
2,178,1,1.0732,3004,154.98,204.43,Kappa3,178,1.0001,177.98,1e-4,Cassley at Rosehall,Cassley,187.79,57.9821,-4.58615,247176,902133,SEPA-NW,VA
5,233,1.31,1.0728,3004,203.02,267.41,Kappa3,178,1.0001,177.98,1e-4,Cassley at Rosehall,Cassley,187.79,57.9821,-4.58615,247176,902133,SEPA-NW,VA
10,273,1.53,1.0736,3004,237.53,313.77,Kappa3,178,1.0001,177.98,1e-4,Cassley at Rosehall,Cassley,187.79,57.9821,-4.58615,247176,902133,SEPA-NW,VA
20,317,1.78,1.0754,3004,274.9,365.54,Kappa3,178,1.0001,177.98,1e-4,Cassley at Rosehall,Cassley,187.79,57.9821,-4.58615,247176,902133,SEPA-NW,VA
30,344,1.93,1.0771,3004,297.4,397.91,Kappa3,178,1.0001,177.98,1e-4,Cassley at Rosehall,Cassley,187.79,57.9821,-4.58615,247176,902133,SEPA-NW,VA
50,381,2.14,1.0799,3004,327.71,442.95,Kappa3,178,1.0001,177.98,1e-4,Cassley at Rosehall,Cassley,187.79,57.9821,-4.58615,247176,902133,SEPA-NW,VA
75,412,2.32,1.0826,3004,352.65,481.34,Kappa3,178,1.0001,177.98,1e-4,Cassley at Rosehall,Cassley,187.79,57.9821,-4.58615,247176,902133,SEPA-NW,VA
100,436,2.45,1.0849,3004,371.64,511.51,Kappa3,178,1.0001,177.98,1e-4,Cassley at Rosehall,Cassley,187.79,57.9821,-4.58615,247176,902133,SEPA-NW,VA
200,497,2.79,1.0913,3004,418.78,589.83,Kappa3,178,1.0001,177.98,1e-4,Cassley at Rosehall,Cassley,187.79,57.9821,-4.58615,247176,902133,SEPA-NW,VA
500,590,3.31,1.102,3004,487.73,713.72,Kappa3,178,1.0001,177.98,1e-4,Cassley at Rosehall,Cassley,187.79,57.9821,-4.58615,247176,902133,SEPA-NW,VA
1000,670,3.77,1.1116,3004,544.52,824.39,Kappa3,178,1.0001,177.98,1e-4,Cassley at Rosehall,Cassley,187.79,57.9821,-4.58615,247176,902133,SEPA-NW,VA
2,102,1,1.0696,4005,89.4,116.38,GEV,102,1,102,0,Meig at Glenmeanie,Meig,120.5,57.53261,-4.86377,228649,852780,SEPA-NW,VA
5,132,1.3,1.0719,4005,115.21,151.24,GEV,102,1,102,0,Meig at Glenmeanie,Meig,120.5,57.53261,-4.86377,228649,852780,SEPA-NW,VA
10,153,1.5,1.0745,4005,132.9,176.14,GEV,102,1,102,0,Meig at Glenmeanie,Meig,120.5,57.53261,-4.86377,228649,852780,SEPA-NW,VA
20,173,1.7,1.0781,4005,149.29,200.47,GEV,102,1,102,0,Meig at Glenmeanie,Meig,120.5,57.53261,-4.86377,228649,852780,SEPA-NW,VA
30,186,1.82,1.0808,4005,159.72,216.6,GEV,102,1,102,0,Meig at Glenmeanie,Meig,120.5,57.53261,-4.86377,228649,852780,SEPA-NW,VA
50,201,1.97,1.0848,4005,171.36,235.77,GEV,102,1,102,0,Meig at Glenmeanie,Meig,120.5,57.53261,-4.86377,228649,852780,SEPA-NW,VA
75,213,2.09,1.0885,4005,180.38,251.51,GEV,102,1,102,0,Meig at Glenmeanie,Meig,120.5,57.53261,-4.86377,228649,852780,SEPA-NW,VA
100,222,2.18,1.0915,4005,186.99,263.56,GEV,102,1,102,0,Meig at Glenmeanie,Meig,120.5,57.53261,-4.86377,228649,852780,SEPA-NW,VA
200,244,2.39,1.0996,4005,202.57,293.91,GEV,102,1,102,0,Meig at Glenmeanie,Meig,120.5,57.53261,-4.86377,228649,852780,SEPA-NW,VA
500,274,2.69,1.1124,4005,222.37,337.62,GEV,102,1,102,0,Meig at Glenmeanie,Meig,120.5,57.53261,-4.86377,228649,852780,SEPA-NW,VA
1000,297,2.91,1.1236,4005,236.35,373.21,GEV,102,1,102,0,Meig at Glenmeanie,Meig,120.5,57.53261,-4.86377,228649,852780,SEPA-NW,VA
2,84.4,1,1.0358,4006,78.78,90.42,Kappa3,84.4,1.0001,84.392,1e-4,Bran at Dosmucheran,Bran,116.1,57.59587,-5.00577,220463,860186,SEPA-NW,VA
5,110,1.3,1.0368,4006,102.48,118.07,Kappa3,84.4,1.0001,84.392,1e-4,Bran at Dosmucheran,Bran,116.1,57.59587,-5.00577,220463,860186,SEPA-NW,VA
10,128,1.52,1.0397,4006,118.6,138.15,Kappa3,84.4,1.0001,84.392,1e-4,Bran at Dosmucheran,Bran,116.1,57.59587,-5.00577,220463,860186,SEPA-NW,VA
20,147,1.74,1.0443,4006,135.03,160.03,Kappa3,84.4,1.0001,84.392,1e-4,Bran at Dosmucheran,Bran,116.1,57.59587,-5.00577,220463,860186,SEPA-NW,VA
30,159,1.88,1.0478,4006,145.09,174.24,Kappa3,84.4,1.0001,84.392,1e-4,Bran at Dosmucheran,Bran,116.1,57.59587,-5.00577,220463,860186,SEPA-NW,VA
50,175,2.07,1.053,4006,158.15,193.64,Kappa3,84.4,1.0001,84.392,1e-4,Bran at Dosmucheran,Bran,116.1,57.59587,-5.00577,220463,860186,SEPA-NW,VA
75,188,2.23,1.0576,4006,168.46,209.81,Kappa3,84.4,1.0001,84.392,1e-4,Bran at Dosmucheran,Bran,116.1,57.59587,-5.00577,220463,860186,SEPA-NW,VA
100,198,2.34,1.0613,4006,176.21,222.49,Kappa3,84.4,1.0001,84.392,1e-4,Bran at Dosmucheran,Bran,116.1,57.59587,-5.00577,220463,860186,SEPA-NW,VA
200,223,2.64,1.0709,4006,194.98,255.04,Kappa3,84.4,1.0001,84.392,1e-4,Bran at Dosmucheran,Bran,116.1,57.59587,-5.00577,220463,860186,SEPA-NW,VA
500,260,3.08,1.0855,4006,221.38,305.36,Kappa3,84.4,1.0001,84.392,1e-4,Bran at Dosmucheran,Bran,116.1,57.59587,-5.00577,220463,860186,SEPA-NW,VA
1000,292,3.45,1.0976,4006,243.28,350.47,Kappa3,84.4,1.0001,84.392,1e-4,Bran at Dosmucheran,Bran,116.1,57.59587,-5.00577,220463,860186,SEPA-NW,VA
2,385,1,1.04,6007,356.51,415.76,GEV,385,1.0005,384.822,4e-4,Ness at Ness-side,Ness,1839.1,57.45454,-4.25985,264507,842726,SEPA-NW,VA
5,499,1.3,1.0416,6007,460.69,540.5,GEV,385,1.0005,384.822,4e-4,Ness at Ness-side,Ness,1839.1,57.45454,-4.25985,264507,842726,SEPA-NW,VA
10,580,1.51,1.045,6007,532.06,632.26,GEV,385,1.0005,384.822,4e-4,Ness at Ness-side,Ness,1839.1,57.45454,-4.25985,264507,842726,SEPA-NW,VA
20,663,1.72,1.0503,6007,602.2,729.94,GEV,385,1.0005,384.822,4e-4,Ness at Ness-side,Ness,1839.1,57.45454,-4.25985,264507,842726,SEPA-NW,VA
30,714,1.85,1.0544,6007,643.59,792.12,GEV,385,1.0005,384.822,4e-4,Ness at Ness-side,Ness,1839.1,57.45454,-4.25985,264507,842726,SEPA-NW,VA
50,779,2.02,1.0605,6007,694.28,874.05,GEV,385,1.0005,384.822,4e-4,Ness at Ness-side,Ness,1839.1,57.45454,-4.25985,264507,842726,SEPA-NW,VA
75,832,2.16,1.0661,6007,733.9,943.21,GEV,385,1.0005,384.822,4e-4,Ness at Ness-side,Ness,1839.1,57.45454,-4.25985,264507,842726,SEPA-NW,VA
100,871,2.26,1.0704,6007,762.27,995.24,GEV,385,1.0005,384.822,4e-4,Ness at Ness-side,Ness,1839.1,57.45454,-4.25985,264507,842726,SEPA-NW,VA
200,969,2.52,1.082,6007,830.31,1130.86,GEV,385,1.0005,384.822,4e-4,Ness at Ness-side,Ness,1839.1,57.45454,-4.25985,264507,842726,SEPA-NW,VA
500,1110,2.87,1.0996,6007,921.52,1337.04,GEV,385,1.0005,384.822,4e-4,Ness at Ness-side,Ness,1839.1,57.45454,-4.25985,264507,842726,SEPA-NW,VA
1000,1220,3.16,1.1145,6007,986.47,1508.82,GEV,385,1.0005,384.822,4e-4,Ness at Ness-side,Ness,1839.1,57.45454,-4.25985,264507,842726,SEPA-NW,VA
2,32.3,1,1.0938,6012,27.09,38.51,GEV,32.3,1,32.3,0,Enrick at White Bridge,Enrick,56.2,57.3335,-4.67308,239190,830158,SEPA-NW,VA
5,42,1.3,1.0934,6012,35.26,50.03,GEV,32.3,1,32.3,0,Enrick at White Bridge,Enrick,56.2,57.3335,-4.67308,239190,830158,SEPA-NW,VA
10,48.6,1.51,1.0938,6012,40.77,57.94,GEV,32.3,1,32.3,0,Enrick at White Bridge,Enrick,56.2,57.3335,-4.67308,239190,830158,SEPA-NW,VA
20,55.2,1.71,1.0949,6012,46.21,65.93,GEV,32.3,1,32.3,0,Enrick at White Bridge,Enrick,56.2,57.3335,-4.67308,239190,830158,SEPA-NW,VA
30,59,1.83,1.096,6012,49.3,70.61,GEV,32.3,1,32.3,0,Enrick at White Bridge,Enrick,56.2,57.3335,-4.67308,239190,830158,SEPA-NW,VA
50,63.8,1.98,1.0978,6012,53.14,76.6,GEV,32.3,1,32.3,0,Enrick at White Bridge,Enrick,56.2,57.3335,-4.67308,239190,830158,SEPA-NW,VA
75,67.8,2.1,1.0997,6012,56.28,81.68,GEV,32.3,1,32.3,0,Enrick at White Bridge,Enrick,56.2,57.3335,-4.67308,239190,830158,SEPA-NW,VA
100,70.5,2.18,1.1013,6012,58.35,85.18,GEV,32.3,1,32.3,0,Enrick at White Bridge,Enrick,56.2,57.3335,-4.67308,239190,830158,SEPA-NW,VA
200,77.4,2.4,1.1058,6012,63.55,94.26,GEV,32.3,1,32.3,0,Enrick at White Bridge,Enrick,56.2,57.3335,-4.67308,239190,830158,SEPA-NW,VA
500,86.7,2.68,1.1138,6012,70.19,107.09,GEV,32.3,1,32.3,0,Enrick at White Bridge,Enrick,56.2,57.3335,-4.67308,239190,830158,SEPA-NW,VA
1000,93.9,2.91,1.1211,6012,75.05,117.48,GEV,32.3,1,32.3,0,Enrick at White Bridge,Enrick,56.2,57.3335,-4.67308,239190,830158,SEPA-NW,VA
2,274,1,1.0341,7001,256.57,292.61,Gumbel,274,1.0004,273.901,3e-4,Findhorn at Shenachie,Findhorn,415.6,57.37717,-3.95482,282558,833548,SEPA-NW,VA
5,347,1.27,1.0352,7001,324.25,371.34,Gumbel,274,1.0004,273.901,3e-4,Findhorn at Shenachie,Findhorn,415.6,57.37717,-3.95482,282558,833548,SEPA-NW,VA
10,396,1.45,1.0374,7001,368.5,425.55,Gumbel,274,1.0004,273.901,3e-4,Findhorn at Shenachie,Findhorn,415.6,57.37717,-3.95482,282558,833548,SEPA-NW,VA
20,443,1.62,1.041,7001,409.45,479.3,Gumbel,274,1.0004,273.901,3e-4,Findhorn at Shenachie,Findhorn,415.6,57.37717,-3.95482,282558,833548,SEPA-NW,VA
30,469,1.71,1.0438,7001,431.2,510.11,Gumbel,274,1.0004,273.901,3e-4,Findhorn at Shenachie,Findhorn,415.6,57.37717,-3.95482,282558,833548,SEPA-NW,VA
50,503,1.84,1.0482,7001,458.67,551.62,Gumbel,274,1.0004,273.901,3e-4,Findhorn at Shenachie,Findhorn,415.6,57.37717,-3.95482,282558,833548,SEPA-NW,VA
75,529,1.93,1.0522,7001,478.79,584.48,Gumbel,274,1.0004,273.901,3e-4,Findhorn at Shenachie,Findhorn,415.6,57.37717,-3.95482,282558,833548,SEPA-NW,VA
100,548,2,1.0554,7001,493.04,609.09,Gumbel,274,1.0004,273.901,3e-4,Findhorn at Shenachie,Findhorn,415.6,57.37717,-3.95482,282558,833548,SEPA-NW,VA
200,593,2.16,1.0641,7001,525.01,669.79,Gumbel,274,1.0004,273.901,3e-4,Findhorn at Shenachie,Findhorn,415.6,57.37717,-3.95482,282558,833548,SEPA-NW,VA
500,653,2.38,1.0775,7001,564.12,755.88,Gumbel,274,1.0004,273.901,3e-4,Findhorn at Shenachie,Findhorn,415.6,57.37717,-3.95482,282558,833548,SEPA-NW,VA
1000,697,2.55,1.089,7001,589.74,823.77,Gumbel,274,1.0004,273.901,3e-4,Findhorn at Shenachie,Findhorn,415.6,57.37717,-3.95482,282558,833548,SEPA-NW,VA
2,352,1,1.0667,7002,310.16,399.49,GEV,352,1.0004,351.872,3e-4,Findhorn at Forres,Findhorn,781.9,57.60477,-3.64408,301853,858387,SEPA-NW,VA
5,464,1.32,1.0667,7002,408.84,526.6,GEV,352,1.0004,351.872,3e-4,Findhorn at Forres,Findhorn,781.9,57.60477,-3.64408,301853,858387,SEPA-NW,VA
10,543,1.54,1.0677,7002,477.57,617.39,GEV,352,1.0004,351.872,3e-4,Findhorn at Forres,Findhorn,781.9,57.60477,-3.64408,301853,858387,SEPA-NW,VA
20,622,1.77,1.07,7002,544.75,710.2,GEV,352,1.0004,351.872,3e-4,Findhorn at Forres,Findhorn,781.9,57.60477,-3.64408,301853,858387,SEPA-NW,VA
30,669,1.9,1.072,7002,583.77,766.67,GEV,352,1.0004,351.872,3e-4,Findhorn at Forres,Findhorn,781.9,57.60477,-3.64408,301853,858387,SEPA-NW,VA
50,730,2.07,1.0754,7002,633.06,841.78,GEV,352,1.0004,351.872,3e-4,Findhorn at Forres,Findhorn,781.9,57.60477,-3.64408,301853,858387,SEPA-NW,VA
75,780,2.22,1.0788,7002,672.25,905.02,GEV,352,1.0004,351.872,3e-4,Findhorn at Forres,Findhorn,781.9,57.60477,-3.64408,301853,858387,SEPA-NW,VA
100,816,2.32,1.0816,7002,699.71,951.61,GEV,352,1.0004,351.872,3e-4,Findhorn at Forres,Findhorn,781.9,57.60477,-3.64408,301853,858387,SEPA-NW,VA
200,905,2.57,1.0897,7002,764.76,1070.95,GEV,352,1.0004,351.872,3e-4,Findhorn at Forres,Findhorn,781.9,57.60477,-3.64408,301853,858387,SEPA-NW,VA
500,1030,2.92,1.1031,7002,849.79,1248.42,GEV,352,1.0004,351.872,3e-4,Findhorn at Forres,Findhorn,781.9,57.60477,-3.64408,301853,858387,SEPA-NW,VA
1000,1130,3.2,1.115,7002,912.89,1398.74,GEV,352,1.0004,351.872,3e-4,Findhorn at Forres,Findhorn,781.9,57.60477,-3.64408,301853,858387,SEPA-NW,VA
2,41.6,1,1.0922,7003,35,49.45,Gumbel,41.6,1.0038,41.441,0.0019,Lossie at Sheriffmills,Lossie,216,57.64637,-3.35193,319402,862632,SEPA-NW,VA
5,58.6,1.41,1.0911,7003,49.4,69.52,Gumbel,41.6,1.0038,41.441,0.0019,Lossie at Sheriffmills,Lossie,216,57.64637,-3.35193,319402,862632,SEPA-NW,VA
10,69.9,1.68,1.0919,7003,58.84,83.05,Gumbel,41.6,1.0038,41.441,0.0019,Lossie at Sheriffmills,Lossie,216,57.64637,-3.35193,319402,862632,SEPA-NW,VA
20,80.7,1.94,1.0942,7003,67.65,96.27,Gumbel,41.6,1.0038,41.441,0.0019,Lossie at Sheriffmills,Lossie,216,57.64637,-3.35193,319402,862632,SEPA-NW,VA
30,86.9,2.09,1.0963,7003,72.57,104.06,Gumbel,41.6,1.0038,41.441,0.0019,Lossie at Sheriffmills,Lossie,216,57.64637,-3.35193,319402,862632,SEPA-NW,VA
50,94.7,2.28,1.0997,7003,78.61,114.09,Gumbel,41.6,1.0038,41.441,0.0019,Lossie at Sheriffmills,Lossie,216,57.64637,-3.35193,319402,862632,SEPA-NW,VA
75,101,2.42,1.1032,7003,83.31,122.44,Gumbel,41.6,1.0038,41.441,0.0019,Lossie at Sheriffmills,Lossie,216,57.64637,-3.35193,319402,862632,SEPA-NW,VA
100,105,2.53,1.106,7003,86.18,127.92,Gumbel,41.6,1.0038,41.441,0.0019,Lossie at Sheriffmills,Lossie,216,57.64637,-3.35193,319402,862632,SEPA-NW,VA
200,116,2.78,1.1139,7003,93.89,143.31,Gumbel,41.6,1.0038,41.441,0.0019,Lossie at Sheriffmills,Lossie,216,57.64637,-3.35193,319402,862632,SEPA-NW,VA
500,129,3.11,1.1271,7003,102.03,163.09,Gumbel,41.6,1.0038,41.441,0.0019,Lossie at Sheriffmills,Lossie,216,57.64637,-3.35193,319402,862632,SEPA-NW,VA
1000,140,3.36,1.1388,7003,108.52,180.62,Gumbel,41.6,1.0038,41.441,0.0019,Lossie at Sheriffmills,Lossie,216,57.64637,-3.35193,319402,862632,SEPA-NW,VA
2,97.2,1,1.0965,7004,81.14,116.43,Gumbel,97.2,1.0032,96.891,0.0018,Nairn at Firhall,Nairn,313,57.57173,-3.87026,288238,855059,SEPA-NW,VA
5,136,1.4,1.0972,7004,113.39,163.12,Gumbel,97.2,1.0032,96.891,0.0018,Nairn at Firhall,Nairn,313,57.57173,-3.87026,288238,855059,SEPA-NW,VA
10,161,1.66,1.0996,7004,133.66,193.93,Gumbel,97.2,1.0032,96.891,0.0018,Nairn at Firhall,Nairn,313,57.57173,-3.87026,288238,855059,SEPA-NW,VA
20,186,1.91,1.1036,7004,153.32,225.64,Gumbel,97.2,1.0032,96.891,0.0018,Nairn at Firhall,Nairn,313,57.57173,-3.87026,288238,855059,SEPA-NW,VA
30,200,2.06,1.1068,7004,163.93,244.01,Gumbel,97.2,1.0032,96.891,0.0018,Nairn at Firhall,Nairn,313,57.57173,-3.87026,288238,855059,SEPA-NW,VA
50,218,2.24,1.1117,7004,177.14,268.28,Gumbel,97.2,1.0032,96.891,0.0018,Nairn at Firhall,Nairn,313,57.57173,-3.87026,288238,855059,SEPA-NW,VA
75,231,2.38,1.1164,7004,186.16,286.64,Gumbel,97.2,1.0032,96.891,0.0018,Nairn at Firhall,Nairn,313,57.57173,-3.87026,288238,855059,SEPA-NW,VA
100,241,2.48,1.12,7004,193,300.94,Gumbel,97.2,1.0032,96.891,0.0018,Nairn at Firhall,Nairn,313,57.57173,-3.87026,288238,855059,SEPA-NW,VA
200,265,2.73,1.1302,7004,208.48,336.85,Gumbel,97.2,1.0032,96.891,0.0018,Nairn at Firhall,Nairn,313,57.57173,-3.87026,288238,855059,SEPA-NW,VA
500,296,3.05,1.1462,7004,226.54,386.76,Gumbel,97.2,1.0032,96.891,0.0018,Nairn at Firhall,Nairn,313,57.57173,-3.87026,288238,855059,SEPA-NW,VA
1000,320,3.29,1.1602,7004,239.15,428.19,Gumbel,97.2,1.0032,96.891,0.0018,Nairn at Firhall,Nairn,313,57.57173,-3.87026,288238,855059,SEPA-NW,VA
2,64.4,1,1.1049,7005,52.96,78.31,Gumbel,64.4,1.0001,64.393,1e-4,Divie at Dunphail,Divie,165,57.51151,-3.66179,300541,848032,SEPA-NW,VA
5,87.2,1.35,1.1054,7005,71.65,106.12,Gumbel,64.4,1.0001,64.393,1e-4,Divie at Dunphail,Divie,165,57.51151,-3.66179,300541,848032,SEPA-NW,VA
10,102,1.59,1.107,7005,83.57,124.49,Gumbel,64.4,1.0001,64.393,1e-4,Divie at Dunphail,Divie,165,57.51151,-3.66179,300541,848032,SEPA-NW,VA
20,117,1.81,1.1096,7005,95.42,143.45,Gumbel,64.4,1.0001,64.393,1e-4,Divie at Dunphail,Divie,165,57.51151,-3.66179,300541,848032,SEPA-NW,VA
30,125,1.94,1.1117,7005,101.57,153.83,Gumbel,64.4,1.0001,64.393,1e-4,Divie at Dunphail,Divie,165,57.51151,-3.66179,300541,848032,SEPA-NW,VA
50,135,2.1,1.1149,7005,109.08,167.08,Gumbel,64.4,1.0001,64.393,1e-4,Divie at Dunphail,Divie,165,57.51151,-3.66179,300541,848032,SEPA-NW,VA
75,144,2.23,1.118,7005,115.72,179.19,Gumbel,64.4,1.0001,64.393,1e-4,Divie at Dunphail,Divie,165,57.51151,-3.66179,300541,848032,SEPA-NW,VA
100,150,2.32,1.1204,7005,120.04,187.44,Gumbel,64.4,1.0001,64.393,1e-4,Divie at Dunphail,Divie,165,57.51151,-3.66179,300541,848032,SEPA-NW,VA
200,163,2.54,1.1273,7005,128.88,206.15,Gumbel,64.4,1.0001,64.393,1e-4,Divie at Dunphail,Divie,165,57.51151,-3.66179,300541,848032,SEPA-NW,VA
500,182,2.83,1.1386,7005,141.12,234.72,Gumbel,64.4,1.0001,64.393,1e-4,Divie at Dunphail,Divie,165,57.51151,-3.66179,300541,848032,SEPA-NW,VA
1000,196,3.04,1.1487,7005,149.37,257.19,Gumbel,64.4,1.0001,64.393,1e-4,Divie at Dunphail,Divie,165,57.51151,-3.66179,300541,848032,SEPA-NW,VA
2,7.49,1,1.1484,7009,5.71,9.82,GEV,7.49,1.0004,7.487,2e-4,Mosset Burn at Wardend Bridge,Mosset Burn,28.3,57.58239,-3.60834,303930,855845,SEPA-NW,VA
5,11.7,1.56,1.1486,7009,8.92,15.35,GEV,7.49,1.0004,7.487,2e-4,Mosset Burn at Wardend Bridge,Mosset Burn,28.3,57.58239,-3.60834,303930,855845,SEPA-NW,VA
10,14.6,1.95,1.1494,7009,11.11,19.18,GEV,7.49,1.0004,7.487,2e-4,Mosset Burn at Wardend Bridge,Mosset Burn,28.3,57.58239,-3.60834,303930,855845,SEPA-NW,VA
20,17.7,2.36,1.1509,7009,13.44,23.31,GEV,7.49,1.0004,7.487,2e-4,Mosset Burn at Wardend Bridge,Mosset Burn,28.3,57.58239,-3.60834,303930,855845,SEPA-NW,VA
30,19.5,2.61,1.1523,7009,14.77,25.75,GEV,7.49,1.0004,7.487,2e-4,Mosset Burn at Wardend Bridge,Mosset Burn,28.3,57.58239,-3.60834,303930,855845,SEPA-NW,VA
50,21.9,2.93,1.1545,7009,16.53,29.02,GEV,7.49,1.0004,7.487,2e-4,Mosset Burn at Wardend Bridge,Mosset Burn,28.3,57.58239,-3.60834,303930,855845,SEPA-NW,VA
75,23.9,3.19,1.1566,7009,17.97,31.79,GEV,7.49,1.0004,7.487,2e-4,Mosset Burn at Wardend Bridge,Mosset Burn,28.3,57.58239,-3.60834,303930,855845,SEPA-NW,VA
100,25.3,3.38,1.1584,7009,18.97,33.75,GEV,7.49,1.0004,7.487,2e-4,Mosset Burn at Wardend Bridge,Mosset Burn,28.3,57.58239,-3.60834,303930,855845,SEPA-NW,VA
200,28.9,3.86,1.1635,7009,21.48,38.89,GEV,7.49,1.0004,7.487,2e-4,Mosset Burn at Wardend Bridge,Mosset Burn,28.3,57.58239,-3.60834,303930,855845,SEPA-NW,VA
500,34,4.54,1.1721,7009,24.91,46.41,GEV,7.49,1.0004,7.487,2e-4,Mosset Burn at Wardend Bridge,Mosset Burn,28.3,57.58239,-3.60834,303930,855845,SEPA-NW,VA
1000,38.1,5.09,1.1801,7009,27.54,52.71,GEV,7.49,1.0004,7.487,2e-4,Mosset Burn at Wardend Bridge,Mosset Burn,28.3,57.58239,-3.60834,303930,855845,SEPA-NW,VA
2,17.7,1,1.1285,7010,13.97,22.43,Kappa3,17.7,1.001,17.682,5e-4,Muckle Burn at Brodie,Muckle Burn,80.68,57.59245,-3.70888,297947,857111,SEPA-NW,VA
5,25.5,1.44,1.1285,7010,20.12,32.32,Kappa3,17.7,1.001,17.682,5e-4,Muckle Burn at Brodie,Muckle Burn,80.68,57.59245,-3.70888,297947,857111,SEPA-NW,VA
10,31.1,1.76,1.1298,7010,24.48,39.5,Kappa3,17.7,1.001,17.682,5e-4,Muckle Burn at Brodie,Muckle Burn,80.68,57.59245,-3.70888,297947,857111,SEPA-NW,VA
20,36.8,2.08,1.1321,7010,28.86,46.93,Kappa3,17.7,1.001,17.682,5e-4,Muckle Burn at Brodie,Muckle Burn,80.68,57.59245,-3.70888,297947,857111,SEPA-NW,VA
30,40.4,2.28,1.1339,7010,31.58,51.68,Kappa3,17.7,1.001,17.682,5e-4,Muckle Burn at Brodie,Muckle Burn,80.68,57.59245,-3.70888,297947,857111,SEPA-NW,VA
50,45,2.54,1.1368,7010,35,57.86,Kappa3,17.7,1.001,17.682,5e-4,Muckle Burn at Brodie,Muckle Burn,80.68,57.59245,-3.70888,297947,857111,SEPA-NW,VA
75,48.9,2.76,1.1394,7010,37.86,63.15,Kappa3,17.7,1.001,17.682,5e-4,Muckle Burn at Brodie,Muckle Burn,80.68,57.59245,-3.70888,297947,857111,SEPA-NW,VA
100,51.7,2.92,1.1416,7010,39.88,67.02,Kappa3,17.7,1.001,17.682,5e-4,Muckle Burn at Brodie,Muckle Burn,80.68,57.59245,-3.70888,297947,857111,SEPA-NW,VA
200,59,3.33,1.1475,7010,45.05,77.26,Kappa3,17.7,1.001,17.682,5e-4,Muckle Burn at Brodie,Muckle Burn,80.68,57.59245,-3.70888,297947,857111,SEPA-NW,VA
500,69.6,3.93,1.1572,7010,52.28,92.66,Kappa3,17.7,1.001,17.682,5e-4,Muckle Burn at Brodie,Muckle Burn,80.68,57.59245,-3.70888,297947,857111,SEPA-NW,VA
1000,78.4,4.43,1.1658,7010,58.04,105.9,Kappa3,17.7,1.001,17.682,5e-4,Muckle Burn at Brodie,Muckle Burn,80.68,57.59245,-3.70888,297947,857111,SEPA-NW,VA
2,4.75,1,1.3127,7011,2.79,8.1,GEV,4.75,1.0017,4.742,7e-4,Black Burn at Pluscarden Abbey,Black Burn,36.37,57.59946,-3.43317,314443,857510,SEPA-NW,VA
5,7.24,1.52,1.3122,7011,4.25,12.33,GEV,4.75,1.0017,4.742,7e-4,Black Burn at Pluscarden Abbey,Black Burn,36.37,57.59946,-3.43317,314443,857510,SEPA-NW,VA
10,9.06,1.91,1.313,7011,5.31,15.45,GEV,4.75,1.0017,4.742,7e-4,Black Burn at Pluscarden Abbey,Black Burn,36.37,57.59946,-3.43317,314443,857510,SEPA-NW,VA
20,10.9,2.3,1.3146,7011,6.38,18.63,GEV,4.75,1.0017,4.742,7e-4,Black Burn at Pluscarden Abbey,Black Burn,36.37,57.59946,-3.43317,314443,857510,SEPA-NW,VA
30,12.1,2.55,1.3158,7011,7.07,20.72,GEV,4.75,1.0017,4.742,7e-4,Black Burn at Pluscarden Abbey,Black Burn,36.37,57.59946,-3.43317,314443,857510,SEPA-NW,VA
50,13.6,2.87,1.3179,7011,7.92,23.36,GEV,4.75,1.0017,4.742,7e-4,Black Burn at Pluscarden Abbey,Black Burn,36.37,57.59946,-3.43317,314443,857510,SEPA-NW,VA
75,14.9,3.13,1.3198,7011,8.65,25.67,GEV,4.75,1.0017,4.742,7e-4,Black Burn at Pluscarden Abbey,Black Burn,36.37,57.59946,-3.43317,314443,857510,SEPA-NW,VA
100,15.8,3.32,1.3214,7011,9.15,27.28,GEV,4.75,1.0017,4.742,7e-4,Black Burn at Pluscarden Abbey,Black Burn,36.37,57.59946,-3.43317,314443,857510,SEPA-NW,VA
200,18.1,3.82,1.3259,7011,10.41,31.46,GEV,4.75,1.0017,4.742,7e-4,Black Burn at Pluscarden Abbey,Black Burn,36.37,57.59946,-3.43317,314443,857510,SEPA-NW,VA
500,21.5,4.52,1.3334,7011,12.23,37.79,GEV,4.75,1.0017,4.742,7e-4,Black Burn at Pluscarden Abbey,Black Burn,36.37,57.59946,-3.43317,314443,857510,SEPA-NW,VA
1000,24.2,5.1,1.3402,7011,13.63,42.96,GEV,4.75,1.0017,4.742,7e-4,Black Burn at Pluscarden Abbey,Black Burn,36.37,57.59946,-3.43317,314443,857510,SEPA-NW,VA
2,8.26,1,1.3112,7012,4.86,14.05,GEV,8.26,1,8.26,0,Lossie at Ballachraggan,Lossie,31.6,57.52824,-3.45157,313174,849606,SEPA-NW,VA
5,11.4,1.38,1.3115,7012,6.7,19.4,GEV,8.26,1,8.26,0,Lossie at Ballachraggan,Lossie,31.6,57.52824,-3.45157,313174,849606,SEPA-NW,VA
10,13.7,1.66,1.312,7012,8.05,23.33,GEV,8.26,1,8.26,0,Lossie at Ballachraggan,Lossie,31.6,57.52824,-3.45157,313174,849606,SEPA-NW,VA
20,16,1.94,1.3128,7012,9.39,27.28,GEV,8.26,1,8.26,0,Lossie at Ballachraggan,Lossie,31.6,57.52824,-3.45157,313174,849606,SEPA-NW,VA
30,17.4,2.1,1.3134,7012,10.2,29.69,GEV,8.26,1,8.26,0,Lossie at Ballachraggan,Lossie,31.6,57.52824,-3.45157,313174,849606,SEPA-NW,VA
50,19.2,2.32,1.3144,7012,11.24,32.81,GEV,8.26,1,8.26,0,Lossie at Ballachraggan,Lossie,31.6,57.52824,-3.45157,313174,849606,SEPA-NW,VA
75,20.7,2.5,1.3154,7012,12.1,35.43,GEV,8.26,1,8.26,0,Lossie at Ballachraggan,Lossie,31.6,57.52824,-3.45157,313174,849606,SEPA-NW,VA
100,21.8,2.64,1.3162,7012,12.72,37.35,GEV,8.26,1,8.26,0,Lossie at Ballachraggan,Lossie,31.6,57.52824,-3.45157,313174,849606,SEPA-NW,VA
200,24.5,2.97,1.3186,7012,14.25,42.13,GEV,8.26,1,8.26,0,Lossie at Ballachraggan,Lossie,31.6,57.52824,-3.45157,313174,849606,SEPA-NW,VA
500,28.4,3.43,1.3228,7012,16.41,49.14,GEV,8.26,1,8.26,0,Lossie at Ballachraggan,Lossie,31.6,57.52824,-3.45157,313174,849606,SEPA-NW,VA
1000,31.5,3.81,1.3267,7012,18.1,54.82,GEV,8.26,1,8.26,0,Lossie at Ballachraggan,Lossie,31.6,57.52824,-3.45157,313174,849606,SEPA-NW,VA
2,212,1,1.0531,8004,191.56,234.63,Kappa3,212,1.0008,211.835,6e-4,Avon at Delnashaugh,Avon,542.8,57.39985,-3.35705,318548,835197,SEPA-NW,VA
5,280,1.32,1.0567,8004,251.31,311.96,Kappa3,212,1.0008,211.835,6e-4,Avon at Delnashaugh,Avon,542.8,57.39985,-3.35705,318548,835197,SEPA-NW,VA
10,331,1.56,1.0614,8004,294.51,372.01,Kappa3,212,1.0008,211.835,6e-4,Avon at Delnashaugh,Avon,542.8,57.39985,-3.35705,318548,835197,SEPA-NW,VA
20,386,1.82,1.0679,8004,339.37,439.04,Kappa3,212,1.0008,211.835,6e-4,Avon at Delnashaugh,Avon,542.8,57.39985,-3.35705,318548,835197,SEPA-NW,VA
30,421,1.99,1.0725,8004,367.03,482.9,Kappa3,212,1.0008,211.835,6e-4,Avon at Delnashaugh,Avon,542.8,57.39985,-3.35705,318548,835197,SEPA-NW,VA
50,468,2.21,1.0792,8004,403.06,543.41,Kappa3,212,1.0008,211.835,6e-4,Avon at Delnashaugh,Avon,542.8,57.39985,-3.35705,318548,835197,SEPA-NW,VA
75,509,2.4,1.0852,8004,433.63,597.47,Kappa3,212,1.0008,211.835,6e-4,Avon at Delnashaugh,Avon,542.8,57.39985,-3.35705,318548,835197,SEPA-NW,VA
100,539,2.54,1.0898,8004,455.4,637.95,Kappa3,212,1.0008,211.835,6e-4,Avon at Delnashaugh,Avon,542.8,57.39985,-3.35705,318548,835197,SEPA-NW,VA
200,618,2.92,1.102,8004,510.87,747.59,Kappa3,212,1.0008,211.835,6e-4,Avon at Delnashaugh,Avon,542.8,57.39985,-3.35705,318548,835197,SEPA-NW,VA
500,739,3.49,1.1203,8004,591.49,923.29,Kappa3,212,1.0008,211.835,6e-4,Avon at Delnashaugh,Avon,542.8,57.39985,-3.35705,318548,835197,SEPA-NW,VA
1000,844,3.98,1.1357,8004,657.7,1083.08,Kappa3,212,1.0008,211.835,6e-4,Avon at Delnashaugh,Avon,542.8,57.39985,-3.35705,318548,835197,SEPA-NW,VA
2,172,1,1.1011,8005,142.41,207.73,Gumbel,172,1.0023,171.6,0.0018,Spey at Boat of Garten,Spey,1267.8,57.25139,-3.74703,294691,819208,SEPA-NW,VA
5,229,1.33,1.1012,8005,189.57,276.63,Gumbel,172,1.0023,171.6,0.0018,Spey at Boat of Garten,Spey,1267.8,57.25139,-3.74703,294691,819208,SEPA-NW,VA
10,267,1.55,1.1024,8005,220.56,323.22,Gumbel,172,1.0023,171.6,0.0018,Spey at Boat of Garten,Spey,1267.8,57.25139,-3.74703,294691,819208,SEPA-NW,VA
20,304,1.77,1.1048,8005,250.06,369.58,Gumbel,172,1.0023,171.6,0.0018,Spey at Boat of Garten,Spey,1267.8,57.25139,-3.74703,294691,819208,SEPA-NW,VA
30,325,1.89,1.1069,8005,266.34,396.58,Gumbel,172,1.0023,171.6,0.0018,Spey at Boat of Garten,Spey,1267.8,57.25139,-3.74703,294691,819208,SEPA-NW,VA
50,351,2.04,1.1102,8005,285.97,430.82,Gumbel,172,1.0023,171.6,0.0018,Spey at Boat of Garten,Spey,1267.8,57.25139,-3.74703,294691,819208,SEPA-NW,VA
75,372,2.16,1.1136,8005,301.27,459.34,Gumbel,172,1.0023,171.6,0.0018,Spey at Boat of Garten,Spey,1267.8,57.25139,-3.74703,294691,819208,SEPA-NW,VA
100,386,2.25,1.1163,8005,311.13,478.89,Gumbel,172,1.0023,171.6,0.0018,Spey at Boat of Garten,Spey,1267.8,57.25139,-3.74703,294691,819208,SEPA-NW,VA
200,422,2.45,1.1242,8005,335.47,530.84,Gumbel,172,1.0023,171.6,0.0018,Spey at Boat of Garten,Spey,1267.8,57.25139,-3.74703,294691,819208,SEPA-NW,VA
500,468,2.72,1.1373,8005,363.69,602.23,Gumbel,172,1.0023,171.6,0.0018,Spey at Boat of Garten,Spey,1267.8,57.25139,-3.74703,294691,819208,SEPA-NW,VA
1000,503,2.93,1.1492,8005,382.99,660.61,Gumbel,172,1.0023,171.6,0.0018,Spey at Boat of Garten,Spey,1267.8,57.25139,-3.74703,294691,819208,SEPA-NW,VA
2,504,1,1.0454,8006,461.99,549.82,Gumbel,504,1.0032,502.399,0.0023,Spey at Boat o Brig,Spey,2861.2,57.55104,-3.14039,331850,851788,SEPA-NW,VA
5,656,1.3,1.0469,8006,599.64,717.66,Gumbel,504,1.0032,502.399,0.0023,Spey at Boat o Brig,Spey,2861.2,57.55104,-3.14039,331850,851788,SEPA-NW,VA
10,757,1.5,1.0492,8006,688.99,831.72,Gumbel,504,1.0032,502.399,0.0023,Spey at Boat o Brig,Spey,2861.2,57.55104,-3.14039,331850,851788,SEPA-NW,VA
20,853,1.69,1.0527,8006,771.32,943.34,Gumbel,504,1.0032,502.399,0.0023,Spey at Boat o Brig,Spey,2861.2,57.55104,-3.14039,331850,851788,SEPA-NW,VA
30,909,1.8,1.0553,8006,817.99,1010.14,Gumbel,504,1.0032,502.399,0.0023,Spey at Boat o Brig,Spey,2861.2,57.55104,-3.14039,331850,851788,SEPA-NW,VA
50,978,1.94,1.0594,8006,873.42,1095.11,Gumbel,504,1.0032,502.399,0.0023,Spey at Boat o Brig,Spey,2861.2,57.55104,-3.14039,331850,851788,SEPA-NW,VA
75,1030,2.05,1.0631,8006,913.59,1161.24,Gumbel,504,1.0032,502.399,0.0023,Spey at Boat o Brig,Spey,2861.2,57.55104,-3.14039,331850,851788,SEPA-NW,VA
100,1070,2.13,1.066,8006,944.02,1212.8,Gumbel,504,1.0032,502.399,0.0023,Spey at Boat o Brig,Spey,2861.2,57.55104,-3.14039,331850,851788,SEPA-NW,VA
200,1170,2.31,1.074,8006,1017.23,1345.72,Gumbel,504,1.0032,502.399,0.0023,Spey at Boat o Brig,Spey,2861.2,57.55104,-3.14039,331850,851788,SEPA-NW,VA
500,1290,2.56,1.0866,8006,1096.21,1518.05,Gumbel,504,1.0032,502.399,0.0023,Spey at Boat o Brig,Spey,2861.2,57.55104,-3.14039,331850,851788,SEPA-NW,VA
1000,1380,2.74,1.0973,8006,1150.38,1655.45,Gumbel,504,1.0032,502.399,0.0023,Spey at Boat o Brig,Spey,2861.2,57.55104,-3.14039,331850,851788,SEPA-NW,VA
2,88.5,1,1.0458,8009,81.06,96.62,Gumbel,88.5,1.001,88.409,8e-4,Dulnain at Balnaan Bridge,Dulnain,272.2,57.30196,-3.69912,297722,824763,SEPA-NW,VA
5,114,1.28,1.0475,8009,104.09,124.86,Gumbel,88.5,1.001,88.409,8e-4,Dulnain at Balnaan Bridge,Dulnain,272.2,57.30196,-3.69912,297722,824763,SEPA-NW,VA
10,130,1.47,1.0506,8009,118.01,143.21,Gumbel,88.5,1.001,88.409,8e-4,Dulnain at Balnaan Bridge,Dulnain,272.2,57.30196,-3.69912,297722,824763,SEPA-NW,VA
20,146,1.65,1.055,8009,131.46,162.15,Gumbel,88.5,1.001,88.409,8e-4,Dulnain at Balnaan Bridge,Dulnain,272.2,57.30196,-3.69912,297722,824763,SEPA-NW,VA
30,155,1.75,1.0582,8009,138.73,173.17,Gumbel,88.5,1.001,88.409,8e-4,Dulnain at Balnaan Bridge,Dulnain,272.2,57.30196,-3.69912,297722,824763,SEPA-NW,VA
50,167,1.88,1.0628,8009,148.21,188.17,Gumbel,88.5,1.001,88.409,8e-4,Dulnain at Balnaan Bridge,Dulnain,272.2,57.30196,-3.69912,297722,824763,SEPA-NW,VA
75,176,1.99,1.0671,8009,154.96,199.89,Gumbel,88.5,1.001,88.409,8e-4,Dulnain at Balnaan Bridge,Dulnain,272.2,57.30196,-3.69912,297722,824763,SEPA-NW,VA
100,182,2.06,1.0703,8009,159.31,207.92,Gumbel,88.5,1.001,88.409,8e-4,Dulnain at Balnaan Bridge,Dulnain,272.2,57.30196,-3.69912,297722,824763,SEPA-NW,VA
200,198,2.23,1.0791,8009,170.55,229.86,Gumbel,88.5,1.001,88.409,8e-4,Dulnain at Balnaan Bridge,Dulnain,272.2,57.30196,-3.69912,297722,824763,SEPA-NW,VA
500,218,2.46,1.0924,8009,183.33,259.23,Gumbel,88.5,1.001,88.409,8e-4,Dulnain at Balnaan Bridge,Dulnain,272.2,57.30196,-3.69912,297722,824763,SEPA-NW,VA
1000,233,2.64,1.1037,8009,192.03,282.71,Gumbel,88.5,1.001,88.409,8e-4,Dulnain at Balnaan Bridge,Dulnain,272.2,57.30196,-3.69912,297722,824763,SEPA-NW,VA
2,241,1,1.0669,8010,212.27,273.61,Gumbel,241,1.0025,240.392,0.0019,Spey at Grantown,Spey,1748.8,57.32133,-3.60767,303282,826785,SEPA-NW,VA
5,315,1.31,1.0681,8010,276.84,358.42,Gumbel,241,1.0025,240.392,0.0019,Spey at Grantown,Spey,1748.8,57.32133,-3.60767,303282,826785,SEPA-NW,VA
10,365,1.51,1.0702,8010,319.55,416.91,Gumbel,241,1.0025,240.392,0.0019,Spey at Grantown,Spey,1748.8,57.32133,-3.60767,303282,826785,SEPA-NW,VA
20,412,1.71,1.0736,8010,358.46,473.53,Gumbel,241,1.0025,240.392,0.0019,Spey at Grantown,Spey,1748.8,57.32133,-3.60767,303282,826785,SEPA-NW,VA
30,439,1.82,1.0762,8010,380.15,506.96,Gumbel,241,1.0025,240.392,0.0019,Spey at Grantown,Spey,1748.8,57.32133,-3.60767,303282,826785,SEPA-NW,VA
50,473,1.96,1.0801,8010,406.7,550.11,Gumbel,241,1.0025,240.392,0.0019,Spey at Grantown,Spey,1748.8,57.32133,-3.60767,303282,826785,SEPA-NW,VA
75,500,2.07,1.0837,8010,427.12,585.32,Gumbel,241,1.0025,240.392,0.0019,Spey at Grantown,Spey,1748.8,57.32133,-3.60767,303282,826785,SEPA-NW,VA
100,519,2.15,1.0866,8010,441.03,610.75,Gumbel,241,1.0025,240.392,0.0019,Spey at Grantown,Spey,1748.8,57.32133,-3.60767,303282,826785,SEPA-NW,VA
200,565,2.34,1.0944,8010,473.44,674.27,Gumbel,241,1.0025,240.392,0.0019,Spey at Grantown,Spey,1748.8,57.32133,-3.60767,303282,826785,SEPA-NW,VA
500,625,2.59,1.1068,8010,512.28,762.53,Gumbel,241,1.0025,240.392,0.0019,Spey at Grantown,Spey,1748.8,57.32133,-3.60767,303282,826785,SEPA-NW,VA
1000,670,2.78,1.1176,8010,538.81,833.14,Gumbel,241,1.0025,240.392,0.0019,Spey at Grantown,Spey,1748.8,57.32133,-3.60767,303282,826785,SEPA-NW,VA
2,34.5,1,1.0892,8011,29.18,40.79,Gumbel,34.5,1.0009,34.47,7e-4,Livet at Minmore,Livet,104,57.34451,-3.32822,320160,829003,SEPA-NW,VA
5,47.5,1.38,1.0904,8011,40.09,56.28,Gumbel,34.5,1.0009,34.47,7e-4,Livet at Minmore,Livet,104,57.34451,-3.32822,320160,829003,SEPA-NW,VA
10,56.1,1.63,1.0922,8011,47.19,66.69,Gumbel,34.5,1.0009,34.47,7e-4,Livet at Minmore,Livet,104,57.34451,-3.32822,320160,829003,SEPA-NW,VA
20,64.4,1.87,1.0948,8011,53.92,76.91,Gumbel,34.5,1.0009,34.47,7e-4,Livet at Minmore,Livet,104,57.34451,-3.32822,320160,829003,SEPA-NW,VA
30,69.1,2,1.0968,8011,57.65,82.82,Gumbel,34.5,1.0009,34.47,7e-4,Livet at Minmore,Livet,104,57.34451,-3.32822,320160,829003,SEPA-NW,VA
50,75,2.18,1.0998000000000001,8011,62.24,90.37,Gumbel,34.5,1.0009,34.47,7e-4,Livet at Minmore,Livet,104,57.34451,-3.32822,320160,829003,SEPA-NW,VA
75,79.7,2.31,1.1026,8011,65.81,96.52,Gumbel,34.5,1.0009,34.47,7e-4,Livet at Minmore,Livet,104,57.34451,-3.32822,320160,829003,SEPA-NW,VA
100,83.1,2.41,1.1048,8011,68.35,101.03,Gumbel,34.5,1.0009,34.47,7e-4,Livet at Minmore,Livet,104,57.34451,-3.32822,320160,829003,SEPA-NW,VA
200,91,2.64,1.111,8011,74.04,111.85,Gumbel,34.5,1.0009,34.47,7e-4,Livet at Minmore,Livet,104,57.34451,-3.32822,320160,829003,SEPA-NW,VA
500,102,2.94,1.121,8011,81.54,127.59,Gumbel,34.5,1.0009,34.47,7e-4,Livet at Minmore,Livet,104,57.34451,-3.32822,320160,829003,SEPA-NW,VA
1000,110,3.17,1.1298,8011,86.6,139.73,Gumbel,34.5,1.0009,34.47,7e-4,Livet at Minmore,Livet,104,57.34451,-3.32822,320160,829003,SEPA-NW,VA
2,117,1,1.0625,8013,103.89,131.76,GEV,117,1.0001,116.985,1e-4,Feshie at Feshie Bridge,Feshie,231,57.1189,-3.90108,284986,804711,SEPA-NW,VA
5,153,1.31,1.0626,8013,135.83,172.34,GEV,117,1.0001,116.985,1e-4,Feshie at Feshie Bridge,Feshie,231,57.1189,-3.90108,284986,804711,SEPA-NW,VA
10,178,1.52,1.064,8013,157.62,201.01,GEV,117,1.0001,116.985,1e-4,Feshie at Feshie Bridge,Feshie,231,57.1189,-3.90108,284986,804711,SEPA-NW,VA
20,203,1.73,1.0668,8013,178.84,230.43,GEV,117,1.0001,116.985,1e-4,Feshie at Feshie Bridge,Feshie,231,57.1189,-3.90108,284986,804711,SEPA-NW,VA
30,218,1.86,1.0692,8013,191.21,248.55,GEV,117,1.0001,116.985,1e-4,Feshie at Feshie Bridge,Feshie,231,57.1189,-3.90108,284986,804711,SEPA-NW,VA
50,236,2.02,1.073,8013,205.56,270.95,GEV,117,1.0001,116.985,1e-4,Feshie at Feshie Bridge,Feshie,231,57.1189,-3.90108,284986,804711,SEPA-NW,VA
75,252,2.15,1.0768,8013,217.98,291.33,GEV,117,1.0001,116.985,1e-4,Feshie at Feshie Bridge,Feshie,231,57.1189,-3.90108,284986,804711,SEPA-NW,VA
100,263,2.24,1.0798,8013,226.26,305.71,GEV,117,1.0001,116.985,1e-4,Feshie at Feshie Bridge,Feshie,231,57.1189,-3.90108,284986,804711,SEPA-NW,VA
200,290,2.48,1.0884,8013,245.64,342.38,GEV,117,1.0001,116.985,1e-4,Feshie at Feshie Bridge,Feshie,231,57.1189,-3.90108,284986,804711,SEPA-NW,VA
500,327,2.8,1.1022,8013,270.22,395.71,GEV,117,1.0001,116.985,1e-4,Feshie at Feshie Bridge,Feshie,231,57.1189,-3.90108,284986,804711,SEPA-NW,VA
1000,356,3.05,1.1144,8013,287.91,440.2,GEV,117,1.0001,116.985,1e-4,Feshie at Feshie Bridge,Feshie,231,57.1189,-3.90108,284986,804711,SEPA-NW,VA
2,129,1,1.1123,9001,104.71,158.92,GEV,129,1.0043,128.448,0.0029,Deveron at Avochie,Deveron,441.6,57.50565,-2.78238,353217,846431,SEPA-NW,VA
5,180,1.39,1.114,9001,145.67,222.42,GEV,129,1.0043,128.448,0.0029,Deveron at Avochie,Deveron,441.6,57.50565,-2.78238,353217,846431,SEPA-NW,VA
10,218,1.69,1.1168,9001,175.56,270.7,GEV,129,1.0043,128.448,0.0029,Deveron at Avochie,Deveron,441.6,57.50565,-2.78238,353217,846431,SEPA-NW,VA
20,259,2,1.121,9001,207.05,323.99,GEV,129,1.0043,128.448,0.0029,Deveron at Avochie,Deveron,441.6,57.50565,-2.78238,353217,846431,SEPA-NW,VA
30,284,2.2,1.1242,9001,225.77,357.25,GEV,129,1.0043,128.448,0.0029,Deveron at Avochie,Deveron,441.6,57.50565,-2.78238,353217,846431,SEPA-NW,VA
50,317,2.46,1.1289,9001,249.95,402.04,GEV,129,1.0043,128.448,0.0029,Deveron at Avochie,Deveron,441.6,57.50565,-2.78238,353217,846431,SEPA-NW,VA
75,345,2.67,1.1333,9001,269.96,440.89,GEV,129,1.0043,128.448,0.0029,Deveron at Avochie,Deveron,441.6,57.50565,-2.78238,353217,846431,SEPA-NW,VA
100,366,2.83,1.1368,9001,284.67,470.57,GEV,129,1.0043,128.448,0.0029,Deveron at Avochie,Deveron,441.6,57.50565,-2.78238,353217,846431,SEPA-NW,VA
200,419,3.25,1.1463,9001,320.62,547.57,GEV,129,1.0043,128.448,0.0029,Deveron at Avochie,Deveron,441.6,57.50565,-2.78238,353217,846431,SEPA-NW,VA
500,497,3.85,1.1613,9001,370.74,666.27,GEV,129,1.0043,128.448,0.0029,Deveron at Avochie,Deveron,441.6,57.50565,-2.78238,353217,846431,SEPA-NW,VA
1000,563,4.36,1.1745,9001,410.77,771.65,GEV,129,1.0043,128.448,0.0029,Deveron at Avochie,Deveron,441.6,57.50565,-2.78238,353217,846431,SEPA-NW,VA
2,56.3,1,1.0712,9003,49.2,64.43,Gumbel,56.3,1.013,55.576,0.0087,Isla at Grange,Isla,176.1,57.5428,-2.84778,349350,850614,SEPA-NW,VA
5,80.2,1.42,1.0711,9003,70.1,91.76,Gumbel,56.3,1.013,55.576,0.0087,Isla at Grange,Isla,176.1,57.5428,-2.84778,349350,850614,SEPA-NW,VA
10,96,1.71,1.0727,9003,83.66,110.16,Gumbel,56.3,1.013,55.576,0.0087,Isla at Grange,Isla,176.1,57.5428,-2.84778,349350,850614,SEPA-NW,VA
20,111,1.98,1.0756,9003,96.22,128.04,Gumbel,56.3,1.013,55.576,0.0087,Isla at Grange,Isla,176.1,57.5428,-2.84778,349350,850614,SEPA-NW,VA
30,120,2.13,1.078,9003,103.57,139.03,Gumbel,56.3,1.013,55.576,0.0087,Isla at Grange,Isla,176.1,57.5428,-2.84778,349350,850614,SEPA-NW,VA
50,131,2.32,1.0817,9003,112.31,152.8,Gumbel,56.3,1.013,55.576,0.0087,Isla at Grange,Isla,176.1,57.5428,-2.84778,349350,850614,SEPA-NW,VA
75,139,2.48,1.0853,9003,118.4,163.19,Gumbel,56.3,1.013,55.576,0.0087,Isla at Grange,Isla,176.1,57.5428,-2.84778,349350,850614,SEPA-NW,VA
100,146,2.59,1.0881,9003,123.73,172.28,Gumbel,56.3,1.013,55.576,0.0087,Isla at Grange,Isla,176.1,57.5428,-2.84778,349350,850614,SEPA-NW,VA
200,160,2.85,1.096,9003,133.69,191.49,Gumbel,56.3,1.013,55.576,0.0087,Isla at Grange,Isla,176.1,57.5428,-2.84778,349350,850614,SEPA-NW,VA
500,180,3.19,1.1085,9003,147.09,220.27,Gumbel,56.3,1.013,55.576,0.0087,Isla at Grange,Isla,176.1,57.5428,-2.84778,349350,850614,SEPA-NW,VA
1000,194,3.45,1.1194,9003,155.52,242,Gumbel,56.3,1.013,55.576,0.0087,Isla at Grange,Isla,176.1,57.5428,-2.84778,349350,850614,SEPA-NW,VA
2,29,1,1.0905,9004,24.47,34.37,Gumbel,29,1.0026,28.924,0.0016,Bogie at Redcraig,Bogie,179,57.42476,-2.80202,351934,837440,SEPA-NW,VA
5,40,1.38,1.0908,9004,33.73,47.43,Gumbel,29,1.0026,28.924,0.0016,Bogie at Redcraig,Bogie,179,57.42476,-2.80202,351934,837440,SEPA-NW,VA
10,47.2,1.63,1.0918,9004,39.74,56.07,Gumbel,29,1.0026,28.924,0.0016,Bogie at Redcraig,Bogie,179,57.42476,-2.80202,351934,837440,SEPA-NW,VA
20,54.2,1.87,1.0937,9004,45.47,64.6,Gumbel,29,1.0026,28.924,0.0016,Bogie at Redcraig,Bogie,179,57.42476,-2.80202,351934,837440,SEPA-NW,VA
30,58.2,2.01,1.0954,9004,48.68,69.58,Gumbel,29,1.0026,28.924,0.0016,Bogie at Redcraig,Bogie,179,57.42476,-2.80202,351934,837440,SEPA-NW,VA
50,63.2,2.18,1.0981,9004,52.61,75.92,Gumbel,29,1.0026,28.924,0.0016,Bogie at Redcraig,Bogie,179,57.42476,-2.80202,351934,837440,SEPA-NW,VA
75,67.1,2.31,1.1008,9004,55.59,81,Gumbel,29,1.0026,28.924,0.0016,Bogie at Redcraig,Bogie,179,57.42476,-2.80202,351934,837440,SEPA-NW,VA
100,69.9,2.41,1.103,9004,57.68,84.71,Gumbel,29,1.0026,28.924,0.0016,Bogie at Redcraig,Bogie,179,57.42476,-2.80202,351934,837440,SEPA-NW,VA
200,76.7,2.64,1.1093,9004,62.59,93.99,Gumbel,29,1.0026,28.924,0.0016,Bogie at Redcraig,Bogie,179,57.42476,-2.80202,351934,837440,SEPA-NW,VA
500,85.5,2.95,1.1198,9004,68.49,106.73,Gumbel,29,1.0026,28.924,0.0016,Bogie at Redcraig,Bogie,179,57.42476,-2.80202,351934,837440,SEPA-NW,VA
1000,92.2,3.18,1.1294,9004,72.64,117.03,Gumbel,29,1.0026,28.924,0.0016,Bogie at Redcraig,Bogie,179,57.42476,-2.80202,351934,837440,SEPA-NW,VA
2,39.9,1,1.089,9005,33.76,47.16,GEV,39.9,1.0001,39.895,1e-4,Allt Deveron at Cabrach,Allt Deveron,67,57.34816,-3.03457,337839,829102,SEPA-NW,CB
5,54.2,1.36,1.0892,9005,45.84,64.08,GEV,39.9,1.0001,39.895,1e-4,Allt Deveron at Cabrach,Allt Deveron,67,57.34816,-3.03457,337839,829102,SEPA-NW,CB
10,64,1.6,1.0909,9005,53.97,75.9,GEV,39.9,1.0001,39.895,1e-4,Allt Deveron at Cabrach,Allt Deveron,67,57.34816,-3.03457,337839,829102,SEPA-NW,CB
20,73.7,1.85,1.0941,9005,61.79,87.91,GEV,39.9,1.0001,39.895,1e-4,Allt Deveron at Cabrach,Allt Deveron,67,57.34816,-3.03457,337839,829102,SEPA-NW,CB
30,79.4,1.99,1.0966,9005,66.27,95.13,GEV,39.9,1.0001,39.895,1e-4,Allt Deveron at Cabrach,Allt Deveron,67,57.34816,-3.03457,337839,829102,SEPA-NW,CB
50,86.7,2.17,1.1005,9005,71.86,104.6,GEV,39.9,1.0001,39.895,1e-4,Allt Deveron at Cabrach,Allt Deveron,67,57.34816,-3.03457,337839,829102,SEPA-NW,CB
75,92.5,2.32,1.1043,9005,76.15,112.35,GEV,39.9,1.0001,39.895,1e-4,Allt Deveron at Cabrach,Allt Deveron,67,57.34816,-3.03457,337839,829102,SEPA-NW,CB
100,96.7,2.42,1.1073,9005,79.19,118.08,GEV,39.9,1.0001,39.895,1e-4,Allt Deveron at Cabrach,Allt Deveron,67,57.34816,-3.03457,337839,829102,SEPA-NW,CB
200,107,2.68,1.1156,9005,86.35,132.59,GEV,39.9,1.0001,39.895,1e-4,Allt Deveron at Cabrach,Allt Deveron,67,57.34816,-3.03457,337839,829102,SEPA-NW,CB
500,121,3.03,1.129,9005,95.39,153.48,GEV,39.9,1.0001,39.895,1e-4,Allt Deveron at Cabrach,Allt Deveron,67,57.34816,-3.03457,337839,829102,SEPA-NW,CB
1000,132,3.3,1.1408,9005,101.96,170.89,GEV,39.9,1.0001,39.895,1e-4,Allt Deveron at Cabrach,Allt Deveron,67,57.34816,-3.03457,337839,829102,SEPA-NW,CB
2,19.7,1,1.2456,9006,12.81,30.3,Gumbel,19.7,1.005,19.602,0.003,Deskford Burn at Cullen,Deskford Burn,46.5,57.68712,-2.83323,350418,866670,SEPA-NW,VA
5,29.2,1.48,1.247,9006,18.94,45.01,Gumbel,19.7,1.005,19.602,0.003,Deskford Burn at Cullen,Deskford Burn,46.5,57.68712,-2.83323,350418,866670,SEPA-NW,VA
10,35.5,1.8,1.2485,9006,22.98,54.85,Gumbel,19.7,1.005,19.602,0.003,Deskford Burn at Cullen,Deskford Burn,46.5,57.68712,-2.83323,350418,866670,SEPA-NW,VA
20,41.5,2.11,1.2505,9006,26.78,64.32,Gumbel,19.7,1.005,19.602,0.003,Deskford Burn at Cullen,Deskford Burn,46.5,57.68712,-2.83323,350418,866670,SEPA-NW,VA
30,45,2.28,1.2519,9006,28.97,69.9,Gumbel,19.7,1.005,19.602,0.003,Deskford Burn at Cullen,Deskford Burn,46.5,57.68712,-2.83323,350418,866670,SEPA-NW,VA
50,49.3,2.5,1.2541,9006,31.63,76.84,Gumbel,19.7,1.005,19.602,0.003,Deskford Burn at Cullen,Deskford Burn,46.5,57.68712,-2.83323,350418,866670,SEPA-NW,VA
75,52.7,2.68,1.2561,9006,33.71,82.39,Gumbel,19.7,1.005,19.602,0.003,Deskford Burn at Cullen,Deskford Burn,46.5,57.68712,-2.83323,350418,866670,SEPA-NW,VA
100,55.1,2.8,1.2576,9006,35.16,86.35,Gumbel,19.7,1.005,19.602,0.003,Deskford Burn at Cullen,Deskford Burn,46.5,57.68712,-2.83323,350418,866670,SEPA-NW,VA
200,61,3.09,1.2621,9006,38.65,96.27,Gumbel,19.7,1.005,19.602,0.003,Deskford Burn at Cullen,Deskford Burn,46.5,57.68712,-2.83323,350418,866670,SEPA-NW,VA
500,68.6,3.48,1.2693,9006,42.99,109.47,Gumbel,19.7,1.005,19.602,0.003,Deskford Burn at Cullen,Deskford Burn,46.5,57.68712,-2.83323,350418,866670,SEPA-NW,VA
1000,74.4,3.78,1.276,9006,46.14,119.96,Gumbel,19.7,1.005,19.602,0.003,Deskford Burn at Cullen,Deskford Burn,46.5,57.68712,-2.83323,350418,866670,SEPA-NW,VA
2,107,1,1.2858,9010,65.37,175.13,GEV,107,1.0005,106.944,4e-4,Deveron at Huntly,Deveron,225.49,57.45499,-2.80756,351641,840809,SEPA-NW,VA
5,145,1.36,1.2872,9010,88.4,237.83,GEV,107,1.0005,106.944,4e-4,Deveron at Huntly,Deveron,225.49,57.45499,-2.80756,351641,840809,SEPA-NW,VA
10,172,1.61,1.289,9010,104.58,282.89,GEV,107,1.0005,106.944,4e-4,Deveron at Huntly,Deveron,225.49,57.45499,-2.80756,351641,840809,SEPA-NW,VA
20,199,1.86,1.2913,9010,120.57,328.45,GEV,107,1.0005,106.944,4e-4,Deveron at Huntly,Deveron,225.49,57.45499,-2.80756,351641,840809,SEPA-NW,VA
30,215,2.01,1.293,9010,129.93,355.77,GEV,107,1.0005,106.944,4e-4,Deveron at Huntly,Deveron,225.49,57.45499,-2.80756,351641,840809,SEPA-NW,VA
50,235,2.2,1.2955,9010,141.48,390.34,GEV,107,1.0005,106.944,4e-4,Deveron at Huntly,Deveron,225.49,57.45499,-2.80756,351641,840809,SEPA-NW,VA
75,251,2.35,1.2977,9010,150.61,418.31,GEV,107,1.0005,106.944,4e-4,Deveron at Huntly,Deveron,225.49,57.45499,-2.80756,351641,840809,SEPA-NW,VA
100,263,2.46,1.2995,9010,157.38,439.5,GEV,107,1.0005,106.944,4e-4,Deveron at Huntly,Deveron,225.49,57.45499,-2.80756,351641,840809,SEPA-NW,VA
200,292,2.73,1.3044,9010,173.45,491.57,GEV,107,1.0005,106.944,4e-4,Deveron at Huntly,Deveron,225.49,57.45499,-2.80756,351641,840809,SEPA-NW,VA
500,332,3.11,1.3122,9010,194.92,565.48,GEV,107,1.0005,106.944,4e-4,Deveron at Huntly,Deveron,225.49,57.45499,-2.80756,351641,840809,SEPA-NW,VA
1000,364,3.4,1.3193,9010,211.46,626.58,GEV,107,1.0005,106.944,4e-4,Deveron at Huntly,Deveron,225.49,57.45499,-2.80756,351641,840809,SEPA-NW,VA
2,50.2,1,1.0385,10001,46.62,54.06,GEV,50.2,1.0074,49.83,0.0038,Ythan at Ardlethen,Ythan,448.1,57.36861,-2.1274,392436,830912,SEPA-NE,VA
5,72.4,1.44,1.0422,10001,66.77,78.51,GEV,50.2,1.0074,49.83,0.0038,Ythan at Ardlethen,Ythan,448.1,57.36861,-2.1274,392436,830912,SEPA-NE,VA
10,88,1.75,1.0476,10001,80.33,96.4,GEV,50.2,1.0074,49.83,0.0038,Ythan at Ardlethen,Ythan,448.1,57.36861,-2.1274,392436,830912,SEPA-NE,VA
20,104,2.06,1.0551,10001,93.62,115.53,GEV,50.2,1.0074,49.83,0.0038,Ythan at Ardlethen,Ythan,448.1,57.36861,-2.1274,392436,830912,SEPA-NE,VA
30,113,2.25,1.0604,10001,100.73,126.76,GEV,50.2,1.0074,49.83,0.0038,Ythan at Ardlethen,Ythan,448.1,57.36861,-2.1274,392436,830912,SEPA-NE,VA
50,125,2.49,1.0679,10001,109.9,142.18,GEV,50.2,1.0074,49.83,0.0038,Ythan at Ardlethen,Ythan,448.1,57.36861,-2.1274,392436,830912,SEPA-NE,VA
75,135,2.69,1.0745,10001,117.27,155.42,GEV,50.2,1.0074,49.83,0.0038,Ythan at Ardlethen,Ythan,448.1,57.36861,-2.1274,392436,830912,SEPA-NE,VA
100,142,2.83,1.0795,10001,122.23,164.97,GEV,50.2,1.0074,49.83,0.0038,Ythan at Ardlethen,Ythan,448.1,57.36861,-2.1274,392436,830912,SEPA-NE,VA
200,160,3.18,1.0924,10001,134.55,190.26,GEV,50.2,1.0074,49.83,0.0038,Ythan at Ardlethen,Ythan,448.1,57.36861,-2.1274,392436,830912,SEPA-NE,VA
500,184,3.67,1.1113,10001,149.62,226.28,GEV,50.2,1.0074,49.83,0.0038,Ythan at Ardlethen,Ythan,448.1,57.36861,-2.1274,392436,830912,SEPA-NE,VA
1000,204,4.06,1.1269,10001,161.41,257.83,GEV,50.2,1.0074,49.83,0.0038,Ythan at Ardlethen,Ythan,448.1,57.36861,-2.1274,392436,830912,SEPA-NE,VA
2,47.5,1,1.0971,10002,39.61,56.96,Gumbel,47.5,1.016,46.751,0.009,Ugie at Inverugie,Ugie,325,57.52669,-1.83279,410113,848516,SEPA-NE,VA
5,67.1,1.41,1.0988,10002,55.79,80.71,Gumbel,47.5,1.016,46.751,0.009,Ugie at Inverugie,Ugie,325,57.52669,-1.83279,410113,848516,SEPA-NE,VA
10,80.1,1.69,1.1015,10002,66.27,96.81,Gumbel,47.5,1.016,46.751,0.009,Ugie at Inverugie,Ugie,325,57.52669,-1.83279,410113,848516,SEPA-NE,VA
20,92.6,1.95,1.1054,10002,76.09,112.7,Gumbel,47.5,1.016,46.751,0.009,Ugie at Inverugie,Ugie,325,57.52669,-1.83279,410113,848516,SEPA-NE,VA
30,99.7,2.1,1.1083,10002,81.5,121.96,Gumbel,47.5,1.016,46.751,0.009,Ugie at Inverugie,Ugie,325,57.52669,-1.83279,410113,848516,SEPA-NE,VA
50,109,2.29,1.1126,10002,88.43,134.35,Gumbel,47.5,1.016,46.751,0.009,Ugie at Inverugie,Ugie,325,57.52669,-1.83279,410113,848516,SEPA-NE,VA
75,116,2.44,1.1165,10002,93.47,143.97,Gumbel,47.5,1.016,46.751,0.009,Ugie at Inverugie,Ugie,325,57.52669,-1.83279,410113,848516,SEPA-NE,VA
100,121,2.54,1.1196,10002,96.97,150.99,Gumbel,47.5,1.016,46.751,0.009,Ugie at Inverugie,Ugie,325,57.52669,-1.83279,410113,848516,SEPA-NE,VA
200,133,2.8,1.1281,10002,105.01,168.44,Gumbel,47.5,1.016,46.751,0.009,Ugie at Inverugie,Ugie,325,57.52669,-1.83279,410113,848516,SEPA-NE,VA
500,149,3.13,1.1413,10002,115,193.06,Gumbel,47.5,1.016,46.751,0.009,Ugie at Inverugie,Ugie,325,57.52669,-1.83279,410113,848516,SEPA-NE,VA
1000,161,3.38,1.1527,10002,121.86,212.71,Gumbel,47.5,1.016,46.751,0.009,Ugie at Inverugie,Ugie,325,57.52669,-1.83279,410113,848516,SEPA-NE,VA
2,61.4,1,1.1215,10003,49.04,76.87,GEV,61.4,1.0102,60.78,0.005,Ythan at Ellon,Ythan,523,57.36377,-2.09002,394684,830370,SEPA-NE,VA
5,87.4,1.42,1.123,10003,69.63,109.71,GEV,61.4,1.0102,60.78,0.005,Ythan at Ellon,Ythan,523,57.36377,-2.09002,394684,830370,SEPA-NE,VA
10,106,1.72,1.1254,10003,84.09,133.62,GEV,61.4,1.0102,60.78,0.005,Ythan at Ellon,Ythan,523,57.36377,-2.09002,394684,830370,SEPA-NE,VA
20,124,2.02,1.129,10003,97.76,157.29,GEV,61.4,1.0102,60.78,0.005,Ythan at Ellon,Ythan,523,57.36377,-2.09002,394684,830370,SEPA-NE,VA
30,135,2.2,1.1318,10003,105.91,172.08,GEV,61.4,1.0102,60.78,0.005,Ythan at Ellon,Ythan,523,57.36377,-2.09002,394684,830370,SEPA-NE,VA
50,150,2.44,1.136,10003,116.83,192.59,GEV,61.4,1.0102,60.78,0.005,Ythan at Ellon,Ythan,523,57.36377,-2.09002,394684,830370,SEPA-NE,VA
75,161,2.63,1.14,10003,124.54,208.14,GEV,61.4,1.0102,60.78,0.005,Ythan at Ellon,Ythan,523,57.36377,-2.09002,394684,830370,SEPA-NE,VA
100,170,2.76,1.1432,10003,130.78,220.99,GEV,61.4,1.0102,60.78,0.005,Ythan at Ellon,Ythan,523,57.36377,-2.09002,394684,830370,SEPA-NE,VA
200,191,3.1,1.152,10003,144.74,252.05,GEV,61.4,1.0102,60.78,0.005,Ythan at Ellon,Ythan,523,57.36377,-2.09002,394684,830370,SEPA-NE,VA
500,220,3.58,1.1661,10003,162.79,297.32,GEV,61.4,1.0102,60.78,0.005,Ythan at Ellon,Ythan,523,57.36377,-2.09002,394684,830370,SEPA-NE,VA
1000,243,3.96,1.1785,10003,176.12,335.28,GEV,61.4,1.0102,60.78,0.005,Ythan at Ellon,Ythan,523,57.36377,-2.09002,394684,830370,SEPA-NE,VA
2,136,1,1.0834,11001,116.24,159.12,GEV,136,1.0151,133.981,0.0082,Don at Parkhill,Don,1273,57.21832,-2.18759,388770,814190,SEPA-NE,VA
5,186,1.36,1.084,11001,158.8,217.86,GEV,136,1.0151,133.981,0.0082,Don at Parkhill,Don,1273,57.21832,-2.18759,388770,814190,SEPA-NE,VA
10,221,1.63,1.0858,11001,188.07,259.69,GEV,136,1.0151,133.981,0.0082,Don at Parkhill,Don,1273,57.21832,-2.18759,388770,814190,SEPA-NE,VA
20,258,1.89,1.0891,11001,218.26,304.98,GEV,136,1.0151,133.981,0.0082,Don at Parkhill,Don,1273,57.21832,-2.18759,388770,814190,SEPA-NE,VA
30,280,2.06,1.0917,11001,235.76,332.54,GEV,136,1.0151,133.981,0.0082,Don at Parkhill,Don,1273,57.21832,-2.18759,388770,814190,SEPA-NE,VA
50,308,2.27,1.0959,11001,257.39,368.55,GEV,136,1.0151,133.981,0.0082,Don at Parkhill,Don,1273,57.21832,-2.18759,388770,814190,SEPA-NE,VA
75,332,2.44,1.0999,11001,275.48,400.12,GEV,136,1.0151,133.981,0.0082,Don at Parkhill,Don,1273,57.21832,-2.18759,388770,814190,SEPA-NE,VA
100,349,2.57,1.1031,11001,287.94,423.01,GEV,136,1.0151,133.981,0.0082,Don at Parkhill,Don,1273,57.21832,-2.18759,388770,814190,SEPA-NE,VA
200,392,2.88,1.112,11001,318.36,482.67,GEV,136,1.0151,133.981,0.0082,Don at Parkhill,Don,1273,57.21832,-2.18759,388770,814190,SEPA-NE,VA
500,453,3.33,1.1263,11001,358.8,571.93,GEV,136,1.0151,133.981,0.0082,Don at Parkhill,Don,1273,57.21832,-2.18759,388770,814190,SEPA-NE,VA
1000,502,3.69,1.1388,11001,389.1,647.65,GEV,136,1.0151,133.981,0.0082,Don at Parkhill,Don,1273,57.21832,-2.18759,388770,814190,SEPA-NE,VA
2,112,1,1.0887,11002,94.82,132.3,GEV,112,1.0048,111.462,0.0027,Don at Haughton,Don,787,57.27135,-2.40496,375677,820150,SEPA-NE,VA
5,156,1.39,1.0919,11002,131.31,185.34,GEV,112,1.0048,111.462,0.0027,Don at Haughton,Don,787,57.27135,-2.40496,375677,820150,SEPA-NE,VA
10,189,1.69,1.0958,11002,157.98,226.12,GEV,112,1.0048,111.462,0.0027,Don at Haughton,Don,787,57.27135,-2.40496,375677,820150,SEPA-NE,VA
20,225,2.01,1.1012,11002,186.26,271.79,GEV,112,1.0048,111.462,0.0027,Don at Haughton,Don,787,57.27135,-2.40496,375677,820150,SEPA-NE,VA
30,247,2.21,1.105,11002,203.1,300.39,GEV,112,1.0048,111.462,0.0027,Don at Haughton,Don,787,57.27135,-2.40496,375677,820150,SEPA-NE,VA
50,278,2.48,1.1107,11002,226.3,341.52,GEV,112,1.0048,111.462,0.0027,Don at Haughton,Don,787,57.27135,-2.40496,375677,820150,SEPA-NE,VA
75,303,2.71,1.1159,11002,244.4,375.65,GEV,112,1.0048,111.462,0.0027,Don at Haughton,Don,787,57.27135,-2.40496,375677,820150,SEPA-NE,VA
100,322,2.88,1.1199,11002,257.91,402.02,GEV,112,1.0048,111.462,0.0027,Don at Haughton,Don,787,57.27135,-2.40496,375677,820150,SEPA-NE,VA
200,372,3.32,1.1308,11002,292.35,473.35,GEV,112,1.0048,111.462,0.0027,Don at Haughton,Don,787,57.27135,-2.40496,375677,820150,SEPA-NE,VA
500,446,3.98,1.1474,11002,340.64,583.95,GEV,112,1.0048,111.462,0.0027,Don at Haughton,Don,787,57.27135,-2.40496,375677,820150,SEPA-NE,VA
1000,509,4.55,1.1617,11002,379.43,682.81,GEV,112,1.0048,111.462,0.0027,Don at Haughton,Don,787,57.27135,-2.40496,375677,820150,SEPA-NE,VA
2,98.4,1,1.0987,11003,81.82,118.34,GEV,98.4,1.0012,98.282,7e-4,Don at Bridge of Alford,Don,499,57.2423,-2.71712,356818,817072,SEPA-NE,VA
5,138,1.4,1.1002,11003,114.44,166.4,GEV,98.4,1.0012,98.282,7e-4,Don at Bridge of Alford,Don,499,57.2423,-2.71712,356818,817072,SEPA-NE,VA
10,169,1.72,1.1036,11003,139.31,205.02,GEV,98.4,1.0012,98.282,7e-4,Don at Bridge of Alford,Don,499,57.2423,-2.71712,356818,817072,SEPA-NE,VA
20,204,2.07,1.1092,11003,166.5,249.95,GEV,98.4,1.0012,98.282,7e-4,Don at Bridge of Alford,Don,499,57.2423,-2.71712,356818,817072,SEPA-NE,VA
30,225,2.29,1.1137,11003,182.19,277.87,GEV,98.4,1.0012,98.282,7e-4,Don at Bridge of Alford,Don,499,57.2423,-2.71712,356818,817072,SEPA-NE,VA
50,255,2.59,1.1206,11003,203.99,318.76,GEV,98.4,1.0012,98.282,7e-4,Don at Bridge of Alford,Don,499,57.2423,-2.71712,356818,817072,SEPA-NE,VA
75,281,2.85,1.1272,11003,222.22,355.33,GEV,98.4,1.0012,98.282,7e-4,Don at Bridge of Alford,Don,499,57.2423,-2.71712,356818,817072,SEPA-NE,VA
100,300,3.05,1.1323,11003,235.16,382.72,GEV,98.4,1.0012,98.282,7e-4,Don at Bridge of Alford,Don,499,57.2423,-2.71712,356818,817072,SEPA-NE,VA
200,351,3.56,1.1466,11003,268.45,458.94,GEV,98.4,1.0012,98.282,7e-4,Don at Bridge of Alford,Don,499,57.2423,-2.71712,356818,817072,SEPA-NE,VA
500,428,4.35,1.1689,11003,315.21,581.15,GEV,98.4,1.0012,98.282,7e-4,Don at Bridge of Alford,Don,499,57.2423,-2.71712,356818,817072,SEPA-NE,VA
1000,496,5.04,1.1881,11003,353.81,695.33,GEV,98.4,1.0012,98.282,7e-4,Don at Bridge of Alford,Don,499,57.2423,-2.71712,356818,817072,SEPA-NE,VA
2,446,1,1.0438,12001,410.06,485.09,GEV,446,1.0022,445.038,0.0015,Dee at Woodend,Dee,1370,57.05013,-2.60357,363482,795613,SEPA-NE,VA
5,593,1.33,1.0452,12001,543.78,646.67,GEV,446,1.0022,445.038,0.0015,Dee at Woodend,Dee,1370,57.05013,-2.60357,363482,795613,SEPA-NE,VA
10,700,1.57,1.0481,12001,638.42,767.52,GEV,446,1.0022,445.038,0.0015,Dee at Woodend,Dee,1370,57.05013,-2.60357,363482,795613,SEPA-NE,VA
20,809,1.81,1.0527,12001,731.53,894.68,GEV,446,1.0022,445.038,0.0015,Dee at Woodend,Dee,1370,57.05013,-2.60357,363482,795613,SEPA-NE,VA
30,875,1.96,1.0562,12001,786.08,973.98,GEV,446,1.0022,445.038,0.0015,Dee at Woodend,Dee,1370,57.05013,-2.60357,363482,795613,SEPA-NE,VA
50,961,2.16,1.0615,12001,854.91,1080.26,GEV,446,1.0022,445.038,0.0015,Dee at Woodend,Dee,1370,57.05013,-2.60357,363482,795613,SEPA-NE,VA
75,1030,2.32,1.0664,12001,908.06,1168.32,GEV,446,1.0022,445.038,0.0015,Dee at Woodend,Dee,1370,57.05013,-2.60357,363482,795613,SEPA-NE,VA
100,1080,2.43,1.0702,12001,945.52,1233.6,GEV,446,1.0022,445.038,0.0015,Dee at Woodend,Dee,1370,57.05013,-2.60357,363482,795613,SEPA-NE,VA
200,1220,2.73,1.0804,12001,1048.42,1419.66,GEV,446,1.0022,445.038,0.0015,Dee at Woodend,Dee,1370,57.05013,-2.60357,363482,795613,SEPA-NE,VA
500,1400,3.14,1.0959,12001,1169.98,1675.25,GEV,446,1.0022,445.038,0.0015,Dee at Woodend,Dee,1370,57.05013,-2.60357,363482,795613,SEPA-NE,VA
1000,1550,3.49,1.1091,12001,1265.29,1898.78,GEV,446,1.0022,445.038,0.0015,Dee at Woodend,Dee,1370,57.05013,-2.60357,363482,795613,SEPA-NE,VA
2,556,1,1.0578,12002,498.02,620.73,GEV,556,1.0035,554.078,0.0024,Dee at Park,Dee,1844,57.07542,-2.33583,379739,798317,SEPA-NE,VA
5,722,1.3,1.0579,12002,646.59,806.21,GEV,556,1.0035,554.078,0.0024,Dee at Park,Dee,1844,57.07542,-2.33583,379739,798317,SEPA-NE,VA
10,833,1.5,1.0593,12002,744.06,932.57,GEV,556,1.0035,554.078,0.0024,Dee at Park,Dee,1844,57.07542,-2.33583,379739,798317,SEPA-NE,VA
20,940,1.69,1.0618,12002,835.76,1057.24,GEV,556,1.0035,554.078,0.0024,Dee at Park,Dee,1844,57.07542,-2.33583,379739,798317,SEPA-NE,VA
30,1000,1.8,1.0639,12002,885.68,1129.08,GEV,556,1.0035,554.078,0.0024,Dee at Park,Dee,1844,57.07542,-2.33583,379739,798317,SEPA-NE,VA
50,1080,1.94,1.0674,12002,950.39,1227.28,GEV,556,1.0035,554.078,0.0024,Dee at Park,Dee,1844,57.07542,-2.33583,379739,798317,SEPA-NE,VA
75,1140,2.05,1.0707,12002,997.14,1303.33,GEV,556,1.0035,554.078,0.0024,Dee at Park,Dee,1844,57.07542,-2.33583,379739,798317,SEPA-NE,VA
100,1190,2.13,1.0733,12002,1035.94,1366.97,GEV,556,1.0035,554.078,0.0024,Dee at Park,Dee,1844,57.07542,-2.33583,379739,798317,SEPA-NE,VA
200,1290,2.32,1.0808,12002,1107.77,1502.21,GEV,556,1.0035,554.078,0.0024,Dee at Park,Dee,1844,57.07542,-2.33583,379739,798317,SEPA-NE,VA
500,1430,2.58,1.0929,12002,1201.49,1701.98,GEV,556,1.0035,554.078,0.0024,Dee at Park,Dee,1844,57.07542,-2.33583,379739,798317,SEPA-NE,VA
1000,1540,2.77,1.1035,12002,1269.66,1867.9,GEV,556,1.0035,554.078,0.0024,Dee at Park,Dee,1844,57.07542,-2.33583,379739,798317,SEPA-NE,VA
2,303,1,1.0308,12003,285.51,321.56,Kappa3,303,1.0005,302.843,4e-4,Dee at Polhollick,Dee,690,57.05515,-3.08318,334395,796531,SEPA-NE,VA
5,400,1.32,1.0322,12003,375.91,425.63,Kappa3,303,1.0005,302.843,4e-4,Dee at Polhollick,Dee,690,57.05515,-3.08318,334395,796531,SEPA-NE,VA
10,474,1.56,1.0364,12003,441.92,508.41,Kappa3,303,1.0005,302.843,4e-4,Dee at Polhollick,Dee,690,57.05515,-3.08318,334395,796531,SEPA-NE,VA
20,556,1.84,1.0433,12003,511.67,604.17,Kappa3,303,1.0005,302.843,4e-4,Dee at Polhollick,Dee,690,57.05515,-3.08318,334395,796531,SEPA-NE,VA
30,609,2.01,1.0485,12003,555.01,668.24,Kappa3,303,1.0005,302.843,4e-4,Dee at Polhollick,Dee,690,57.05515,-3.08318,334395,796531,SEPA-NE,VA
50,681,2.25,1.0561,12003,611.91,757.89,Kappa3,303,1.0005,302.843,4e-4,Dee at Polhollick,Dee,690,57.05515,-3.08318,334395,796531,SEPA-NE,VA
75,743,2.45,1.063,12003,659.15,837.52,Kappa3,303,1.0005,302.843,4e-4,Dee at Polhollick,Dee,690,57.05515,-3.08318,334395,796531,SEPA-NE,VA
100,791,2.61,1.0682,12003,695.05,900.19,Kappa3,303,1.0005,302.843,4e-4,Dee at Polhollick,Dee,690,57.05515,-3.08318,334395,796531,SEPA-NE,VA
200,917,3.03,1.0819,12003,785.89,1069.98,Kappa3,303,1.0005,302.843,4e-4,Dee at Polhollick,Dee,690,57.05515,-3.08318,334395,796531,SEPA-NE,VA
500,1110,3.68,1.1024,12003,916.93,1343.72,Kappa3,303,1.0005,302.843,4e-4,Dee at Polhollick,Dee,690,57.05515,-3.08318,334395,796531,SEPA-NE,VA
1000,1290,4.25,1.1193,12003,1034.32,1608.88,Kappa3,303,1.0005,302.843,4e-4,Dee at Polhollick,Dee,690,57.05515,-3.08318,334395,796531,SEPA-NE,VA
2,73.9,1,1.1111,12005,60.11,90.85,GEV,73.9,1,73.9,0,Muick at Invermuick,Muick,110,57.03952,-3.04931,336423,794759,SEPA-NE,VA
5,101,1.37,1.1115,12005,82.1,124.25,GEV,73.9,1,73.9,0,Muick at Invermuick,Muick,110,57.03952,-3.04931,336423,794759,SEPA-NE,VA
10,121,1.64,1.1133,12005,98.04,149.33,GEV,73.9,1,73.9,0,Muick at Invermuick,Muick,110,57.03952,-3.04931,336423,794759,SEPA-NE,VA
20,142,1.92,1.1164,12005,114.44,176.2,GEV,73.9,1,73.9,0,Muick at Invermuick,Muick,110,57.03952,-3.04931,336423,794759,SEPA-NE,VA
30,155,2.1,1.1189,12005,124.37,193.18,GEV,73.9,1,73.9,0,Muick at Invermuick,Muick,110,57.03952,-3.04931,336423,794759,SEPA-NE,VA
50,172,2.32,1.1227,12005,137.09,215.8,GEV,73.9,1,73.9,0,Muick at Invermuick,Muick,110,57.03952,-3.04931,336423,794759,SEPA-NE,VA
75,186,2.52,1.1264,12005,147.3,234.87,GEV,73.9,1,73.9,0,Muick at Invermuick,Muick,110,57.03952,-3.04931,336423,794759,SEPA-NE,VA
100,196,2.66,1.1293,12005,154.44,248.75,GEV,73.9,1,73.9,0,Muick at Invermuick,Muick,110,57.03952,-3.04931,336423,794759,SEPA-NE,VA
200,223,3.01,1.1375,12005,173.24,287.06,GEV,73.9,1,73.9,0,Muick at Invermuick,Muick,110,57.03952,-3.04931,336423,794759,SEPA-NE,VA
500,261,3.53,1.1506,12005,198.26,343.6,GEV,73.9,1,73.9,0,Muick at Invermuick,Muick,110,57.03952,-3.04931,336423,794759,SEPA-NE,VA
1000,293,3.96,1.1623000000000001,12005,218.19,393.45,GEV,73.9,1,73.9,0,Muick at Invermuick,Muick,110,57.03952,-3.04931,336423,794759,SEPA-NE,VA
2,59.9,1,1.0918,12006,50.43,71.15,Gumbel,59.9,1.0001,59.892,1e-4,Gairn at Invergairn,Gairn,150,57.05993,-3.06954,335231,797050,SEPA-NE,VA
5,80.5,1.34,1.0932,12006,67.6,95.86,Gumbel,59.9,1.0001,59.892,1e-4,Gairn at Invergairn,Gairn,150,57.05993,-3.06954,335231,797050,SEPA-NE,VA
10,94.2,1.57,1.0953,12006,78.81,112.6,Gumbel,59.9,1.0001,59.892,1e-4,Gairn at Invergairn,Gairn,150,57.05993,-3.06954,335231,797050,SEPA-NE,VA
20,107,1.79,1.0983,12006,89.04,128.59,Gumbel,59.9,1.0001,59.892,1e-4,Gairn at Invergairn,Gairn,150,57.05993,-3.06954,335231,797050,SEPA-NE,VA
30,115,1.92,1.1006,12006,95.3,138.77,Gumbel,59.9,1.0001,59.892,1e-4,Gairn at Invergairn,Gairn,150,57.05993,-3.06954,335231,797050,SEPA-NE,VA
50,124,2.08,1.1039,12006,102.16,150.51,Gumbel,59.9,1.0001,59.892,1e-4,Gairn at Invergairn,Gairn,150,57.05993,-3.06954,335231,797050,SEPA-NE,VA
75,132,2.2,1.107,12006,108.15,161.1,Gumbel,59.9,1.0001,59.892,1e-4,Gairn at Invergairn,Gairn,150,57.05993,-3.06954,335231,797050,SEPA-NE,VA
100,137,2.29,1.1095,12006,111.76,167.95,Gumbel,59.9,1.0001,59.892,1e-4,Gairn at Invergairn,Gairn,150,57.05993,-3.06954,335231,797050,SEPA-NE,VA
200,150,2.5,1.1163,12006,120.9,186.1,Gumbel,59.9,1.0001,59.892,1e-4,Gairn at Invergairn,Gairn,150,57.05993,-3.06954,335231,797050,SEPA-NE,VA
500,166,2.78,1.127,12006,131.32,209.84,Gumbel,59.9,1.0001,59.892,1e-4,Gairn at Invergairn,Gairn,150,57.05993,-3.06954,335231,797050,SEPA-NE,VA
1000,179,2.99,1.1364,12006,139.32,229.98,Gumbel,59.9,1.0001,59.892,1e-4,Gairn at Invergairn,Gairn,150,57.05993,-3.06954,335231,797050,SEPA-NE,VA
2,183,1,1.0433,12007,168.41,198.85,GEV,183,1,183,0,Dee at Mar Lodge,Dee,289,56.98804,-3.4862,309788,789522,SEPA-NE,VA
5,232,1.27,1.0458,12007,212.5,253.28,GEV,183,1,183,0,Dee at Mar Lodge,Dee,289,56.98804,-3.4862,309788,789522,SEPA-NE,VA
10,265,1.45,1.0489,12007,241.33,290.99,GEV,183,1,183,0,Dee at Mar Lodge,Dee,289,56.98804,-3.4862,309788,789522,SEPA-NE,VA
20,296,1.62,1.0533,12007,267.36,327.71,GEV,183,1,183,0,Dee at Mar Lodge,Dee,289,56.98804,-3.4862,309788,789522,SEPA-NE,VA
30,314,1.71,1.0564,12007,281.98,349.65,GEV,183,1,183,0,Dee at Mar Lodge,Dee,289,56.98804,-3.4862,309788,789522,SEPA-NE,VA
50,336,1.83,1.0609,12007,299.24,377.28,GEV,183,1,183,0,Dee at Mar Lodge,Dee,289,56.98804,-3.4862,309788,789522,SEPA-NE,VA
75,353,1.93,1.065,12007,312.01,399.37,GEV,183,1,183,0,Dee at Mar Lodge,Dee,289,56.98804,-3.4862,309788,789522,SEPA-NE,VA
100,365,2,1.0681,12007,320.78,415.31,GEV,183,1,183,0,Dee at Mar Lodge,Dee,289,56.98804,-3.4862,309788,789522,SEPA-NE,VA
200,394,2.16,1.0765,12007,341,455.24,GEV,183,1,183,0,Dee at Mar Lodge,Dee,289,56.98804,-3.4862,309788,789522,SEPA-NE,VA
500,433,2.36,1.0892,12007,366.23,511.94,GEV,183,1,183,0,Dee at Mar Lodge,Dee,289,56.98804,-3.4862,309788,789522,SEPA-NE,VA
1000,462,2.52,1.1,12007,383.28,556.89,GEV,183,1,183,0,Dee at Mar Lodge,Dee,289,56.98804,-3.4862,309788,789522,SEPA-NE,VA
2,138,1,1.0849,12008,117.63,161.9,Gumbel,138,1.0007,137.9,6e-4,Feugh at Heugh Head,Feugh,229,57.02525,-2.51716,368703,792800,SEPA-NE,VA
5,180,1.31,1.0853,12008,153.32,211.32,Gumbel,138,1.0007,137.9,6e-4,Feugh at Heugh Head,Feugh,229,57.02525,-2.51716,368703,792800,SEPA-NE,VA
10,208,1.51,1.0862,12008,176.88,244.59,Gumbel,138,1.0007,137.9,6e-4,Feugh at Heugh Head,Feugh,229,57.02525,-2.51716,368703,792800,SEPA-NE,VA
20,235,1.7,1.0879,12008,199.23,277.19,Gumbel,138,1.0007,137.9,6e-4,Feugh at Heugh Head,Feugh,229,57.02525,-2.51716,368703,792800,SEPA-NE,VA
30,250,1.81,1.0893,12008,211.41,295.63,Gumbel,138,1.0007,137.9,6e-4,Feugh at Heugh Head,Feugh,229,57.02525,-2.51716,368703,792800,SEPA-NE,VA
50,270,1.95,1.0916,12008,227.38,320.6,Gumbel,138,1.0007,137.9,6e-4,Feugh at Heugh Head,Feugh,229,57.02525,-2.51716,368703,792800,SEPA-NE,VA
75,285,2.06,1.0938,12008,239.07,339.75,Gumbel,138,1.0007,137.9,6e-4,Feugh at Heugh Head,Feugh,229,57.02525,-2.51716,368703,792800,SEPA-NE,VA
100,295,2.14,1.0956,12008,246.66,352.81,Gumbel,138,1.0007,137.9,6e-4,Feugh at Heugh Head,Feugh,229,57.02525,-2.51716,368703,792800,SEPA-NE,VA
200,321,2.33,1.1008,12008,265.92,387.48,Gumbel,138,1.0007,137.9,6e-4,Feugh at Heugh Head,Feugh,229,57.02525,-2.51716,368703,792800,SEPA-NE,VA
500,356,2.58,1.1096,12008,290.35,436.49,Gumbel,138,1.0007,137.9,6e-4,Feugh at Heugh Head,Feugh,229,57.02525,-2.51716,368703,792800,SEPA-NE,VA
1000,381,2.76,1.1177,12008,306.34,473.85,Gumbel,138,1.0007,137.9,6e-4,Feugh at Heugh Head,Feugh,229,57.02525,-2.51716,368703,792800,SEPA-NE,VA
2,76.6,1,1.0946,13012,64.16,91.45,Kappa3,76.6,1.0001,76.589,1e-4,South Esk at Gella Bridge,South Esk,130.64,56.77536,-3.02793,337278,765336,SEPA-NE,VA
5,99,1.29,1.0961,13012,82.7,118.51,Kappa3,76.6,1.0001,76.589,1e-4,South Esk at Gella Bridge,South Esk,130.64,56.77536,-3.02793,337278,765336,SEPA-NE,VA
10,115,1.5,1.0982,13012,95.71,138.18,Kappa3,76.6,1.0001,76.589,1e-4,South Esk at Gella Bridge,South Esk,130.64,56.77536,-3.02793,337278,765336,SEPA-NE,VA
20,132,1.72,1.1012,13012,109.27,159.45,Kappa3,76.6,1.0001,76.589,1e-4,South Esk at Gella Bridge,South Esk,130.64,56.77536,-3.02793,337278,765336,SEPA-NE,VA
30,142,1.85,1.1035,13012,117.07,172.24,Kappa3,76.6,1.0001,76.589,1e-4,South Esk at Gella Bridge,South Esk,130.64,56.77536,-3.02793,337278,765336,SEPA-NE,VA
50,155,2.03,1.1069,13012,127.02,189.14,Kappa3,76.6,1.0001,76.589,1e-4,South Esk at Gella Bridge,South Esk,130.64,56.77536,-3.02793,337278,765336,SEPA-NE,VA
75,167,2.18,1.11,13012,136.11,204.9,Kappa3,76.6,1.0001,76.589,1e-4,South Esk at Gella Bridge,South Esk,130.64,56.77536,-3.02793,337278,765336,SEPA-NE,VA
100,175,2.28,1.1125,13012,142,215.67,Kappa3,76.6,1.0001,76.589,1e-4,South Esk at Gella Bridge,South Esk,130.64,56.77536,-3.02793,337278,765336,SEPA-NE,VA
200,196,2.56,1.1193,13012,157.15,244.45,Kappa3,76.6,1.0001,76.589,1e-4,South Esk at Gella Bridge,South Esk,130.64,56.77536,-3.02793,337278,765336,SEPA-NE,VA
500,227,2.97,1.1302,13012,178.58,288.54,Kappa3,76.6,1.0001,76.589,1e-4,South Esk at Gella Bridge,South Esk,130.64,56.77536,-3.02793,337278,765336,SEPA-NE,VA
1000,253,3.31,1.1397,13012,195.8,326.91,Kappa3,76.6,1.0001,76.589,1e-4,South Esk at Gella Bridge,South Esk,130.64,56.77536,-3.02793,337278,765336,SEPA-NE,VA
2,40.4,1,1.0901,14001,34.12,47.84,GEV,40.4,1.0464,38.607,0.0226,Eden at Kemback,Eden,307.4,56.3309,-2.94844,341452,715796,SEPA-NE,VA
5,55.2,1.37,1.0916,14001,46.49,65.55,GEV,40.4,1.0464,38.607,0.0226,Eden at Kemback,Eden,307.4,56.3309,-2.94844,341452,715796,SEPA-NE,VA
10,65.5,1.62,1.0936,14001,54.96,78.06,GEV,40.4,1.0464,38.607,0.0226,Eden at Kemback,Eden,307.4,56.3309,-2.94844,341452,715796,SEPA-NE,VA
20,75.7,1.87,1.0964,14001,63.21,90.66,GEV,40.4,1.0464,38.607,0.0226,Eden at Kemback,Eden,307.4,56.3309,-2.94844,341452,715796,SEPA-NE,VA
30,81.6,2.02,1.0986,14001,67.86,98.12,GEV,40.4,1.0464,38.607,0.0226,Eden at Kemback,Eden,307.4,56.3309,-2.94844,341452,715796,SEPA-NE,VA
50,89.3,2.21,1.1018,14001,73.85,107.99,GEV,40.4,1.0464,38.607,0.0226,Eden at Kemback,Eden,307.4,56.3309,-2.94844,341452,715796,SEPA-NE,VA
75,95.5,2.36,1.1047,14001,78.57,116.08,GEV,40.4,1.0464,38.607,0.0226,Eden at Kemback,Eden,307.4,56.3309,-2.94844,341452,715796,SEPA-NE,VA
100,99.9,2.47,1.1071,14001,81.84,121.95,GEV,40.4,1.0464,38.607,0.0226,Eden at Kemback,Eden,307.4,56.3309,-2.94844,341452,715796,SEPA-NE,VA
200,111,2.74,1.1136,14001,89.89,137.06,GEV,40.4,1.0464,38.607,0.0226,Eden at Kemback,Eden,307.4,56.3309,-2.94844,341452,715796,SEPA-NE,VA
500,126,3.11,1.1241,14001,100.18,158.47,GEV,40.4,1.0464,38.607,0.0226,Eden at Kemback,Eden,307.4,56.3309,-2.94844,341452,715796,SEPA-NE,VA
1000,137,3.4,1.1333,14001,107.2,175.08,GEV,40.4,1.0464,38.607,0.0226,Eden at Kemback,Eden,307.4,56.3309,-2.94844,341452,715796,SEPA-NE,VA
2,869,1,1.0383,15003,807.29,935.43,Gumbel,869,1.0012,867.949,0.001,Tay at Caputh,Tay,3210,56.5392,-3.49294,308289,739575,SEPA-NE,VA
5,1130,1.3,1.0401,15003,1046.19,1220.52,Gumbel,869,1.0012,867.949,0.001,Tay at Caputh,Tay,3210,56.5392,-3.49294,308289,739575,SEPA-NE,VA
10,1300,1.49,1.0433,15003,1196.36,1412.62,Gumbel,869,1.0012,867.949,0.001,Tay at Caputh,Tay,3210,56.5392,-3.49294,308289,739575,SEPA-NE,VA
20,1460,1.68,1.0484,15003,1330.82,1601.72,Gumbel,869,1.0012,867.949,0.001,Tay at Caputh,Tay,3210,56.5392,-3.49294,308289,739575,SEPA-NE,VA
30,1550,1.79,1.0523,15003,1402.61,1712.87,Gumbel,869,1.0012,867.949,0.001,Tay at Caputh,Tay,3210,56.5392,-3.49294,308289,739575,SEPA-NE,VA
50,1670,1.92,1.0581,15003,1495.01,1865.47,Gumbel,869,1.0012,867.949,0.001,Tay at Caputh,Tay,3210,56.5392,-3.49294,308289,739575,SEPA-NE,VA
75,1760,2.03,1.0635,15003,1559.94,1985.72,Gumbel,869,1.0012,867.949,0.001,Tay at Caputh,Tay,3210,56.5392,-3.49294,308289,739575,SEPA-NE,VA
100,1830,2.11,1.0676,15003,1609.79,2080.33,Gumbel,869,1.0012,867.949,0.001,Tay at Caputh,Tay,3210,56.5392,-3.49294,308289,739575,SEPA-NE,VA
200,1990,2.29,1.0788,15003,1715.1,2308.96,Gumbel,869,1.0012,867.949,0.001,Tay at Caputh,Tay,3210,56.5392,-3.49294,308289,739575,SEPA-NE,VA
500,2200,2.53,1.0958,15003,1838.86,2632.06,Gumbel,869,1.0012,867.949,0.001,Tay at Caputh,Tay,3210,56.5392,-3.49294,308289,739575,SEPA-NE,VA
1000,2350,2.71,1.1102,15003,1914.62,2884.39,Gumbel,869,1.0012,867.949,0.001,Tay at Caputh,Tay,3210,56.5392,-3.49294,308289,739575,SEPA-NE,VA
2,1050,1,1.0451,15006,963.03,1144.82,Gumbel,1050,1.0038,1045.992,0.0029,Tay at Ballathie,Tay,4587.1,56.51441,-3.38696,314750,736680,SEPA-NE,VA
5,1370,1.31,1.0466,15006,1253,1497.93,Gumbel,1050,1.0038,1045.992,0.0029,Tay at Ballathie,Tay,4587.1,56.51441,-3.38696,314750,736680,SEPA-NE,VA
10,1590,1.51,1.0498,15006,1445.53,1748.9,Gumbel,1050,1.0038,1045.992,0.0029,Tay at Ballathie,Tay,4587.1,56.51441,-3.38696,314750,736680,SEPA-NE,VA
20,1790,1.71,1.0547,15006,1612.58,1986.94,Gumbel,1050,1.0038,1045.992,0.0029,Tay at Ballathie,Tay,4587.1,56.51441,-3.38696,314750,736680,SEPA-NE,VA
30,1910,1.82,1.0584,15006,1708.91,2134.75,Gumbel,1050,1.0038,1045.992,0.0029,Tay at Ballathie,Tay,4587.1,56.51441,-3.38696,314750,736680,SEPA-NE,VA
50,2060,1.96,1.064,15006,1824.15,2326.34,Gumbel,1050,1.0038,1045.992,0.0029,Tay at Ballathie,Tay,4587.1,56.51441,-3.38696,314750,736680,SEPA-NE,VA
75,2170,2.07,1.0691,15006,1903.64,2473.64,Gumbel,1050,1.0038,1045.992,0.0029,Tay at Ballathie,Tay,4587.1,56.51441,-3.38696,314750,736680,SEPA-NE,VA
100,2260,2.15,1.073,15006,1968.49,2594.68,Gumbel,1050,1.0038,1045.992,0.0029,Tay at Ballathie,Tay,4587.1,56.51441,-3.38696,314750,736680,SEPA-NE,VA
200,2460,2.34,1.0836,15006,2101.8,2879.24,Gumbel,1050,1.0038,1045.992,0.0029,Tay at Ballathie,Tay,4587.1,56.51441,-3.38696,314750,736680,SEPA-NE,VA
500,2720,2.59,1.0999,15006,2256.92,3278.09,Gumbel,1050,1.0038,1045.992,0.0029,Tay at Ballathie,Tay,4587.1,56.51441,-3.38696,314750,736680,SEPA-NE,VA
1000,2920,2.78,1.1136,15006,2364.8,3605.56,Gumbel,1050,1.0038,1045.992,0.0029,Tay at Ballathie,Tay,4587.1,56.51441,-3.38696,314750,736680,SEPA-NE,VA
2,365,1,1.0522,15007,330.35,403.28,Kappa3,365,1.0013,364.513,0.0011,Tay at Pitnacree,Tay,1149.4,56.66007,-3.7569,292403,753411,SEPA-NE,VA
5,471,1.29,1.0537,15007,425.1,521.85,Kappa3,365,1.0013,364.513,0.0011,Tay at Pitnacree,Tay,1149.4,56.66007,-3.7569,292403,753411,SEPA-NE,VA
10,548,1.5,1.0564,15007,492.13,610.22,Kappa3,365,1.0013,364.513,0.0011,Tay at Pitnacree,Tay,1149.4,56.66007,-3.7569,292403,753411,SEPA-NE,VA
20,629,1.72,1.0604,15007,560.7,705.62,Kappa3,365,1.0013,364.513,0.0011,Tay at Pitnacree,Tay,1149.4,56.66007,-3.7569,292403,753411,SEPA-NE,VA
30,679,1.86,1.0636,15007,601.71,766.22,Kappa3,365,1.0013,364.513,0.0011,Tay at Pitnacree,Tay,1149.4,56.66007,-3.7569,292403,753411,SEPA-NE,VA
50,746,2.04,1.0683,15007,655.39,849.14,Kappa3,365,1.0013,364.513,0.0011,Tay at Pitnacree,Tay,1149.4,56.66007,-3.7569,292403,753411,SEPA-NE,VA
75,802,2.2,1.0728,15007,698.81,920.43,Kappa3,365,1.0013,364.513,0.0011,Tay at Pitnacree,Tay,1149.4,56.66007,-3.7569,292403,753411,SEPA-NE,VA
100,844,2.31,1.0762,15007,730.86,974.66,Kappa3,365,1.0013,364.513,0.0011,Tay at Pitnacree,Tay,1149.4,56.66007,-3.7569,292403,753411,SEPA-NE,VA
200,951,2.61,1.0858,15007,809.3,1117.51,Kappa3,365,1.0013,364.513,0.0011,Tay at Pitnacree,Tay,1149.4,56.66007,-3.7569,292403,753411,SEPA-NE,VA
500,1110,3.04,1.1007,15007,919.71,1339.66,Kappa3,365,1.0013,364.513,0.0011,Tay at Pitnacree,Tay,1149.4,56.66007,-3.7569,292403,753411,SEPA-NE,VA
1000,1240,3.41,1.1135,15007,1004.4,1530.86,Kappa3,365,1.0013,364.513,0.0011,Tay at Pitnacree,Tay,1149.4,56.66007,-3.7569,292403,753411,SEPA-NE,VA
2,26.8,1,1.0316,15008,25.21,28.49,GEV,26.8,1.0481,25.571,0.0237,Dean Water at Cookston,Dean Water,177.1,56.61879,-3.0763,334048,747954,SEPA-NE,VA
5,36.8,1.37,1.0344,15008,34.44,39.32,GEV,26.8,1.0481,25.571,0.0237,Dean Water at Cookston,Dean Water,177.1,56.61879,-3.0763,334048,747954,SEPA-NE,VA
10,43.8,1.64,1.0386,15008,40.67,47.18,GEV,26.8,1.0481,25.571,0.0237,Dean Water at Cookston,Dean Water,177.1,56.61879,-3.0763,334048,747954,SEPA-NE,VA
20,50.9,1.9,1.0443,15008,46.75,55.41,GEV,26.8,1.0481,25.571,0.0237,Dean Water at Cookston,Dean Water,177.1,56.61879,-3.0763,334048,747954,SEPA-NE,VA
30,55.1,2.06,1.0483,15008,50.23,60.44,GEV,26.8,1.0481,25.571,0.0237,Dean Water at Cookston,Dean Water,177.1,56.61879,-3.0763,334048,747954,SEPA-NE,VA
50,60.5,2.26,1.054,15008,54.57,67.07,GEV,26.8,1.0481,25.571,0.0237,Dean Water at Cookston,Dean Water,177.1,56.61879,-3.0763,334048,747954,SEPA-NE,VA
75,65,2.42,1.0589,15008,58.1,72.72,GEV,26.8,1.0481,25.571,0.0237,Dean Water at Cookston,Dean Water,177.1,56.61879,-3.0763,334048,747954,SEPA-NE,VA
100,68.2,2.54,1.0627,15008,60.54,76.83,GEV,26.8,1.0481,25.571,0.0237,Dean Water at Cookston,Dean Water,177.1,56.61879,-3.0763,334048,747954,SEPA-NE,VA
200,76.1,2.84,1.0725,15008,66.34,87.29,GEV,26.8,1.0481,25.571,0.0237,Dean Water at Cookston,Dean Water,177.1,56.61879,-3.0763,334048,747954,SEPA-NE,VA
500,87.1,3.25,1.0869,15008,73.98,102.55,GEV,26.8,1.0481,25.571,0.0237,Dean Water at Cookston,Dean Water,177.1,56.61879,-3.0763,334048,747954,SEPA-NE,VA
1000,95.9,3.58,1.0988,15008,79.73,115.35,GEV,26.8,1.0481,25.571,0.0237,Dean Water at Cookston,Dean Water,177.1,56.61879,-3.0763,334048,747954,SEPA-NE,VA
2,220,1,1.0378,15011,204.57,236.59,GEV,220,1.0002,219.949,2e-4,Lyon at Comrie Bridge,Lyon,391.1,56.61423,-3.98086,278529,748684,SEPA-NE,VA
5,290,1.32,1.0391,15011,269,312.64,GEV,220,1.0002,219.949,2e-4,Lyon at Comrie Bridge,Lyon,391.1,56.61423,-3.98086,278529,748684,SEPA-NE,VA
10,340,1.54,1.042,15011,313.66,368.55,GEV,220,1.0002,219.949,2e-4,Lyon at Comrie Bridge,Lyon,391.1,56.61423,-3.98086,278529,748684,SEPA-NE,VA
20,391,1.78,1.0469,15011,357.41,427.75,GEV,220,1.0002,219.949,2e-4,Lyon at Comrie Bridge,Lyon,391.1,56.61423,-3.98086,278529,748684,SEPA-NE,VA
30,421,1.92,1.0508,15011,382.03,463.94,GEV,220,1.0002,219.949,2e-4,Lyon at Comrie Bridge,Lyon,391.1,56.61423,-3.98086,278529,748684,SEPA-NE,VA
50,461,2.1,1.0566,15011,413.84,513.53,GEV,220,1.0002,219.949,2e-4,Lyon at Comrie Bridge,Lyon,391.1,56.61423,-3.98086,278529,748684,SEPA-NE,VA
75,494,2.25,1.0619,15011,439.14,555.71,GEV,220,1.0002,219.949,2e-4,Lyon at Comrie Bridge,Lyon,391.1,56.61423,-3.98086,278529,748684,SEPA-NE,VA
100,518,2.36,1.0661,15011,456.93,587.24,GEV,220,1.0002,219.949,2e-4,Lyon at Comrie Bridge,Lyon,391.1,56.61423,-3.98086,278529,748684,SEPA-NE,VA
200,578,2.63,1.0772,15011,499.61,668.7,GEV,220,1.0002,219.949,2e-4,Lyon at Comrie Bridge,Lyon,391.1,56.61423,-3.98086,278529,748684,SEPA-NE,VA
500,663,3.02,1.0943,15011,555.66,791.08,GEV,220,1.0002,219.949,2e-4,Lyon at Comrie Bridge,Lyon,391.1,56.61423,-3.98086,278529,748684,SEPA-NE,VA
1000,732,3.33,1.1088,15011,597.86,896.24,GEV,220,1.0002,219.949,2e-4,Lyon at Comrie Bridge,Lyon,391.1,56.61423,-3.98086,278529,748684,SEPA-NE,VA
2,121,1,1.0651,15013,106.93,136.92,GEV,121,1.0019,120.772,0.0014,Almond at Almondbank,Almond,174.8,56.41528,-3.5136,306715,725811,SEPA-NE,VA
5,160,1.32,1.066,15013,141.16,181.35,GEV,121,1.0019,120.772,0.0014,Almond at Almondbank,Almond,174.8,56.41528,-3.5136,306715,725811,SEPA-NE,VA
10,186,1.54,1.0677,15013,163.59,211.48,GEV,121,1.0019,120.772,0.0014,Almond at Almondbank,Almond,174.8,56.41528,-3.5136,306715,725811,SEPA-NE,VA
20,213,1.76,1.0705,15013,186.38,243.43,GEV,121,1.0019,120.772,0.0014,Almond at Almondbank,Almond,174.8,56.41528,-3.5136,306715,725811,SEPA-NE,VA
30,229,1.89,1.0726,15013,199.61,262.72,GEV,121,1.0019,120.772,0.0014,Almond at Almondbank,Almond,174.8,56.41528,-3.5136,306715,725811,SEPA-NE,VA
50,249,2.06,1.0759,15013,215.74,287.39,GEV,121,1.0019,120.772,0.0014,Almond at Almondbank,Almond,174.8,56.41528,-3.5136,306715,725811,SEPA-NE,VA
75,265,2.19,1.0791,15013,228.27,307.64,GEV,121,1.0019,120.772,0.0014,Almond at Almondbank,Almond,174.8,56.41528,-3.5136,306715,725811,SEPA-NE,VA
100,277,2.29,1.0816,15013,237.52,323.04,GEV,121,1.0019,120.772,0.0014,Almond at Almondbank,Almond,174.8,56.41528,-3.5136,306715,725811,SEPA-NE,VA
200,305,2.52,1.0885,15013,258.3,360.15,GEV,121,1.0019,120.772,0.0014,Almond at Almondbank,Almond,174.8,56.41528,-3.5136,306715,725811,SEPA-NE,VA
500,344,2.85,1.0997,15013,285.54,414.43,GEV,121,1.0019,120.772,0.0014,Almond at Almondbank,Almond,174.8,56.41528,-3.5136,306715,725811,SEPA-NE,VA
1000,375,3.1,1.1094,15013,305.96,459.63,GEV,121,1.0019,120.772,0.0014,Almond at Almondbank,Almond,174.8,56.41528,-3.5136,306715,725811,SEPA-NE,VA
2,196,1,1.0635,15016,173.72,221.14,GenLog,196,1.0012,195.767,0.001,Tay at Kenmore,Tay,600.9,56.59639,-3.98506,278214,746706,SEPA-NE,VA
5,251,1.28,1.0646,15016,222.02,283.77,GenLog,196,1.0012,195.767,0.001,Tay at Kenmore,Tay,600.9,56.59639,-3.98506,278214,746706,SEPA-NE,VA
10,292,1.49,1.0669,15016,257.19,331.52,GenLog,196,1.0012,195.767,0.001,Tay at Kenmore,Tay,600.9,56.59639,-3.98506,278214,746706,SEPA-NE,VA
20,337,1.72,1.0707,15016,294.77,385.28,GenLog,196,1.0012,195.767,0.001,Tay at Kenmore,Tay,600.9,56.59639,-3.98506,278214,746706,SEPA-NE,VA
30,366,1.87,1.0739,15016,318.27,420.89,GenLog,196,1.0012,195.767,0.001,Tay at Kenmore,Tay,600.9,56.59639,-3.98506,278214,746706,SEPA-NE,VA
50,407,2.08,1.0789,15016,350.71,472.32,GenLog,196,1.0012,195.767,0.001,Tay at Kenmore,Tay,600.9,56.59639,-3.98506,278214,746706,SEPA-NE,VA
75,442,2.26,1.0836,15016,377.64,517.33,GenLog,196,1.0012,195.767,0.001,Tay at Kenmore,Tay,600.9,56.59639,-3.98506,278214,746706,SEPA-NE,VA
100,470,2.4,1.0874,15016,398.82,553.89,GenLog,196,1.0012,195.767,0.001,Tay at Kenmore,Tay,600.9,56.59639,-3.98506,278214,746706,SEPA-NE,VA
200,543,2.77,1.0979,15016,452.16,652.08,GenLog,196,1.0012,195.767,0.001,Tay at Kenmore,Tay,600.9,56.59639,-3.98506,278214,746706,SEPA-NE,VA
500,660,3.37,1.1147,15016,533.48,816.53,GenLog,196,1.0012,195.767,0.001,Tay at Kenmore,Tay,600.9,56.59639,-3.98506,278214,746706,SEPA-NE,VA
1000,766,3.91,1.1292,15016,603.67,971.99,GenLog,196,1.0012,195.767,0.001,Tay at Kenmore,Tay,600.9,56.59639,-3.98506,278214,746706,SEPA-NE,VA
2,127,1,1.088,15023,107.65,149.83,GEV,127,1.0003,126.966,2e-4,Braan at Hermitage,Braan,210,56.56098,-3.6072,301320,742158,SEPA-NE,VA
5,172,1.35,1.089,15023,145.53,203.28,GEV,127,1.0003,126.966,2e-4,Braan at Hermitage,Braan,210,56.56098,-3.6072,301320,742158,SEPA-NE,VA
10,204,1.61,1.0911,15023,171.96,242.02,GEV,127,1.0003,126.966,2e-4,Braan at Hermitage,Braan,210,56.56098,-3.6072,301320,742158,SEPA-NE,VA
20,238,1.87,1.0945,15023,199.39,284.08,GEV,127,1.0003,126.966,2e-4,Braan at Hermitage,Braan,210,56.56098,-3.6072,301320,742158,SEPA-NE,VA
30,258,2.03,1.0971,15023,215.15,309.39,GEV,127,1.0003,126.966,2e-4,Braan at Hermitage,Braan,210,56.56098,-3.6072,301320,742158,SEPA-NE,VA
50,284,2.23,1.1013,15023,235.06,343.13,GEV,127,1.0003,126.966,2e-4,Braan at Hermitage,Braan,210,56.56098,-3.6072,301320,742158,SEPA-NE,VA
75,305,2.4,1.1052,15023,250.7,371.06,GEV,127,1.0003,126.966,2e-4,Braan at Hermitage,Braan,210,56.56098,-3.6072,301320,742158,SEPA-NE,VA
100,321,2.53,1.1083,15023,262.41,392.68,GEV,127,1.0003,126.966,2e-4,Braan at Hermitage,Braan,210,56.56098,-3.6072,301320,742158,SEPA-NE,VA
200,360,2.83,1.1169,15023,289.86,447.11,GEV,127,1.0003,126.966,2e-4,Braan at Hermitage,Braan,210,56.56098,-3.6072,301320,742158,SEPA-NE,VA
500,416,3.27,1.1308,15023,326.93,529.33,GEV,127,1.0003,126.966,2e-4,Braan at Hermitage,Braan,210,56.56098,-3.6072,301320,742158,SEPA-NE,VA
1000,461,3.63,1.1429,15023,354.82,598.96,GEV,127,1.0003,126.966,2e-4,Braan at Hermitage,Braan,210,56.56098,-3.6072,301320,742158,SEPA-NE,VA
2,200,1,1.0826,15025,171.19,233.66,Kappa3,200,1.0007,199.86,5e-4,Ericht at Craighall,Ericht,432,56.60906,-3.34718,317405,747165,SEPA-NE,VA
5,262,1.31,1.0839,15025,223.73,306.82,Kappa3,200,1.0007,199.86,5e-4,Ericht at Craighall,Ericht,432,56.60906,-3.34718,317405,747165,SEPA-NE,VA
10,308,1.54,1.0859,15025,262.06,361.99,Kappa3,200,1.0007,199.86,5e-4,Ericht at Craighall,Ericht,432,56.60906,-3.34718,317405,747165,SEPA-NE,VA
20,359,1.79,1.0892,15025,303.64,424.45,Kappa3,200,1.0007,199.86,5e-4,Ericht at Craighall,Ericht,432,56.60906,-3.34718,317405,747165,SEPA-NE,VA
30,391,1.95,1.0918,15025,329.17,464.45,Kappa3,200,1.0007,199.86,5e-4,Ericht at Craighall,Ericht,432,56.60906,-3.34718,317405,747165,SEPA-NE,VA
50,435,2.17,1.0961,15025,363.4,520.71,Kappa3,200,1.0007,199.86,5e-4,Ericht at Craighall,Ericht,432,56.60906,-3.34718,317405,747165,SEPA-NE,VA
75,472,2.36,1.1001,15025,391.5,569.05,Kappa3,200,1.0007,199.86,5e-4,Ericht at Craighall,Ericht,432,56.60906,-3.34718,317405,747165,SEPA-NE,VA
100,500,2.5,1.1034,15025,412.3,606.35,Kappa3,200,1.0007,199.86,5e-4,Ericht at Craighall,Ericht,432,56.60906,-3.34718,317405,747165,SEPA-NE,VA
200,575,2.87,1.1126,15025,466.49,708.75,Kappa3,200,1.0007,199.86,5e-4,Ericht at Craighall,Ericht,432,56.60906,-3.34718,317405,747165,SEPA-NE,VA
500,689,3.44,1.1275,15025,544.59,871.7,Kappa3,200,1.0007,199.86,5e-4,Ericht at Craighall,Ericht,432,56.60906,-3.34718,317405,747165,SEPA-NE,VA
1000,788,3.94,1.1407,15025,608.79,1019.96,Kappa3,200,1.0007,199.86,5e-4,Ericht at Craighall,Ericht,432,56.60906,-3.34718,317405,747165,SEPA-NE,VA
2,204,1,1.0171,16001,197.33,210.89,GEV,204,1.007,202.586,0.0049,Earn at Kinkell Bridge,Earn,590.5,56.33019,-3.72699,293313,716652,SEPA-NE,VA
5,264,1.3,1.0194,16001,254.24,274.13,GEV,204,1.007,202.586,0.0049,Earn at Kinkell Bridge,Earn,590.5,56.33019,-3.72699,293313,716652,SEPA-NE,VA
10,304,1.49,1.0234,16001,290.53,318.1,GEV,204,1.007,202.586,0.0049,Earn at Kinkell Bridge,Earn,590.5,56.33019,-3.72699,293313,716652,SEPA-NE,VA
20,343,1.68,1.0288,16001,324.43,362.63,GEV,204,1.007,202.586,0.0049,Earn at Kinkell Bridge,Earn,590.5,56.33019,-3.72699,293313,716652,SEPA-NE,VA
30,365,1.79,1.0326,16001,342.76,388.69,GEV,204,1.007,202.586,0.0049,Earn at Kinkell Bridge,Earn,590.5,56.33019,-3.72699,293313,716652,SEPA-NE,VA
50,392,1.92,1.0379,16001,364.44,421.65,GEV,204,1.007,202.586,0.0049,Earn at Kinkell Bridge,Earn,590.5,56.33019,-3.72699,293313,716652,SEPA-NE,VA
75,414,2.03,1.0425,16001,381.57,449.19,GEV,204,1.007,202.586,0.0049,Earn at Kinkell Bridge,Earn,590.5,56.33019,-3.72699,293313,716652,SEPA-NE,VA
100,429,2.1,1.046,16001,392.8,468.53,GEV,204,1.007,202.586,0.0049,Earn at Kinkell Bridge,Earn,590.5,56.33019,-3.72699,293313,716652,SEPA-NE,VA
200,466,2.29,1.055,16001,419.58,517.56,GEV,204,1.007,202.586,0.0049,Earn at Kinkell Bridge,Earn,590.5,56.33019,-3.72699,293313,716652,SEPA-NE,VA
500,515,2.53,1.0683,16001,452.45,586.2,GEV,204,1.007,202.586,0.0049,Earn at Kinkell Bridge,Earn,590.5,56.33019,-3.72699,293313,716652,SEPA-NE,VA
1000,552,2.71,1.0792,16001,475.4,640.94,GEV,204,1.007,202.586,0.0049,Earn at Kinkell Bridge,Earn,590.5,56.33019,-3.72699,293313,716652,SEPA-NE,VA
2,249,1,1.0597,16004,222.25,278.97,GEV,249,1.0095,246.645,0.0063,Earn at Forteviot Bridge,Earn,782.2,56.3476,-3.54836,304401,718327,SEPA-NE,VA
5,329,1.32,1.0602,16004,293.38,368.94,GEV,249,1.0095,246.645,0.0063,Earn at Forteviot Bridge,Earn,782.2,56.3476,-3.54836,304401,718327,SEPA-NE,VA
10,386,1.55,1.0624,16004,342.82,434.62,GEV,249,1.0095,246.645,0.0063,Earn at Forteviot Bridge,Earn,782.2,56.3476,-3.54836,304401,718327,SEPA-NE,VA
20,445,1.79,1.0663,16004,392.39,504.67,GEV,249,1.0095,246.645,0.0063,Earn at Forteviot Bridge,Earn,782.2,56.3476,-3.54836,304401,718327,SEPA-NE,VA
30,480,1.93,1.0695,16004,420.77,547.56,GEV,249,1.0095,246.645,0.0063,Earn at Forteviot Bridge,Earn,782.2,56.3476,-3.54836,304401,718327,SEPA-NE,VA
50,526,2.11,1.0745,16004,456.9,605.55,GEV,249,1.0095,246.645,0.0063,Earn at Forteviot Bridge,Earn,782.2,56.3476,-3.54836,304401,718327,SEPA-NE,VA
75,564,2.27,1.0793,16004,485.65,654.99,GEV,249,1.0095,246.645,0.0063,Earn at Forteviot Bridge,Earn,782.2,56.3476,-3.54836,304401,718327,SEPA-NE,VA
100,592,2.38,1.0831,16004,506.26,692.26,GEV,249,1.0095,246.645,0.0063,Earn at Forteviot Bridge,Earn,782.2,56.3476,-3.54836,304401,718327,SEPA-NE,VA
200,662,2.66,1.0936,16004,555.51,788.9,GEV,249,1.0095,246.645,0.0063,Earn at Forteviot Bridge,Earn,782.2,56.3476,-3.54836,304401,718327,SEPA-NE,VA
500,760,3.05,1.11,16004,619.41,932.5,GEV,249,1.0095,246.645,0.0063,Earn at Forteviot Bridge,Earn,782.2,56.3476,-3.54836,304401,718327,SEPA-NE,VA
1000,840,3.38,1.1242,16004,667.77,1056.65,GEV,249,1.0095,246.645,0.0063,Earn at Forteviot Bridge,Earn,782.2,56.3476,-3.54836,304401,718327,SEPA-NE,VA
2,77.7,1,1.0807,17001,66.74,90.47,GenLog,77.7,1.0219,76.034,0.019,Carron at Headswood,Carron,122.3,56.015,-3.87546,283180,681818,SEPA-SE,FV
5,103,1.32,1.0813,17001,88.37,120.05,GenLog,77.7,1.0219,76.034,0.019,Carron at Headswood,Carron,122.3,56.015,-3.87546,283180,681818,SEPA-SE,FV
10,121,1.56,1.083,17001,103.49,141.47,GenLog,77.7,1.0219,76.034,0.019,Carron at Headswood,Carron,122.3,56.015,-3.87546,283180,681818,SEPA-SE,FV
20,142,1.83,1.0859,17001,120.82,166.89,GenLog,77.7,1.0219,76.034,0.019,Carron at Headswood,Carron,122.3,56.015,-3.87546,283180,681818,SEPA-SE,FV
30,156,2.01,1.0883,17001,132.16,184.14,GenLog,77.7,1.0219,76.034,0.019,Carron at Headswood,Carron,122.3,56.015,-3.87546,283180,681818,SEPA-SE,FV
50,175,2.25,1.092,17001,147.27,207.95,GenLog,77.7,1.0219,76.034,0.019,Carron at Headswood,Carron,122.3,56.015,-3.87546,283180,681818,SEPA-SE,FV
75,192,2.47,1.0957,17001,160.51,229.67,GenLog,77.7,1.0219,76.034,0.019,Carron at Headswood,Carron,122.3,56.015,-3.87546,283180,681818,SEPA-SE,FV
100,205,2.63,1.0986,17001,170.49,246.49,GenLog,77.7,1.0219,76.034,0.019,Carron at Headswood,Carron,122.3,56.015,-3.87546,283180,681818,SEPA-SE,FV
200,239,3.08,1.1068,17001,195.89,291.59,GenLog,77.7,1.0219,76.034,0.019,Carron at Headswood,Carron,122.3,56.015,-3.87546,283180,681818,SEPA-SE,FV
500,295,3.79,1.1201,17001,236.2,368.44,GenLog,77.7,1.0219,76.034,0.019,Carron at Headswood,Carron,122.3,56.015,-3.87546,283180,681818,SEPA-SE,FV
1000,346,4.45,1.1319,17001,271.4,441.1,GenLog,77.7,1.0219,76.034,0.019,Carron at Headswood,Carron,122.3,56.015,-3.87546,283180,681818,SEPA-SE,FV
2,21.3,1,1.05,17003,19.36,23.44,Kappa3,21.3,1.1695,18.212,0.1205,Bonny Water at Bonnybridge,Bonny Water,50.5,56.00182,-3.88699,282421,680371,SEPA-SE,VA
5,27.3,1.28,1.0526,17003,24.69,30.19,Kappa3,21.3,1.1695,18.212,0.1205,Bonny Water at Bonnybridge,Bonny Water,50.5,56.00182,-3.88699,282421,680371,SEPA-SE,VA
10,31.7,1.49,1.0563,17003,28.47,35.29,Kappa3,21.3,1.1695,18.212,0.1205,Bonny Water at Bonnybridge,Bonny Water,50.5,56.00182,-3.88699,282421,680371,SEPA-SE,VA
20,36.3,1.71,1.0614,17003,32.3,40.8,Kappa3,21.3,1.1695,18.212,0.1205,Bonny Water at Bonnybridge,Bonny Water,50.5,56.00182,-3.88699,282421,680371,SEPA-SE,VA
30,39.2,1.84,1.0651,17003,34.64,44.36,Kappa3,21.3,1.1695,18.212,0.1205,Bonny Water at Bonnybridge,Bonny Water,50.5,56.00182,-3.88699,282421,680371,SEPA-SE,VA
50,43.1,2.02,1.0703,17003,37.73,49.24,Kappa3,21.3,1.1695,18.212,0.1205,Bonny Water at Bonnybridge,Bonny Water,50.5,56.00182,-3.88699,282421,680371,SEPA-SE,VA
75,46.3,2.17,1.0751,17003,40.17,53.36,Kappa3,21.3,1.1695,18.212,0.1205,Bonny Water at Bonnybridge,Bonny Water,50.5,56.00182,-3.88699,282421,680371,SEPA-SE,VA
100,48.7,2.29,1.0787,17003,41.98,56.5,Kappa3,21.3,1.1695,18.212,0.1205,Bonny Water at Bonnybridge,Bonny Water,50.5,56.00182,-3.88699,282421,680371,SEPA-SE,VA
200,55,2.58,1.0884,17003,46.59,64.93,Kappa3,21.3,1.1695,18.212,0.1205,Bonny Water at Bonnybridge,Bonny Water,50.5,56.00182,-3.88699,282421,680371,SEPA-SE,VA
500,64.3,3.02,1.1029,17003,53.07,77.91,Kappa3,21.3,1.1695,18.212,0.1205,Bonny Water at Bonnybridge,Bonny Water,50.5,56.00182,-3.88699,282421,680371,SEPA-SE,VA
1000,72.2,3.39,1.1152,17003,58.31,89.4,Kappa3,21.3,1.1695,18.212,0.1205,Bonny Water at Bonnybridge,Bonny Water,50.5,56.00182,-3.88699,282421,680371,SEPA-SE,VA
2,21.5,1,1.116,17004,17.34,26.66,GEV,21.5,1.0821,19.868,0.0664,Ore at Balfour Mains,Ore,162,56.18473,-3.08157,332965,699649,SEPA-SE,VA
5,29.2,1.36,1.1184,17004,23.45,36.36,GEV,21.5,1.0821,19.868,0.0664,Ore at Balfour Mains,Ore,162,56.18473,-3.08157,332965,699649,SEPA-SE,VA
10,34.7,1.61,1.1212,17004,27.73,43.42,GEV,21.5,1.0821,19.868,0.0664,Ore at Balfour Mains,Ore,162,56.18473,-3.08157,332965,699649,SEPA-SE,VA
20,40.4,1.88,1.1249,17004,32.08,50.88,GEV,21.5,1.0821,19.868,0.0664,Ore at Balfour Mains,Ore,162,56.18473,-3.08157,332965,699649,SEPA-SE,VA
30,43.8,2.04,1.1277,17004,34.61,55.43,GEV,21.5,1.0821,19.868,0.0664,Ore at Balfour Mains,Ore,162,56.18473,-3.08157,332965,699649,SEPA-SE,VA
50,48.3,2.25,1.1317,17004,37.9,61.55,GEV,21.5,1.0821,19.868,0.0664,Ore at Balfour Mains,Ore,162,56.18473,-3.08157,332965,699649,SEPA-SE,VA
75,52,2.42,1.1354,17004,40.54,66.7,GEV,21.5,1.0821,19.868,0.0664,Ore at Balfour Mains,Ore,162,56.18473,-3.08157,332965,699649,SEPA-SE,VA
100,54.7,2.54,1.1383,17004,42.43,70.51,GEV,21.5,1.0821,19.868,0.0664,Ore at Balfour Mains,Ore,162,56.18473,-3.08157,332965,699649,SEPA-SE,VA
200,61.4,2.86,1.1463,17004,46.98,80.24,GEV,21.5,1.0821,19.868,0.0664,Ore at Balfour Mains,Ore,162,56.18473,-3.08157,332965,699649,SEPA-SE,VA
500,71,3.3,1.1591,17004,53.16,94.83,GEV,21.5,1.0821,19.868,0.0664,Ore at Balfour Mains,Ore,162,56.18473,-3.08157,332965,699649,SEPA-SE,VA
1000,78.8,3.67,1.1703,17004,57.9,107.25,GEV,21.5,1.0821,19.868,0.0664,Ore at Balfour Mains,Ore,162,56.18473,-3.08157,332965,699649,SEPA-SE,VA
2,227,1,1.0512,18003,205.84,250.34,GenLog,227,1.0025,226.427,0.0019,Teith at Bridge of Teith,Teith,517.7,56.18573,-4.05557,272519,701136,SEPA-SE,VA
5,288,1.27,1.0523,18003,260.61,318.26,GenLog,227,1.0025,226.427,0.0019,Teith at Bridge of Teith,Teith,517.7,56.18573,-4.05557,272519,701136,SEPA-SE,VA
10,333,1.47,1.0545,18003,300.1,369.5,GenLog,227,1.0025,226.427,0.0019,Teith at Bridge of Teith,Teith,517.7,56.18573,-4.05557,272519,701136,SEPA-SE,VA
20,381,1.68,1.0581,18003,341.08,425.6,GenLog,227,1.0025,226.427,0.0019,Teith at Bridge of Teith,Teith,517.7,56.18573,-4.05557,272519,701136,SEPA-SE,VA
30,412,1.81,1.061,18003,366.86,462.7,GenLog,227,1.0025,226.427,0.0019,Teith at Bridge of Teith,Teith,517.7,56.18573,-4.05557,272519,701136,SEPA-SE,VA
50,453,2,1.0654,18003,400.1,512.89,GenLog,227,1.0025,226.427,0.0019,Teith at Bridge of Teith,Teith,517.7,56.18573,-4.05557,272519,701136,SEPA-SE,VA
75,490,2.16,1.0696,18003,429.46,559.07,GenLog,227,1.0025,226.427,0.0019,Teith at Bridge of Teith,Teith,517.7,56.18573,-4.05557,272519,701136,SEPA-SE,VA
100,517,2.28,1.0729,18003,450.4,593.45,GenLog,227,1.0025,226.427,0.0019,Teith at Bridge of Teith,Teith,517.7,56.18573,-4.05557,272519,701136,SEPA-SE,VA
200,590,2.6,1.082,18003,505.55,688.55,GenLog,227,1.0025,226.427,0.0019,Teith at Bridge of Teith,Teith,517.7,56.18573,-4.05557,272519,701136,SEPA-SE,VA
500,703,3.1,1.0963,18003,587.08,841.82,GenLog,227,1.0025,226.427,0.0019,Teith at Bridge of Teith,Teith,517.7,56.18573,-4.05557,272519,701136,SEPA-SE,VA
1000,803,3.54,1.1087,18003,655.96,982.99,GenLog,227,1.0025,226.427,0.0019,Teith at Bridge of Teith,Teith,517.7,56.18573,-4.05557,272519,701136,SEPA-SE,VA
2,93.2,1,1.0678,18008,81.96,105.99,GenLog,93.2,1.0004,93.165,3e-4,Leny at Anie,Leny,192.41,56.25788,-4.28541,258523,709613,SEPA-SE,VA
5,123,1.32,1.0699,18008,107.74,140.42,GenLog,93.2,1.0004,93.165,3e-4,Leny at Anie,Leny,192.41,56.25788,-4.28541,258523,709613,SEPA-SE,VA
10,145,1.56,1.0728,18008,126.34,166.41,GenLog,93.2,1.0004,93.165,3e-4,Leny at Anie,Leny,192.41,56.25788,-4.28541,258523,709613,SEPA-SE,VA
20,170,1.83,1.077,18008,147,196.6,GenLog,93.2,1.0004,93.165,3e-4,Leny at Anie,Leny,192.41,56.25788,-4.28541,258523,709613,SEPA-SE,VA
30,187,2,1.0802,18008,160.76,217.53,GenLog,93.2,1.0004,93.165,3e-4,Leny at Anie,Leny,192.41,56.25788,-4.28541,258523,709613,SEPA-SE,VA
50,209,2.25,1.085,18008,178.12,245.24,GenLog,93.2,1.0004,93.165,3e-4,Leny at Anie,Leny,192.41,56.25788,-4.28541,258523,709613,SEPA-SE,VA
75,229,2.46,1.0895,18008,193.58,270.89,GenLog,93.2,1.0004,93.165,3e-4,Leny at Anie,Leny,192.41,56.25788,-4.28541,258523,709613,SEPA-SE,VA
100,245,2.63,1.093,18008,205.81,291.65,GenLog,93.2,1.0004,93.165,3e-4,Leny at Anie,Leny,192.41,56.25788,-4.28541,258523,709613,SEPA-SE,VA
200,286,3.07,1.1025,18008,236.21,346.28,GenLog,93.2,1.0004,93.165,3e-4,Leny at Anie,Leny,192.41,56.25788,-4.28541,258523,709613,SEPA-SE,VA
500,353,3.78,1.1173,18008,284.03,438.72,GenLog,93.2,1.0004,93.165,3e-4,Leny at Anie,Leny,192.41,56.25788,-4.28541,258523,709613,SEPA-SE,VA
1000,414,4.44,1.1301,18008,325.76,526.15,GenLog,93.2,1.0004,93.165,3e-4,Leny at Anie,Leny,192.41,56.25788,-4.28541,258523,709613,SEPA-SE,VA
2,16.2,1,1.0615,18014,14.41,18.21,Kappa3,16.2,1.0368,15.624,0.0277,Bannock Burn at Bannockburn,Bannock Burn,23.7,56.09528,-3.91182,281161,690814,SEPA-SE,VA
5,21.3,1.32,1.0636,18014,18.88,24.04,Kappa3,16.2,1.0368,15.624,0.0277,Bannock Burn at Bannockburn,Bannock Burn,23.7,56.09528,-3.91182,281161,690814,SEPA-SE,VA
10,25.1,1.55,1.0659,18014,22.15,28.44,Kappa3,16.2,1.0368,15.624,0.0277,Bannock Burn at Bannockburn,Bannock Burn,23.7,56.09528,-3.91182,281161,690814,SEPA-SE,VA
20,29.1,1.8,1.0689,18014,25.54,33.16,Kappa3,16.2,1.0368,15.624,0.0277,Bannock Burn at Bannockburn,Bannock Burn,23.7,56.09528,-3.91182,281161,690814,SEPA-SE,VA
30,31.7,1.95,1.0712,18014,27.7,36.27,Kappa3,16.2,1.0368,15.624,0.0277,Bannock Burn at Bannockburn,Bannock Burn,23.7,56.09528,-3.91182,281161,690814,SEPA-SE,VA
50,35,2.16,1.0746,18014,30.4,40.3,Kappa3,16.2,1.0368,15.624,0.0277,Bannock Burn at Bannockburn,Bannock Burn,23.7,56.09528,-3.91182,281161,690814,SEPA-SE,VA
75,37.9,2.34,1.0778,18014,32.72,43.89,Kappa3,16.2,1.0368,15.624,0.0277,Bannock Burn at Bannockburn,Bannock Burn,23.7,56.09528,-3.91182,281161,690814,SEPA-SE,VA
100,40,2.47,1.0803,18014,34.38,46.54,Kappa3,16.2,1.0368,15.624,0.0277,Bannock Burn at Bannockburn,Bannock Burn,23.7,56.09528,-3.91182,281161,690814,SEPA-SE,VA
200,45.5,2.81,1.0872,18014,38.62,53.6,Kappa3,16.2,1.0368,15.624,0.0277,Bannock Burn at Bannockburn,Bannock Burn,23.7,56.09528,-3.91182,281161,690814,SEPA-SE,VA
500,53.8,3.32,1.0982,18014,44.78,64.64,Kappa3,16.2,1.0368,15.624,0.0277,Bannock Burn at Bannockburn,Bannock Burn,23.7,56.09528,-3.91182,281161,690814,SEPA-SE,VA
1000,60.8,3.76,1.1078,18014,49.75,74.31,Kappa3,16.2,1.0368,15.624,0.0277,Bannock Burn at Bannockburn,Bannock Burn,23.7,56.09528,-3.91182,281161,690814,SEPA-SE,VA
2,128,1,1.0376,19001,119.07,137.6,Gumbel,128,1.1208,114.201,0.0916,Almond at Craigiehall,Almond,369,55.96313,-3.33853,316538,675267,SEPA-SE,VA
5,162,1.27,1.0395,19001,150.15,174.78,Gumbel,128,1.1208,114.201,0.0916,Almond at Craigiehall,Almond,369,55.96313,-3.33853,316538,675267,SEPA-SE,VA
10,185,1.44,1.0432,19001,170.28,200.99,Gumbel,128,1.1208,114.201,0.0916,Almond at Craigiehall,Almond,369,55.96313,-3.33853,316538,675267,SEPA-SE,VA
20,207,1.61,1.0486,19001,188.61,227.18,Gumbel,128,1.1208,114.201,0.0916,Almond at Craigiehall,Almond,369,55.96313,-3.33853,316538,675267,SEPA-SE,VA
30,219,1.71,1.0525,19001,198.1,242.1,Gumbel,128,1.1208,114.201,0.0916,Almond at Craigiehall,Almond,369,55.96313,-3.33853,316538,675267,SEPA-SE,VA
50,235,1.83,1.0581,19001,210.38,262.51,Gumbel,128,1.1208,114.201,0.0916,Almond at Craigiehall,Almond,369,55.96313,-3.33853,316538,675267,SEPA-SE,VA
75,247,1.93,1.0631,19001,219.08,278.47,Gumbel,128,1.1208,114.201,0.0916,Almond at Craigiehall,Almond,369,55.96313,-3.33853,316538,675267,SEPA-SE,VA
100,256,2,1.0669,19001,225.48,290.64,Gumbel,128,1.1208,114.201,0.0916,Almond at Craigiehall,Almond,369,55.96313,-3.33853,316538,675267,SEPA-SE,VA
200,277,2.16,1.0771,19001,239.47,320.41,Gumbel,128,1.1208,114.201,0.0916,Almond at Craigiehall,Almond,369,55.96313,-3.33853,316538,675267,SEPA-SE,VA
500,305,2.38,1.0922,19001,256.58,362.55,Gumbel,128,1.1208,114.201,0.0916,Almond at Craigiehall,Almond,369,55.96313,-3.33853,316538,675267,SEPA-SE,VA
1000,326,2.54,1.1048,19001,268.15,396.33,Gumbel,128,1.1208,114.201,0.0916,Almond at Craigiehall,Almond,369,55.96313,-3.33853,316538,675267,SEPA-SE,VA
2,94.4,1,1.046,19005,86.44,103.1,Gumbel,94.4,1.0918,86.46,0.0763,Almond at Almondell,Almond,229,55.90182,-3.46302,308623,668601,SEPA-SE,FV
5,121,1.28,1.0485,19005,110.27,132.77,Gumbel,94.4,1.0918,86.46,0.0763,Almond at Almondell,Almond,229,55.90182,-3.46302,308623,668601,SEPA-SE,FV
10,139,1.47,1.0517,19005,125.92,153.43,Gumbel,94.4,1.0918,86.46,0.0763,Almond at Almondell,Almond,229,55.90182,-3.46302,308623,668601,SEPA-SE,FV
20,155,1.65,1.0563,19005,139.22,172.57,Gumbel,94.4,1.0918,86.46,0.0763,Almond at Almondell,Almond,229,55.90182,-3.46302,308623,668601,SEPA-SE,FV
30,165,1.75,1.0597,19005,147.27,184.86,Gumbel,94.4,1.0918,86.46,0.0763,Almond at Almondell,Almond,229,55.90182,-3.46302,308623,668601,SEPA-SE,FV
50,177,1.88,1.0648,19005,156.5,200.18,Gumbel,94.4,1.0918,86.46,0.0763,Almond at Almondell,Almond,229,55.90182,-3.46302,308623,668601,SEPA-SE,FV
75,187,1.98,1.0694,19005,163.96,213.28,Gumbel,94.4,1.0918,86.46,0.0763,Almond at Almondell,Almond,229,55.90182,-3.46302,308623,668601,SEPA-SE,FV
100,194,2.05,1.073,19005,168.98,222.73,Gumbel,94.4,1.0918,86.46,0.0763,Almond at Almondell,Almond,229,55.90182,-3.46302,308623,668601,SEPA-SE,FV
200,210,2.22,1.0827,19005,179.71,245.39,Gumbel,94.4,1.0918,86.46,0.0763,Almond at Almondell,Almond,229,55.90182,-3.46302,308623,668601,SEPA-SE,FV
500,231,2.45,1.0975,19005,192.49,277.21,Gumbel,94.4,1.0918,86.46,0.0763,Almond at Almondell,Almond,229,55.90182,-3.46302,308623,668601,SEPA-SE,FV
1000,248,2.62,1.1101,19005,202.09,304.34,Gumbel,94.4,1.0918,86.46,0.0763,Almond at Almondell,Almond,229,55.90182,-3.46302,308623,668601,SEPA-SE,FV
2,31.8,1,1.0623,19006,28.25,35.8,GEV,31.8,1.1784,26.985,0.1229,Water of Leith at Murrayfield,Water of Leith,107,55.94563,-3.23779,322792,673202,SEPA-SE,VA
5,44.6,1.4,1.0657,19006,39.37,50.52,GEV,31.8,1.1784,26.985,0.1229,Water of Leith at Murrayfield,Water of Leith,107,55.94563,-3.23779,322792,673202,SEPA-SE,VA
10,53.8,1.69,1.0709,19006,47.04,61.53,GEV,31.8,1.1784,26.985,0.1229,Water of Leith at Murrayfield,Water of Leith,107,55.94563,-3.23779,322792,673202,SEPA-SE,VA
20,63.2,1.99,1.0781,19006,54.54,73.24,GEV,31.8,1.1784,26.985,0.1229,Water of Leith at Murrayfield,Water of Leith,107,55.94563,-3.23779,322792,673202,SEPA-SE,VA
30,68.9,2.17,1.0833,19006,58.9,80.6,GEV,31.8,1.1784,26.985,0.1229,Water of Leith at Murrayfield,Water of Leith,107,55.94563,-3.23779,322792,673202,SEPA-SE,VA
50,76.4,2.4,1.0907,19006,64.45,90.57,GEV,31.8,1.1784,26.985,0.1229,Water of Leith at Murrayfield,Water of Leith,107,55.94563,-3.23779,322792,673202,SEPA-SE,VA
75,82.6,2.6,1.0972,19006,68.87,99.07,GEV,31.8,1.1784,26.985,0.1229,Water of Leith at Murrayfield,Water of Leith,107,55.94563,-3.23779,322792,673202,SEPA-SE,VA
100,87.1,2.74,1.1022,19006,71.98,105.4,GEV,31.8,1.1784,26.985,0.1229,Water of Leith at Murrayfield,Water of Leith,107,55.94563,-3.23779,322792,673202,SEPA-SE,VA
200,98.4,3.09,1.1154,19006,79.44,121.89,GEV,31.8,1.1784,26.985,0.1229,Water of Leith at Murrayfield,Water of Leith,107,55.94563,-3.23779,322792,673202,SEPA-SE,VA
500,114,3.6,1.135,19006,88.94,146.12,GEV,31.8,1.1784,26.985,0.1229,Water of Leith at Murrayfield,Water of Leith,107,55.94563,-3.23779,322792,673202,SEPA-SE,VA
1000,128,4.01,1.1513,19006,97.11,168.71,GEV,31.8,1.1784,26.985,0.1229,Water of Leith at Murrayfield,Water of Leith,107,55.94563,-3.23779,322792,673202,SEPA-SE,VA
2,67.9,1,1.0875,19007,57.61,80.03,Gumbel,67.9,1.0886,62.371,0.047,Esk at Musselburgh,Esk,330,55.93942,-3.06091,333828,672327,SEPA-SE,VA
5,95,1.4,1.0883,19007,80.48,112.14,Gumbel,67.9,1.0886,62.371,0.047,Esk at Musselburgh,Esk,330,55.93942,-3.06091,333828,672327,SEPA-SE,VA
10,113,1.66,1.09,19007,95.44,133.79,Gumbel,67.9,1.0886,62.371,0.047,Esk at Musselburgh,Esk,330,55.93942,-3.06091,333828,672327,SEPA-SE,VA
20,130,1.92,1.093,19007,109.21,154.75,Gumbel,67.9,1.0886,62.371,0.047,Esk at Musselburgh,Esk,330,55.93942,-3.06091,333828,672327,SEPA-SE,VA
30,140,2.06,1.0954,19007,117.1,167.38,Gumbel,67.9,1.0886,62.371,0.047,Esk at Musselburgh,Esk,330,55.93942,-3.06091,333828,672327,SEPA-SE,VA
50,152,2.24,1.0992,19007,126.28,182.96,Gumbel,67.9,1.0886,62.371,0.047,Esk at Musselburgh,Esk,330,55.93942,-3.06091,333828,672327,SEPA-SE,VA
75,162,2.39,1.1028,19007,133.73,196.25,Gumbel,67.9,1.0886,62.371,0.047,Esk at Musselburgh,Esk,330,55.93942,-3.06091,333828,672327,SEPA-SE,VA
100,169,2.49,1.1058,19007,138.77,205.82,Gumbel,67.9,1.0886,62.371,0.047,Esk at Musselburgh,Esk,330,55.93942,-3.06091,333828,672327,SEPA-SE,VA
200,186,2.73,1.114,19007,150.53,229.83,Gumbel,67.9,1.0886,62.371,0.047,Esk at Musselburgh,Esk,330,55.93942,-3.06091,333828,672327,SEPA-SE,VA
500,208,3.06,1.1273,19007,164.46,263.06,Gumbel,67.9,1.0886,62.371,0.047,Esk at Musselburgh,Esk,330,55.93942,-3.06091,333828,672327,SEPA-SE,VA
1000,224,3.3,1.139,19007,173.56,289.09,Gumbel,67.9,1.0886,62.371,0.047,Esk at Musselburgh,Esk,330,55.93942,-3.06091,333828,672327,SEPA-SE,VA
2,19.1,1,1.1286,19008,15.07,24.21,Kappa3,19.1,1.0202,18.722,0.0097,South Esk at Prestonholm,South Esk,112,55.84936,-3.07985,332488,662323,SEPA-SE,C
5,27.2,1.42,1.1314,19008,21.35,34.65,Kappa3,19.1,1.0202,18.722,0.0097,South Esk at Prestonholm,South Esk,112,55.84936,-3.07985,332488,662323,SEPA-SE,C
10,33.2,1.74,1.1349,19008,25.91,42.55,Kappa3,19.1,1.0202,18.722,0.0097,South Esk at Prestonholm,South Esk,112,55.84936,-3.07985,332488,662323,SEPA-SE,C
20,39.6,2.07,1.1397,19008,30.65,51.17,Kappa3,19.1,1.0202,18.722,0.0097,South Esk at Prestonholm,South Esk,112,55.84936,-3.07985,332488,662323,SEPA-SE,C
30,43.6,2.28,1.1431,19008,33.55,56.67,Kappa3,19.1,1.0202,18.722,0.0097,South Esk at Prestonholm,South Esk,112,55.84936,-3.07985,332488,662323,SEPA-SE,C
50,48.9,2.56,1.1482,19008,37.3,64.11,Kappa3,19.1,1.0202,18.722,0.0097,South Esk at Prestonholm,South Esk,112,55.84936,-3.07985,332488,662323,SEPA-SE,C
75,53.5,2.8,1.1528,19008,40.49,70.7,Kappa3,19.1,1.0202,18.722,0.0097,South Esk at Prestonholm,South Esk,112,55.84936,-3.07985,332488,662323,SEPA-SE,C
100,56.9,2.98,1.1564,19008,42.8,75.65,Kappa3,19.1,1.0202,18.722,0.0097,South Esk at Prestonholm,South Esk,112,55.84936,-3.07985,332488,662323,SEPA-SE,C
200,65.8,3.45,1.1662,19008,48.68,88.94,Kappa3,19.1,1.0202,18.722,0.0097,South Esk at Prestonholm,South Esk,112,55.84936,-3.07985,332488,662323,SEPA-SE,C
500,79.2,4.15,1.1816,19008,57.11,109.84,Kappa3,19.1,1.0202,18.722,0.0097,South Esk at Prestonholm,South Esk,112,55.84936,-3.07985,332488,662323,SEPA-SE,C
1000,90.7,4.75,1.195,19008,63.97,128.6,Kappa3,19.1,1.0202,18.722,0.0097,South Esk at Prestonholm,South Esk,112,55.84936,-3.07985,332488,662323,SEPA-SE,C
2,10.5,1,1.1219,19014,8.38,13.16,GEV,10.5,1.2467,8.422,0.1667,Brox Burn at Newliston,Brox Burn,34.1,55.94296,-3.42022,311393,673124,SEPA-SE,B
5,14.9,1.42,1.122,19014,11.89,18.67,GEV,10.5,1.2467,8.422,0.1667,Brox Burn at Newliston,Brox Burn,34.1,55.94296,-3.42022,311393,673124,SEPA-SE,B
10,18.1,1.72,1.1228,19014,14.42,22.71,GEV,10.5,1.2467,8.422,0.1667,Brox Burn at Newliston,Brox Burn,34.1,55.94296,-3.42022,311393,673124,SEPA-SE,B
20,21.3,2.03,1.1242,19014,16.93,26.79,GEV,10.5,1.2467,8.422,0.1667,Brox Burn at Newliston,Brox Burn,34.1,55.94296,-3.42022,311393,673124,SEPA-SE,B
30,23.3,2.22,1.1255,19014,18.48,29.38,GEV,10.5,1.2467,8.422,0.1667,Brox Burn at Newliston,Brox Burn,34.1,55.94296,-3.42022,311393,673124,SEPA-SE,B
50,25.8,2.46,1.1275,19014,20.39,32.64,GEV,10.5,1.2467,8.422,0.1667,Brox Burn at Newliston,Brox Burn,34.1,55.94296,-3.42022,311393,673124,SEPA-SE,B
75,27.9,2.66,1.1295,19014,21.98,35.42,GEV,10.5,1.2467,8.422,0.1667,Brox Burn at Newliston,Brox Burn,34.1,55.94296,-3.42022,311393,673124,SEPA-SE,B
100,29.4,2.8,1.1312,19014,23.09,37.44,GEV,10.5,1.2467,8.422,0.1667,Brox Burn at Newliston,Brox Burn,34.1,55.94296,-3.42022,311393,673124,SEPA-SE,B
200,33.2,3.17,1.136,19014,25.86,42.63,GEV,10.5,1.2467,8.422,0.1667,Brox Burn at Newliston,Brox Burn,34.1,55.94296,-3.42022,311393,673124,SEPA-SE,B
500,38.6,3.68,1.1441,19014,29.65,50.25,GEV,10.5,1.2467,8.422,0.1667,Brox Burn at Newliston,Brox Burn,34.1,55.94296,-3.42022,311393,673124,SEPA-SE,B
1000,43,4.09,1.1516,19014,32.61,56.7,GEV,10.5,1.2467,8.422,0.1667,Brox Burn at Newliston,Brox Burn,34.1,55.94296,-3.42022,311393,673124,SEPA-SE,B
2,12.8,1,1.0855,19017,10.9,15.03,GEV,12.8,1.2653,10.116,0.1496,Gogar Burn at Turnhouse,Gogar Burn,38.8,55.94529,-3.34512,316088,673289,SEPA-SE,MIS
5,17.7,1.38,1.087,19017,15.03,20.84,GEV,12.8,1.2653,10.116,0.1496,Gogar Burn at Turnhouse,Gogar Burn,38.8,55.94529,-3.34512,316088,673289,SEPA-SE,MIS
10,21.2,1.66,1.0901,19017,17.9,25.11,GEV,12.8,1.2653,10.116,0.1496,Gogar Burn at Turnhouse,Gogar Burn,38.8,55.94529,-3.34512,316088,673289,SEPA-SE,MIS
20,24.8,1.94,1.0948,19017,20.77,29.62,GEV,12.8,1.2653,10.116,0.1496,Gogar Burn at Turnhouse,Gogar Burn,38.8,55.94529,-3.34512,316088,673289,SEPA-SE,MIS
30,27.1,2.11,1.0983,19017,22.55,32.57,GEV,12.8,1.2653,10.116,0.1496,Gogar Burn at Turnhouse,Gogar Burn,38.8,55.94529,-3.34512,316088,673289,SEPA-SE,MIS
50,30,2.34,1.1035,19017,24.73,36.39,GEV,12.8,1.2653,10.116,0.1496,Gogar Burn at Turnhouse,Gogar Burn,38.8,55.94529,-3.34512,316088,673289,SEPA-SE,MIS
75,32.4,2.53,1.1083,19017,26.49,39.63,GEV,12.8,1.2653,10.116,0.1496,Gogar Burn at Turnhouse,Gogar Burn,38.8,55.94529,-3.34512,316088,673289,SEPA-SE,MIS
100,34.1,2.67,1.1121,19017,27.69,41.99,GEV,12.8,1.2653,10.116,0.1496,Gogar Burn at Turnhouse,Gogar Burn,38.8,55.94529,-3.34512,316088,673289,SEPA-SE,MIS
200,38.5,3.01,1.1222,19017,30.71,48.26,GEV,12.8,1.2653,10.116,0.1496,Gogar Burn at Turnhouse,Gogar Burn,38.8,55.94529,-3.34512,316088,673289,SEPA-SE,MIS
500,44.9,3.51,1.1379,19017,34.86,57.84,GEV,12.8,1.2653,10.116,0.1496,Gogar Burn at Turnhouse,Gogar Burn,38.8,55.94529,-3.34512,316088,673289,SEPA-SE,MIS
1000,50.1,3.91,1.1513,19017,38.01,66.03,GEV,12.8,1.2653,10.116,0.1496,Gogar Burn at Turnhouse,Gogar Burn,38.8,55.94529,-3.34512,316088,673289,SEPA-SE,MIS
2,38.2,1,1.1042,19021,31.46,46.39,GEV,38.2,1.0886,35.09,0.0464,South Esk at Cowbridge,South Esk,156,55.89857,-3.05955,333843,667779,SEPA-SE,VA
5,55.1,1.44,1.1053,19021,45.28,67.05,GEV,38.2,1.0886,35.09,0.0464,South Esk at Cowbridge,South Esk,156,55.89857,-3.05955,333843,667779,SEPA-SE,VA
10,67.2,1.76,1.1068,19021,55.08,81.99,GEV,38.2,1.0886,35.09,0.0464,South Esk at Cowbridge,South Esk,156,55.89857,-3.05955,333843,667779,SEPA-SE,VA
20,79.4,2.08,1.1093,19021,64.79,97.3,GEV,38.2,1.0886,35.09,0.0464,South Esk at Cowbridge,South Esk,156,55.89857,-3.05955,333843,667779,SEPA-SE,VA
30,86.7,2.27,1.1113,19021,70.5,106.62,GEV,38.2,1.0886,35.09,0.0464,South Esk at Cowbridge,South Esk,156,55.89857,-3.05955,333843,667779,SEPA-SE,VA
50,96.1,2.52,1.1144,19021,77.72,118.83,GEV,38.2,1.0886,35.09,0.0464,South Esk at Cowbridge,South Esk,156,55.89857,-3.05955,333843,667779,SEPA-SE,VA
75,104,2.72,1.1174,19021,83.67,129.28,GEV,38.2,1.0886,35.09,0.0464,South Esk at Cowbridge,South Esk,156,55.89857,-3.05955,333843,667779,SEPA-SE,VA
100,109,2.87,1.1198,19021,87.32,136.06,GEV,38.2,1.0886,35.09,0.0464,South Esk at Cowbridge,South Esk,156,55.89857,-3.05955,333843,667779,SEPA-SE,VA
200,123,3.23,1.1266,19021,97.37,155.37,GEV,38.2,1.0886,35.09,0.0464,South Esk at Cowbridge,South Esk,156,55.89857,-3.05955,333843,667779,SEPA-SE,VA
500,143,3.75,1.1378,19021,111.03,184.17,GEV,38.2,1.0886,35.09,0.0464,South Esk at Cowbridge,South Esk,156,55.89857,-3.05955,333843,667779,SEPA-SE,VA
1000,159,4.16,1.1478,19021,121.36,208.32,GEV,38.2,1.0886,35.09,0.0464,South Esk at Cowbridge,South Esk,156,55.89857,-3.05955,333843,667779,SEPA-SE,VA
2,59.1,1,1.08,20001,50.82,68.72,GEV,59.1,1.0254,57.637,0.016,Tyne at East Linton,Tyne,307,55.9825,-2.6572,359091,676808,SEPA-SE,VA
5,87.8,1.49,1.0823,20001,75.19,102.52,GEV,59.1,1.0254,57.637,0.016,Tyne at East Linton,Tyne,307,55.9825,-2.6572,359091,676808,SEPA-SE,VA
10,108,1.82,1.0855,20001,91.96,126.84,GEV,59.1,1.0254,57.637,0.016,Tyne at East Linton,Tyne,307,55.9825,-2.6572,359091,676808,SEPA-SE,VA
20,128,2.16,1.0903,20001,108.05,151.64,GEV,59.1,1.0254,57.637,0.016,Tyne at East Linton,Tyne,307,55.9825,-2.6572,359091,676808,SEPA-SE,VA
30,140,2.37,1.0938,20001,117.44,166.9,GEV,59.1,1.0254,57.637,0.016,Tyne at East Linton,Tyne,307,55.9825,-2.6572,359091,676808,SEPA-SE,VA
50,155,2.62,1.0991,20001,128.79,186.54,GEV,59.1,1.0254,57.637,0.016,Tyne at East Linton,Tyne,307,55.9825,-2.6572,359091,676808,SEPA-SE,VA
75,167,2.83,1.1039,20001,137.59,202.7,GEV,59.1,1.0254,57.637,0.016,Tyne at East Linton,Tyne,307,55.9825,-2.6572,359091,676808,SEPA-SE,VA
100,176,2.98,1.1077,20001,144.03,215.07,GEV,59.1,1.0254,57.637,0.016,Tyne at East Linton,Tyne,307,55.9825,-2.6572,359091,676808,SEPA-SE,VA
200,199,3.36,1.118,20001,159.92,247.63,GEV,59.1,1.0254,57.637,0.016,Tyne at East Linton,Tyne,307,55.9825,-2.6572,359091,676808,SEPA-SE,VA
500,229,3.88,1.1338,20001,179.04,292.91,GEV,59.1,1.0254,57.637,0.016,Tyne at East Linton,Tyne,307,55.9825,-2.6572,359091,676808,SEPA-SE,VA
1000,253,4.29,1.1474,20001,193.23,331.25,GEV,59.1,1.0254,57.637,0.016,Tyne at East Linton,Tyne,307,55.9825,-2.6572,359091,676808,SEPA-SE,VA
2,31.3,1,1.18,20003,22.63,43.29,Gumbel,31.3,1.0237,30.574,0.0138,Tyne at Spilmersford,Tyne,161,55.91003,-2.8715,345618,668891,SEPA-SE,VA
5,47.3,1.51,1.18,20003,34.2,65.43,Gumbel,31.3,1.0237,30.574,0.0138,Tyne at Spilmersford,Tyne,161,55.91003,-2.8715,345618,668891,SEPA-SE,VA
10,57.8,1.85,1.1811,20003,41.71,80.1,Gumbel,31.3,1.0237,30.574,0.0138,Tyne at Spilmersford,Tyne,161,55.91003,-2.8715,345618,668891,SEPA-SE,VA
20,68,2.17,1.1834,20003,48.88,94.59,Gumbel,31.3,1.0237,30.574,0.0138,Tyne at Spilmersford,Tyne,161,55.91003,-2.8715,345618,668891,SEPA-SE,VA
30,73.8,2.36,1.1852,20003,52.9,102.96,Gumbel,31.3,1.0237,30.574,0.0138,Tyne at Spilmersford,Tyne,161,55.91003,-2.8715,345618,668891,SEPA-SE,VA
50,81.1,2.59,1.1882,20003,57.84,113.71,Gumbel,31.3,1.0237,30.574,0.0138,Tyne at Spilmersford,Tyne,161,55.91003,-2.8715,345618,668891,SEPA-SE,VA
75,86.9,2.78,1.1911,20003,61.68,122.43,Gumbel,31.3,1.0237,30.574,0.0138,Tyne at Spilmersford,Tyne,161,55.91003,-2.8715,345618,668891,SEPA-SE,VA
100,90.9,2.91,1.1935,20003,64.27,128.57,Gumbel,31.3,1.0237,30.574,0.0138,Tyne at Spilmersford,Tyne,161,55.91003,-2.8715,345618,668891,SEPA-SE,VA
200,101,3.22,1.2003,20003,70.62,144.45,Gumbel,31.3,1.0237,30.574,0.0138,Tyne at Spilmersford,Tyne,161,55.91003,-2.8715,345618,668891,SEPA-SE,VA
500,114,3.63,1.2116,20003,78.26,166.07,Gumbel,31.3,1.0237,30.574,0.0138,Tyne at Spilmersford,Tyne,161,55.91003,-2.8715,345618,668891,SEPA-SE,VA
1000,123,3.94,1.2219,20003,83.05,182.18,Gumbel,31.3,1.0237,30.574,0.0138,Tyne at Spilmersford,Tyne,161,55.91003,-2.8715,345618,668891,SEPA-SE,VA
2,18.2,1,1.0736,20005,15.84,20.92,GEV,18.2,1.0086,18.045,0.0048,Birns Water at Saltoun Hall,Birns Water,93,55.90846,-2.87039,345685,668715,SEPA-SE,VA
5,27,1.48,1.0761,20005,23.38,31.17,GEV,18.2,1.0086,18.045,0.0048,Birns Water at Saltoun Hall,Birns Water,93,55.90846,-2.87039,345685,668715,SEPA-SE,VA
10,33,1.81,1.0797,20005,28.39,38.35,GEV,18.2,1.0086,18.045,0.0048,Birns Water at Saltoun Hall,Birns Water,93,55.90846,-2.87039,345685,668715,SEPA-SE,VA
20,38.9,2.14,1.0846,20005,33.18,45.61,GEV,18.2,1.0086,18.045,0.0048,Birns Water at Saltoun Hall,Birns Water,93,55.90846,-2.87039,345685,668715,SEPA-SE,VA
30,42.4,2.33,1.0881,20005,35.93,50.03,GEV,18.2,1.0086,18.045,0.0048,Birns Water at Saltoun Hall,Birns Water,93,55.90846,-2.87039,345685,668715,SEPA-SE,VA
50,46.8,2.57,1.0932,20005,39.3,55.73,GEV,18.2,1.0086,18.045,0.0048,Birns Water at Saltoun Hall,Birns Water,93,55.90846,-2.87039,345685,668715,SEPA-SE,VA
75,50.4,2.77,1.0978,20005,41.98,60.51,GEV,18.2,1.0086,18.045,0.0048,Birns Water at Saltoun Hall,Birns Water,93,55.90846,-2.87039,345685,668715,SEPA-SE,VA
100,53,2.91,1.1013,20005,43.87,64.03,GEV,18.2,1.0086,18.045,0.0048,Birns Water at Saltoun Hall,Birns Water,93,55.90846,-2.87039,345685,668715,SEPA-SE,VA
200,59.2,3.26,1.1107,20005,48.19,72.73,GEV,18.2,1.0086,18.045,0.0048,Birns Water at Saltoun Hall,Birns Water,93,55.90846,-2.87039,345685,668715,SEPA-SE,VA
500,67.8,3.72,1.125,20005,53.82,85.41,GEV,18.2,1.0086,18.045,0.0048,Birns Water at Saltoun Hall,Birns Water,93,55.90846,-2.87039,345685,668715,SEPA-SE,VA
1000,74.4,4.09,1.1372,20005,57.83,95.72,GEV,18.2,1.0086,18.045,0.0048,Birns Water at Saltoun Hall,Birns Water,93,55.90846,-2.87039,345685,668715,SEPA-SE,VA
2,11.7,1,1.1385,20006,9.07,15.09,GEV,11.7,1.0108,11.575,0.0071,Biel Water at Belton House,Biel Water,51.8,55.98303,-2.57095,364473,676819,SEPA-SE,VA
5,17.6,1.51,1.139,20006,13.64,22.71,GEV,11.7,1.0108,11.575,0.0071,Biel Water at Belton House,Biel Water,51.8,55.98303,-2.57095,364473,676819,SEPA-SE,VA
10,21.8,1.86,1.1404,20006,16.85,28.2,GEV,11.7,1.0108,11.575,0.0071,Biel Water at Belton House,Biel Water,51.8,55.98303,-2.57095,364473,676819,SEPA-SE,VA
20,26,2.22,1.1429,20006,20.01,33.78,GEV,11.7,1.0108,11.575,0.0071,Biel Water at Belton House,Biel Water,51.8,55.98303,-2.57095,364473,676819,SEPA-SE,VA
30,28.5,2.43,1.1448,20006,21.86,37.15,GEV,11.7,1.0108,11.575,0.0071,Biel Water at Belton House,Biel Water,51.8,55.98303,-2.57095,364473,676819,SEPA-SE,VA
50,31.7,2.71,1.1478,20006,24.19,41.53,GEV,11.7,1.0108,11.575,0.0071,Biel Water at Belton House,Biel Water,51.8,55.98303,-2.57095,364473,676819,SEPA-SE,VA
75,34.3,2.93,1.1507,20006,26.05,45.16,GEV,11.7,1.0108,11.575,0.0071,Biel Water at Belton House,Biel Water,51.8,55.98303,-2.57095,364473,676819,SEPA-SE,VA
100,36.2,3.1,1.153,20006,27.39,47.85,GEV,11.7,1.0108,11.575,0.0071,Biel Water at Belton House,Biel Water,51.8,55.98303,-2.57095,364473,676819,SEPA-SE,VA
200,40.9,3.5,1.1596,20006,30.6,54.67,GEV,11.7,1.0108,11.575,0.0071,Biel Water at Belton House,Biel Water,51.8,55.98303,-2.57095,364473,676819,SEPA-SE,VA
500,47.5,4.06,1.1704,20006,34.89,64.66,GEV,11.7,1.0108,11.575,0.0071,Biel Water at Belton House,Biel Water,51.8,55.98303,-2.57095,364473,676819,SEPA-SE,VA
1000,52.7,4.51,1.1802,20006,38.09,72.92,GEV,11.7,1.0108,11.575,0.0071,Biel Water at Belton House,Biel Water,51.8,55.98303,-2.57095,364473,676819,SEPA-SE,VA
2,17.3,1,1.1318,20007,13.57,22.05,GEV,17.3,1.0098,17.133,0.0058,Gifford Water at Lennoxlove,Gifford Water,64,55.93585,-2.7842,351108,671699,SEPA-SE,VA
5,26,1.5,1.1323,20007,20.38,33.17,GEV,17.3,1.0098,17.133,0.0058,Gifford Water at Lennoxlove,Gifford Water,64,55.93585,-2.7842,351108,671699,SEPA-SE,VA
10,32,1.85,1.134,20007,25.01,40.94,GEV,17.3,1.0098,17.133,0.0058,Gifford Water at Lennoxlove,Gifford Water,64,55.93585,-2.7842,351108,671699,SEPA-SE,VA
20,38,2.2,1.1368,20007,29.56,48.86,GEV,17.3,1.0098,17.133,0.0058,Gifford Water at Lennoxlove,Gifford Water,64,55.93585,-2.7842,351108,671699,SEPA-SE,VA
30,41.5,2.4,1.139,20007,32.16,53.56,GEV,17.3,1.0098,17.133,0.0058,Gifford Water at Lennoxlove,Gifford Water,64,55.93585,-2.7842,351108,671699,SEPA-SE,VA
50,46.1,2.66,1.1423,20007,35.52,59.83,GEV,17.3,1.0098,17.133,0.0058,Gifford Water at Lennoxlove,Gifford Water,64,55.93585,-2.7842,351108,671699,SEPA-SE,VA
75,49.8,2.88,1.1455,20007,38.16,64.99,GEV,17.3,1.0098,17.133,0.0058,Gifford Water at Lennoxlove,Gifford Water,64,55.93585,-2.7842,351108,671699,SEPA-SE,VA
100,52.4,3.03,1.148,20007,39.98,68.68,GEV,17.3,1.0098,17.133,0.0058,Gifford Water at Lennoxlove,Gifford Water,64,55.93585,-2.7842,351108,671699,SEPA-SE,VA
200,58.9,3.41,1.1551,20007,44.4,78.14,GEV,17.3,1.0098,17.133,0.0058,Gifford Water at Lennoxlove,Gifford Water,64,55.93585,-2.7842,351108,671699,SEPA-SE,VA
500,67.9,3.93,1.1664,20007,50.22,91.81,GEV,17.3,1.0098,17.133,0.0058,Gifford Water at Lennoxlove,Gifford Water,64,55.93585,-2.7842,351108,671699,SEPA-SE,VA
1000,75,4.33,1.1764,20007,54.55,103.12,GEV,17.3,1.0098,17.133,0.0058,Gifford Water at Lennoxlove,Gifford Water,64,55.93585,-2.7842,351108,671699,SEPA-SE,VA
2,187,1,1.0554,21003,168.25,207.84,Kappa3,187,1.0068,185.741,0.0046,Tweed at Peebles,Tweed,694,55.64801,-3.18025,325821,640017,SEPA-SE,VA
5,251,1.34,1.0571,21003,225.12,279.86,Kappa3,187,1.0068,185.741,0.0046,Tweed at Peebles,Tweed,694,55.64801,-3.18025,325821,640017,SEPA-SE,VA
10,302,1.62,1.062,21003,268.41,339.79,Kappa3,187,1.0068,185.741,0.0046,Tweed at Peebles,Tweed,694,55.64801,-3.18025,325821,640017,SEPA-SE,VA
20,362,1.93,1.0705,21003,316.75,413.71,Kappa3,187,1.0068,185.741,0.0046,Tweed at Peebles,Tweed,694,55.64801,-3.18025,325821,640017,SEPA-SE,VA
30,401,2.14,1.077,21003,346.74,463.75,Kappa3,187,1.0068,185.741,0.0046,Tweed at Peebles,Tweed,694,55.64801,-3.18025,325821,640017,SEPA-SE,VA
50,456,2.44,1.0868,21003,387.36,536.81,Kappa3,187,1.0068,185.741,0.0046,Tweed at Peebles,Tweed,694,55.64801,-3.18025,325821,640017,SEPA-SE,VA
75,506,2.7,1.0957,21003,423.01,605.27,Kappa3,187,1.0068,185.741,0.0046,Tweed at Peebles,Tweed,694,55.64801,-3.18025,325821,640017,SEPA-SE,VA
100,544,2.91,1.1026,21003,449.22,658.78,Kappa3,187,1.0068,185.741,0.0046,Tweed at Peebles,Tweed,694,55.64801,-3.18025,325821,640017,SEPA-SE,VA
200,648,3.46,1.1209,21003,518.11,810.45,Kappa3,187,1.0068,185.741,0.0046,Tweed at Peebles,Tweed,694,55.64801,-3.18025,325821,640017,SEPA-SE,VA
500,817,4.37,1.1484,21003,622.93,1071.53,Kappa3,187,1.0068,185.741,0.0046,Tweed at Peebles,Tweed,694,55.64801,-3.18025,325821,640017,SEPA-SE,VA
1000,974,5.21,1.1712,21003,714.57,1327.63,Kappa3,187,1.0068,185.741,0.0046,Tweed at Peebles,Tweed,694,55.64801,-3.18025,325821,640017,SEPA-SE,VA
2,397,1,1.0489,21006,361.54,435.94,Gumbel,397,1.006,394.62,0.0043,Tweed at Boleside,Tweed,1500,55.59142,-2.7977,349823,633376,SEPA-SE,VA
5,522,1.32,1.0507,21006,473.78,575.13,Gumbel,397,1.006,394.62,0.0043,Tweed at Boleside,Tweed,1500,55.59142,-2.7977,349823,633376,SEPA-SE,VA
10,605,1.53,1.0533,21006,546.45,669.82,Gumbel,397,1.006,394.62,0.0043,Tweed at Boleside,Tweed,1500,55.59142,-2.7977,349823,633376,SEPA-SE,VA
20,685,1.73,1.0571,21006,614.36,763.76,Gumbel,397,1.006,394.62,0.0043,Tweed at Boleside,Tweed,1500,55.59142,-2.7977,349823,633376,SEPA-SE,VA
30,731,1.84,1.0601,21006,651.98,819.59,Gumbel,397,1.006,394.62,0.0043,Tweed at Boleside,Tweed,1500,55.59142,-2.7977,349823,633376,SEPA-SE,VA
50,788,1.99,1.0645,21006,697.14,890.7,Gumbel,397,1.006,394.62,0.0043,Tweed at Boleside,Tweed,1500,55.59142,-2.7977,349823,633376,SEPA-SE,VA
75,834,2.1,1.0687,21006,732.16,950,Gumbel,397,1.006,394.62,0.0043,Tweed at Boleside,Tweed,1500,55.59142,-2.7977,349823,633376,SEPA-SE,VA
100,866,2.18,1.072,21006,755.68,992.43,Gumbel,397,1.006,394.62,0.0043,Tweed at Boleside,Tweed,1500,55.59142,-2.7977,349823,633376,SEPA-SE,VA
200,943,2.37,1.081,21006,809.49,1098.53,Gumbel,397,1.006,394.62,0.0043,Tweed at Boleside,Tweed,1500,55.59142,-2.7977,349823,633376,SEPA-SE,VA
500,1040,2.63,1.095,21006,870.53,1242.47,Gumbel,397,1.006,394.62,0.0043,Tweed at Boleside,Tweed,1500,55.59142,-2.7977,349823,633376,SEPA-SE,VA
1000,1120,2.82,1.1071,21006,917.51,1367.18,Gumbel,397,1.006,394.62,0.0043,Tweed at Boleside,Tweed,1500,55.59142,-2.7977,349823,633376,SEPA-SE,VA
2,225,1,1.0605,21007,200.53,252.45,GEV,225,1.0036,224.182,0.0029,Ettrick Water at Lindean,Ettrick Water,499,55.57469,-2.81754,348551,631529,SEPA-SE,VA
5,289,1.28,1.0613,21007,257.19,324.74,GEV,225,1.0036,224.182,0.0029,Ettrick Water at Lindean,Ettrick Water,499,55.57469,-2.81754,348551,631529,SEPA-SE,VA
10,331,1.47,1.063,21007,293.65,373.11,GEV,225,1.0036,224.182,0.0029,Ettrick Water at Lindean,Ettrick Water,499,55.57469,-2.81754,348551,631529,SEPA-SE,VA
20,370,1.65,1.0657,21007,326.62,419.15,GEV,225,1.0036,224.182,0.0029,Ettrick Water at Lindean,Ettrick Water,499,55.57469,-2.81754,348551,631529,SEPA-SE,VA
30,393,1.75,1.0678,21007,345.58,446.92,GEV,225,1.0036,224.182,0.0029,Ettrick Water at Lindean,Ettrick Water,499,55.57469,-2.81754,348551,631529,SEPA-SE,VA
50,421,1.87,1.0711,21007,367.97,481.67,GEV,225,1.0036,224.182,0.0029,Ettrick Water at Lindean,Ettrick Water,499,55.57469,-2.81754,348551,631529,SEPA-SE,VA
75,443,1.97,1.0741,21007,385.08,509.63,GEV,225,1.0036,224.182,0.0029,Ettrick Water at Lindean,Ettrick Water,499,55.57469,-2.81754,348551,631529,SEPA-SE,VA
100,459,2.04,1.0765,21007,397.25,530.35,GEV,225,1.0036,224.182,0.0029,Ettrick Water at Lindean,Ettrick Water,499,55.57469,-2.81754,348551,631529,SEPA-SE,VA
200,496,2.2,1.0832,21007,424.08,580.11,GEV,225,1.0036,224.182,0.0029,Ettrick Water at Lindean,Ettrick Water,499,55.57469,-2.81754,348551,631529,SEPA-SE,VA
500,545,2.42,1.0938,21007,457.17,649.7,GEV,225,1.0036,224.182,0.0029,Ettrick Water at Lindean,Ettrick Water,499,55.57469,-2.81754,348551,631529,SEPA-SE,VA
1000,581,2.58,1.1032,21007,479.26,704.33,GEV,225,1.0036,224.182,0.0029,Ettrick Water at Lindean,Ettrick Water,499,55.57469,-2.81754,348551,631529,SEPA-SE,VA
2,343,1,1.0566,21008,307.91,382.08,Gumbel,343,1.0069,340.644,0.0055,Teviot at Ormiston Mill,Teviot,1110,55.54513,-2.47336,370229,628038,SEPA-SE,VA
5,451,1.32,1.0588,21008,403.22,504.44,Gumbel,343,1.0069,340.644,0.0055,Teviot at Ormiston Mill,Teviot,1110,55.54513,-2.47336,370229,628038,SEPA-SE,VA
10,523,1.52,1.0612,21008,465.52,587.58,Gumbel,343,1.0069,340.644,0.0055,Teviot at Ormiston Mill,Teviot,1110,55.54513,-2.47336,370229,628038,SEPA-SE,VA
20,591,1.72,1.0646,21008,522.76,668.15,Gumbel,343,1.0069,340.644,0.0055,Teviot at Ormiston Mill,Teviot,1110,55.54513,-2.47336,370229,628038,SEPA-SE,VA
30,631,1.84,1.0672,21008,555.48,716.79,Gumbel,343,1.0069,340.644,0.0055,Teviot at Ormiston Mill,Teviot,1110,55.54513,-2.47336,370229,628038,SEPA-SE,VA
50,680,1.98,1.0712,21008,594.24,778.14,Gumbel,343,1.0069,340.644,0.0055,Teviot at Ormiston Mill,Teviot,1110,55.54513,-2.47336,370229,628038,SEPA-SE,VA
75,719,2.1,1.0748,21008,624.2,828.19,Gumbel,343,1.0069,340.644,0.0055,Teviot at Ormiston Mill,Teviot,1110,55.54513,-2.47336,370229,628038,SEPA-SE,VA
100,747,2.18,1.0777,21008,645.1,865,Gumbel,343,1.0069,340.644,0.0055,Teviot at Ormiston Mill,Teviot,1110,55.54513,-2.47336,370229,628038,SEPA-SE,VA
200,813,2.37,1.0857,21008,691.99,955.17,Gumbel,343,1.0069,340.644,0.0055,Teviot at Ormiston Mill,Teviot,1110,55.54513,-2.47336,370229,628038,SEPA-SE,VA
500,901,2.63,1.0982,21008,749.88,1082.58,Gumbel,343,1.0069,340.644,0.0055,Teviot at Ormiston Mill,Teviot,1110,55.54513,-2.47336,370229,628038,SEPA-SE,VA
1000,967,2.82,1.1092,21008,789.24,1184.8,Gumbel,343,1.0069,340.644,0.0055,Teviot at Ormiston Mill,Teviot,1110,55.54513,-2.47336,370229,628038,SEPA-SE,VA
2,200,1,1.0281,21012,189.43,211.16,GEV,200,1.0102,197.982,0.0082,Teviot at Hawick,Teviot,323,55.43437,-2.75646,352232,615869,SEPA-SE,VA
5,255,1.27,1.0295,21012,240.88,269.95,GEV,200,1.0102,197.982,0.0082,Teviot at Hawick,Teviot,323,55.43437,-2.75646,352232,615869,SEPA-SE,VA
10,290,1.45,1.0325,21012,272.38,308.76,GEV,200,1.0102,197.982,0.0082,Teviot at Hawick,Teviot,323,55.43437,-2.75646,352232,615869,SEPA-SE,VA
20,324,1.62,1.0371,21012,301.67,347.98,GEV,200,1.0102,197.982,0.0082,Teviot at Hawick,Teviot,323,55.43437,-2.75646,352232,615869,SEPA-SE,VA
30,343,1.71,1.0405,21012,317.32,370.76,GEV,200,1.0102,197.982,0.0082,Teviot at Hawick,Teviot,323,55.43437,-2.75646,352232,615869,SEPA-SE,VA
50,366,1.83,1.0455,21012,335.43,399.35,GEV,200,1.0102,197.982,0.0082,Teviot at Hawick,Teviot,323,55.43437,-2.75646,352232,615869,SEPA-SE,VA
75,385,1.92,1.05,21012,349.89,423.63,GEV,200,1.0102,197.982,0.0082,Teviot at Hawick,Teviot,323,55.43437,-2.75646,352232,615869,SEPA-SE,VA
100,398,1.99,1.0535,21012,359.35,440.81,GEV,200,1.0102,197.982,0.0082,Teviot at Hawick,Teviot,323,55.43437,-2.75646,352232,615869,SEPA-SE,VA
200,429,2.14,1.0626,21012,380.87,483.22,GEV,200,1.0102,197.982,0.0082,Teviot at Hawick,Teviot,323,55.43437,-2.75646,352232,615869,SEPA-SE,VA
500,469,2.35,1.0764,21012,405.98,541.8,GEV,200,1.0102,197.982,0.0082,Teviot at Hawick,Teviot,323,55.43437,-2.75646,352232,615869,SEPA-SE,VA
1000,499,2.49,1.0878,21012,423.12,588.49,GEV,200,1.0102,197.982,0.0082,Teviot at Hawick,Teviot,323,55.43437,-2.75646,352232,615869,SEPA-SE,VA
2,52.9,1,1.0674,21013,46.55,60.11,Gumbel,52.9,1.0036,52.708,0.0024,Gala Water at Galashiels,Gala Water,207,55.62716,-2.82846,347932,637377,SEPA-SE,VA
5,72.2,1.36,1.0684,21013,63.42,82.2,Gumbel,52.9,1.0036,52.708,0.0024,Gala Water at Galashiels,Gala Water,207,55.62716,-2.82846,347932,637377,SEPA-SE,VA
10,84.9,1.6,1.0702,21013,74.33,96.97,Gumbel,52.9,1.0036,52.708,0.0024,Gala Water at Galashiels,Gala Water,207,55.62716,-2.82846,347932,637377,SEPA-SE,VA
20,97.1,1.84,1.0731,21013,84.56,111.5,Gumbel,52.9,1.0036,52.708,0.0024,Gala Water at Galashiels,Gala Water,207,55.62716,-2.82846,347932,637377,SEPA-SE,VA
30,104,1.97,1.0754,21013,90.19,119.93,Gumbel,52.9,1.0036,52.708,0.0024,Gala Water at Galashiels,Gala Water,207,55.62716,-2.82846,347932,637377,SEPA-SE,VA
50,113,2.14,1.0789,21013,97.37,131.14,Gumbel,52.9,1.0036,52.708,0.0024,Gala Water at Galashiels,Gala Water,207,55.62716,-2.82846,347932,637377,SEPA-SE,VA
75,120,2.27,1.0823,21013,102.77,140.12,Gumbel,52.9,1.0036,52.708,0.0024,Gala Water at Galashiels,Gala Water,207,55.62716,-2.82846,347932,637377,SEPA-SE,VA
100,125,2.36,1.0851,21013,106.51,146.7,Gumbel,52.9,1.0036,52.708,0.0024,Gala Water at Galashiels,Gala Water,207,55.62716,-2.82846,347932,637377,SEPA-SE,VA
200,137,2.58,1.0927,21013,115.15,163,Gumbel,52.9,1.0036,52.708,0.0024,Gala Water at Galashiels,Gala Water,207,55.62716,-2.82846,347932,637377,SEPA-SE,VA
500,152,2.88,1.1049,21013,125.01,184.82,Gumbel,52.9,1.0036,52.708,0.0024,Gala Water at Galashiels,Gala Water,207,55.62716,-2.82846,347932,637377,SEPA-SE,VA
1000,164,3.1,1.1156,21013,132.35,203.22,Gumbel,52.9,1.0036,52.708,0.0024,Gala Water at Galashiels,Gala Water,207,55.62716,-2.82846,347932,637377,SEPA-SE,VA
2,94.6,1,1.0986,21014,78.68,113.75,GEV,94.6,1.0002,94.579,2e-4,Tweed at Kingledores,Tweed,139,55.54241,-3.41395,310875,628541,SEPA-SE,VA
5,127,1.34,1.0993,21014,105.49,152.89,GEV,94.6,1.0002,94.579,2e-4,Tweed at Kingledores,Tweed,139,55.54241,-3.41395,310875,628541,SEPA-SE,VA
10,151,1.59,1.1009,21014,125.07,182.31,GEV,94.6,1.0002,94.579,2e-4,Tweed at Kingledores,Tweed,139,55.54241,-3.41395,310875,628541,SEPA-SE,VA
20,175,1.85,1.1036,21014,144.25,212.3,GEV,94.6,1.0002,94.579,2e-4,Tweed at Kingledores,Tweed,139,55.54241,-3.41395,310875,628541,SEPA-SE,VA
30,190,2,1.1058,21014,156.01,231.4,GEV,94.6,1.0002,94.579,2e-4,Tweed at Kingledores,Tweed,139,55.54241,-3.41395,310875,628541,SEPA-SE,VA
50,209,2.21,1.1092,21014,170.58,256.07,GEV,94.6,1.0002,94.579,2e-4,Tweed at Kingledores,Tweed,139,55.54241,-3.41395,310875,628541,SEPA-SE,VA
75,225,2.37,1.1125,21014,182.57,277.29,GEV,94.6,1.0002,94.579,2e-4,Tweed at Kingledores,Tweed,139,55.54241,-3.41395,310875,628541,SEPA-SE,VA
100,236,2.5,1.1152,21014,190.59,292.23,GEV,94.6,1.0002,94.579,2e-4,Tweed at Kingledores,Tweed,139,55.54241,-3.41395,310875,628541,SEPA-SE,VA
200,265,2.8,1.1228,21014,211.18,332.54,GEV,94.6,1.0002,94.579,2e-4,Tweed at Kingledores,Tweed,139,55.54241,-3.41395,310875,628541,SEPA-SE,VA
500,307,3.24,1.1351,21014,239.48,393.55,GEV,94.6,1.0002,94.579,2e-4,Tweed at Kingledores,Tweed,139,55.54241,-3.41395,310875,628541,SEPA-SE,VA
1000,341,3.6,1.1463,21014,260.93,445.63,GEV,94.6,1.0002,94.579,2e-4,Tweed at Kingledores,Tweed,139,55.54241,-3.41395,310875,628541,SEPA-SE,VA
2,40.3,1,1.1058,21016,33.09,49.08,GEV,40.3,1.0159,39.67,0.0088,Eye Water at Eyemouth Mill,Eye Water,119,55.86523,-2.09448,394185,663565,SEPA-SE,VA
5,60.2,1.49,1.1098,21016,49.08,73.84,GEV,40.3,1.0159,39.67,0.0088,Eye Water at Eyemouth Mill,Eye Water,119,55.86523,-2.09448,394185,663565,SEPA-SE,VA
10,74.4,1.85,1.1138,21016,60.23,91.9,GEV,40.3,1.0159,39.67,0.0088,Eye Water at Eyemouth Mill,Eye Water,119,55.86523,-2.09448,394185,663565,SEPA-SE,VA
20,88.8,2.2,1.1188,21016,71.26,110.65,GEV,40.3,1.0159,39.67,0.0088,Eye Water at Eyemouth Mill,Eye Water,119,55.86523,-2.09448,394185,663565,SEPA-SE,VA
30,97.5,2.42,1.1223,21016,77.77,122.24,GEV,40.3,1.0159,39.67,0.0088,Eye Water at Eyemouth Mill,Eye Water,119,55.86523,-2.09448,394185,663565,SEPA-SE,VA
50,109,2.7,1.1273,21016,86.18,137.86,GEV,40.3,1.0159,39.67,0.0088,Eye Water at Eyemouth Mill,Eye Water,119,55.86523,-2.09448,394185,663565,SEPA-SE,VA
75,118,2.93,1.1318,21016,92.57,150.41,GEV,40.3,1.0159,39.67,0.0088,Eye Water at Eyemouth Mill,Eye Water,119,55.86523,-2.09448,394185,663565,SEPA-SE,VA
100,125,3.1,1.1353,21016,97.47,160.3,GEV,40.3,1.0159,39.67,0.0088,Eye Water at Eyemouth Mill,Eye Water,119,55.86523,-2.09448,394185,663565,SEPA-SE,VA
200,142,3.52,1.1446,21016,108.98,185.03,GEV,40.3,1.0159,39.67,0.0088,Eye Water at Eyemouth Mill,Eye Water,119,55.86523,-2.09448,394185,663565,SEPA-SE,VA
500,165,4.11,1.1588,21016,123.6,220.26,GEV,40.3,1.0159,39.67,0.0088,Eye Water at Eyemouth Mill,Eye Water,119,55.86523,-2.09448,394185,663565,SEPA-SE,VA
1000,185,4.58,1.171,21016,135.77,252.08,GEV,40.3,1.0159,39.67,0.0088,Eye Water at Eyemouth Mill,Eye Water,119,55.86523,-2.09448,394185,663565,SEPA-SE,VA
2,61.4,1,1.0525,21017,55.54,67.88,Gumbel,61.4,1.0001,61.393,1e-4,Ettrick Water at Brockhoperig,Ettrick Water,37.5,55.40628,-3.21106,323413,613150,SEPA-SE,VA
5,78.5,1.28,1.0532,21017,70.92,86.89,Gumbel,61.4,1.0001,61.393,1e-4,Ettrick Water at Brockhoperig,Ettrick Water,37.5,55.40628,-3.21106,323413,613150,SEPA-SE,VA
10,89.8,1.46,1.0553,21017,80.81,99.79,Gumbel,61.4,1.0001,61.393,1e-4,Ettrick Water at Brockhoperig,Ettrick Water,37.5,55.40628,-3.21106,323413,613150,SEPA-SE,VA
20,101,1.64,1.0589,21017,90.28,112.99,Gumbel,61.4,1.0001,61.393,1e-4,Ettrick Water at Brockhoperig,Ettrick Water,37.5,55.40628,-3.21106,323413,613150,SEPA-SE,VA
30,107,1.74,1.0618,21017,95.13,120.34,Gumbel,61.4,1.0001,61.393,1e-4,Ettrick Water at Brockhoperig,Ettrick Water,37.5,55.40628,-3.21106,323413,613150,SEPA-SE,VA
50,115,1.87,1.0662,21017,101.42,130.4,Gumbel,61.4,1.0001,61.393,1e-4,Ettrick Water at Brockhoperig,Ettrick Water,37.5,55.40628,-3.21106,323413,613150,SEPA-SE,VA
75,121,1.97,1.0704,21017,105.89,138.26,Gumbel,61.4,1.0001,61.393,1e-4,Ettrick Water at Brockhoperig,Ettrick Water,37.5,55.40628,-3.21106,323413,613150,SEPA-SE,VA
100,125,2.04,1.0737,21017,108.74,143.69,Gumbel,61.4,1.0001,61.393,1e-4,Ettrick Water at Brockhoperig,Ettrick Water,37.5,55.40628,-3.21106,323413,613150,SEPA-SE,VA
200,136,2.21,1.0828,21017,116.37,158.95,Gumbel,61.4,1.0001,61.393,1e-4,Ettrick Water at Brockhoperig,Ettrick Water,37.5,55.40628,-3.21106,323413,613150,SEPA-SE,VA
500,150,2.44,1.0972,21017,125.06,179.91,Gumbel,61.4,1.0001,61.393,1e-4,Ettrick Water at Brockhoperig,Ettrick Water,37.5,55.40628,-3.21106,323413,613150,SEPA-SE,VA
1000,160,2.61,1.1096,21017,130.49,196.18,Gumbel,61.4,1.0001,61.393,1e-4,Ettrick Water at Brockhoperig,Ettrick Water,37.5,55.40628,-3.21106,323413,613150,SEPA-SE,VA
2,55,1,1.061,21020,48.97,61.77,Kappa3,55,1.0001,54.994,1e-4,Yarrow Water at Gordon Arms,Yarrow Water,155,55.51167,-3.09561,330908,624757,SEPA-SE,VA
5,73.7,1.34,1.0619,21020,65.52,82.91,Kappa3,55,1.0001,54.994,1e-4,Yarrow Water at Gordon Arms,Yarrow Water,155,55.51167,-3.09561,330908,624757,SEPA-SE,VA
10,87.9,1.6,1.064,21020,77.84,99.26,Kappa3,55,1.0001,54.994,1e-4,Yarrow Water at Gordon Arms,Yarrow Water,155,55.51167,-3.09561,330908,624757,SEPA-SE,VA
20,103,1.88,1.0677,21020,90.59,117.11,Kappa3,55,1.0001,54.994,1e-4,Yarrow Water at Gordon Arms,Yarrow Water,155,55.51167,-3.09561,330908,624757,SEPA-SE,VA
30,113,2.06,1.0707,21020,98.84,129.19,Kappa3,55,1.0001,54.994,1e-4,Yarrow Water at Gordon Arms,Yarrow Water,155,55.51167,-3.09561,330908,624757,SEPA-SE,VA
50,126,2.3,1.0754,21020,109.27,145.29,Kappa3,55,1.0001,54.994,1e-4,Yarrow Water at Gordon Arms,Yarrow Water,155,55.51167,-3.09561,330908,624757,SEPA-SE,VA
75,138,2.51,1.0799,21020,118.7,160.44,Kappa3,55,1.0001,54.994,1e-4,Yarrow Water at Gordon Arms,Yarrow Water,155,55.51167,-3.09561,330908,624757,SEPA-SE,VA
100,147,2.67,1.0835,21020,125.62,172.02,Kappa3,55,1.0001,54.994,1e-4,Yarrow Water at Gordon Arms,Yarrow Water,155,55.51167,-3.09561,330908,624757,SEPA-SE,VA
200,169,3.08,1.0935,21020,141.84,201.36,Kappa3,55,1.0001,54.994,1e-4,Yarrow Water at Gordon Arms,Yarrow Water,155,55.51167,-3.09561,330908,624757,SEPA-SE,VA
500,205,3.72,1.1093,21020,167.29,251.22,Kappa3,55,1.0001,54.994,1e-4,Yarrow Water at Gordon Arms,Yarrow Water,155,55.51167,-3.09561,330908,624757,SEPA-SE,VA
1000,235,4.28,1.123,21020,187.21,294.99,Kappa3,55,1.0001,54.994,1e-4,Yarrow Water at Gordon Arms,Yarrow Water,155,55.51167,-3.09561,330908,624757,SEPA-SE,VA
2,766,1,1.0622,21021,680.56,862.17,Gumbel,766,1.0088,759.299,0.0063,Tweed at Sprouston,Tweed,3330,55.61161,-2.39482,375227,635405,SEPA-SE,VA
5,991,1.29,1.0615,21021,881.6,1113.98,Gumbel,766,1.0088,759.299,0.0063,Tweed at Sprouston,Tweed,3330,55.61161,-2.39482,375227,635405,SEPA-SE,VA
10,1140,1.49,1.0622,21021,1012.84,1283.13,Gumbel,766,1.0088,759.299,0.0063,Tweed at Sprouston,Tweed,3330,55.61161,-2.39482,375227,635405,SEPA-SE,VA
20,1280,1.68,1.064,21021,1133.46,1445.49,Gumbel,766,1.0088,759.299,0.0063,Tweed at Sprouston,Tweed,3330,55.61161,-2.39482,375227,635405,SEPA-SE,VA
30,1370,1.78,1.0658,21021,1209.14,1552.26,Gumbel,766,1.0088,759.299,0.0063,Tweed at Sprouston,Tweed,3330,55.61161,-2.39482,375227,635405,SEPA-SE,VA
50,1470,1.92,1.0688,21021,1290.27,1674.77,Gumbel,766,1.0088,759.299,0.0063,Tweed at Sprouston,Tweed,3330,55.61161,-2.39482,375227,635405,SEPA-SE,VA
75,1550,2.02,1.0718,21021,1353.03,1775.64,Gumbel,766,1.0088,759.299,0.0063,Tweed at Sprouston,Tweed,3330,55.61161,-2.39482,375227,635405,SEPA-SE,VA
100,1610,2.1,1.0743,21021,1399.01,1852.81,Gumbel,766,1.0088,759.299,0.0063,Tweed at Sprouston,Tweed,3330,55.61161,-2.39482,375227,635405,SEPA-SE,VA
200,1750,2.28,1.0814,21021,1501.15,2040.1,Gumbel,766,1.0088,759.299,0.0063,Tweed at Sprouston,Tweed,3330,55.61161,-2.39482,375227,635405,SEPA-SE,VA
500,1930,2.52,1.0934,21021,1620.13,2299.13,Gumbel,766,1.0088,759.299,0.0063,Tweed at Sprouston,Tweed,3330,55.61161,-2.39482,375227,635405,SEPA-SE,VA
1000,2070,2.7,1.1041,21021,1704.8,2513.43,Gumbel,766,1.0088,759.299,0.0063,Tweed at Sprouston,Tweed,3330,55.61161,-2.39482,375227,635405,SEPA-SE,VA
2,69.2,1,1.0501,21024,62.88,76.16,Gumbel,69.2,1.0073,68.696,0.0062,Jed Water at Jedburgh,Jed Water,139,55.4849,-2.54606,365589,621368,SEPA-SE,VA
5,95.4,1.38,1.0514,21024,86.47,105.25,Gumbel,69.2,1.0073,68.696,0.0062,Jed Water at Jedburgh,Jed Water,139,55.4849,-2.54606,365589,621368,SEPA-SE,VA
10,113,1.63,1.0543,21024,101.88,125.34,Gumbel,69.2,1.0073,68.696,0.0062,Jed Water at Jedburgh,Jed Water,139,55.4849,-2.54606,365589,621368,SEPA-SE,VA
20,129,1.87,1.0588,21024,115.33,144.29,Gumbel,69.2,1.0073,68.696,0.0062,Jed Water at Jedburgh,Jed Water,139,55.4849,-2.54606,365589,621368,SEPA-SE,VA
30,139,2.01,1.0622,21024,123.5,156.45,Gumbel,69.2,1.0073,68.696,0.0062,Jed Water at Jedburgh,Jed Water,139,55.4849,-2.54606,365589,621368,SEPA-SE,VA
50,151,2.18,1.0672,21024,132.93,171.53,Gumbel,69.2,1.0073,68.696,0.0062,Jed Water at Jedburgh,Jed Water,139,55.4849,-2.54606,365589,621368,SEPA-SE,VA
75,160,2.32,1.0718,21024,139.67,183.29,Gumbel,69.2,1.0073,68.696,0.0062,Jed Water at Jedburgh,Jed Water,139,55.4849,-2.54606,365589,621368,SEPA-SE,VA
100,167,2.41,1.0754,21024,144.82,192.57,Gumbel,69.2,1.0073,68.696,0.0062,Jed Water at Jedburgh,Jed Water,139,55.4849,-2.54606,365589,621368,SEPA-SE,VA
200,183,2.65,1.0849,21024,155.99,214.69,Gumbel,69.2,1.0073,68.696,0.0062,Jed Water at Jedburgh,Jed Water,139,55.4849,-2.54606,365589,621368,SEPA-SE,VA
500,204,2.95,1.0995,21024,169.39,245.68,Gumbel,69.2,1.0073,68.696,0.0062,Jed Water at Jedburgh,Jed Water,139,55.4849,-2.54606,365589,621368,SEPA-SE,VA
1000,220,3.18,1.1117,21024,178.77,270.74,Gumbel,69.2,1.0073,68.696,0.0062,Jed Water at Jedburgh,Jed Water,139,55.4849,-2.54606,365589,621368,SEPA-SE,VA
2,51.7,1,1.129,21025,40.76,65.58,Gumbel,51.7,1.0034,51.522,0.003,Ale Water at Ancrum,Ale Water,174,55.51228,-2.58084,363417,624433,SEPA-SE,VA
5,69.6,1.35,1.1295,21025,54.82,88.36,Gumbel,51.7,1.0034,51.522,0.003,Ale Water at Ancrum,Ale Water,174,55.51228,-2.58084,363417,624433,SEPA-SE,VA
10,81.5,1.58,1.1311,21025,64.02,103.76,Gumbel,51.7,1.0034,51.522,0.003,Ale Water at Ancrum,Ale Water,174,55.51228,-2.58084,363417,624433,SEPA-SE,VA
20,92.9,1.8,1.1337,21025,72.64,118.8,Gumbel,51.7,1.0034,51.522,0.003,Ale Water at Ancrum,Ale Water,174,55.51228,-2.58084,363417,624433,SEPA-SE,VA
30,99.5,1.92,1.1356,21025,77.55,127.66,Gumbel,51.7,1.0034,51.522,0.003,Ale Water at Ancrum,Ale Water,174,55.51228,-2.58084,363417,624433,SEPA-SE,VA
50,108,2.08,1.1386,21025,83.74,139.29,Gumbel,51.7,1.0034,51.522,0.003,Ale Water at Ancrum,Ale Water,174,55.51228,-2.58084,363417,624433,SEPA-SE,VA
75,114,2.21,1.1414,21025,87.97,147.73,Gumbel,51.7,1.0034,51.522,0.003,Ale Water at Ancrum,Ale Water,174,55.51228,-2.58084,363417,624433,SEPA-SE,VA
100,119,2.3,1.1436,21025,91.48,154.8,Gumbel,51.7,1.0034,51.522,0.003,Ale Water at Ancrum,Ale Water,174,55.51228,-2.58084,363417,624433,SEPA-SE,VA
200,130,2.51,1.1497,21025,98.9,170.88,Gumbel,51.7,1.0034,51.522,0.003,Ale Water at Ancrum,Ale Water,174,55.51228,-2.58084,363417,624433,SEPA-SE,VA
500,144,2.79,1.1596,21025,107.73,192.49,Gumbel,51.7,1.0034,51.522,0.003,Ale Water at Ancrum,Ale Water,174,55.51228,-2.58084,363417,624433,SEPA-SE,VA
1000,155,3,1.1684,21025,114.25,210.29,Gumbel,51.7,1.0034,51.522,0.003,Ale Water at Ancrum,Ale Water,174,55.51228,-2.58084,363417,624433,SEPA-SE,VA
2,50.4,1,1.0292,21026,47.64,53.32,GEV,50.4,1.0001,50.394,1e-4,Tima Water at Deephope,Tima Water,31,55.41198,-3.14162,327820,613710,SEPA-SE,VA
5,65.1,1.29,1.0323,21026,61.17,69.29,GEV,50.4,1.0001,50.394,1e-4,Tima Water at Deephope,Tima Water,31,55.41198,-3.14162,327820,613710,SEPA-SE,VA
10,74.7,1.48,1.0373000000000001,21026,69.53,80.26,GEV,50.4,1.0001,50.394,1e-4,Tima Water at Deephope,Tima Water,31,55.41198,-3.14162,327820,613710,SEPA-SE,VA
20,83.6,1.66,1.044,21026,76.83,90.96,GEV,50.4,1.0001,50.394,1e-4,Tima Water at Deephope,Tima Water,31,55.41198,-3.14162,327820,613710,SEPA-SE,VA
30,88.7,1.76,1.0486,21026,80.82,97.35,GEV,50.4,1.0001,50.394,1e-4,Tima Water at Deephope,Tima Water,31,55.41198,-3.14162,327820,613710,SEPA-SE,VA
50,95,1.89,1.0551,21026,85.52,105.53,GEV,50.4,1.0001,50.394,1e-4,Tima Water at Deephope,Tima Water,31,55.41198,-3.14162,327820,613710,SEPA-SE,VA
75,100,1.98,1.0608,21026,89.08,112.26,GEV,50.4,1.0001,50.394,1e-4,Tima Water at Deephope,Tima Water,31,55.41198,-3.14162,327820,613710,SEPA-SE,VA
100,103,2.05,1.065,21026,91.04,116.53,GEV,50.4,1.0001,50.394,1e-4,Tima Water at Deephope,Tima Water,31,55.41198,-3.14162,327820,613710,SEPA-SE,VA
200,112,2.21,1.0761,21026,97,129.32,GEV,50.4,1.0001,50.394,1e-4,Tima Water at Deephope,Tima Water,31,55.41198,-3.14162,327820,613710,SEPA-SE,VA
500,122,2.43,1.0924,21026,102.6,145.07,GEV,50.4,1.0001,50.394,1e-4,Tima Water at Deephope,Tima Water,31,55.41198,-3.14162,327820,613710,SEPA-SE,VA
1000,130,2.58,1.1058,21026,106.74,158.32,GEV,50.4,1.0001,50.394,1e-4,Tima Water at Deephope,Tima Water,31,55.41198,-3.14162,327820,613710,SEPA-SE,VA
2,41.5,1,1.1325,21027,32.52,52.96,GEV,41.5,1.0115,41.026,0.0086,Blackadder Water at Mouth Bridge,Blackadder Water,159,55.77027,-2.27947,382565,653028,SEPA-SE,VA
5,61.6,1.48,1.1319,21027,48.32,78.53,GEV,41.5,1.0115,41.026,0.0086,Blackadder Water at Mouth Bridge,Blackadder Water,159,55.77027,-2.27947,382565,653028,SEPA-SE,VA
10,76.3,1.84,1.1336,21027,59.67,97.56,GEV,41.5,1.0115,41.026,0.0086,Blackadder Water at Mouth Bridge,Blackadder Water,159,55.77027,-2.27947,382565,653028,SEPA-SE,VA
20,91.4,2.2,1.1372,21027,71.04,117.59,GEV,41.5,1.0115,41.026,0.0086,Blackadder Water at Mouth Bridge,Blackadder Water,159,55.77027,-2.27947,382565,653028,SEPA-SE,VA
30,101,2.43,1.1402,21027,78.1,130.62,GEV,41.5,1.0115,41.026,0.0086,Blackadder Water at Mouth Bridge,Blackadder Water,159,55.77027,-2.27947,382565,653028,SEPA-SE,VA
50,113,2.72,1.1451,21027,86.65,147.37,GEV,41.5,1.0115,41.026,0.0086,Blackadder Water at Mouth Bridge,Blackadder Water,159,55.77027,-2.27947,382565,653028,SEPA-SE,VA
75,123,2.96,1.1498,21027,93.56,161.71,GEV,41.5,1.0115,41.026,0.0086,Blackadder Water at Mouth Bridge,Blackadder Water,159,55.77027,-2.27947,382565,653028,SEPA-SE,VA
100,130,3.14,1.1535,21027,98.26,171.99,GEV,41.5,1.0115,41.026,0.0086,Blackadder Water at Mouth Bridge,Blackadder Water,159,55.77027,-2.27947,382565,653028,SEPA-SE,VA
200,149,3.58,1.1641,21027,110.62,200.69,GEV,41.5,1.0115,41.026,0.0086,Blackadder Water at Mouth Bridge,Blackadder Water,159,55.77027,-2.27947,382565,653028,SEPA-SE,VA
500,175,4.23,1.1811,21027,126.29,242.5,GEV,41.5,1.0115,41.026,0.0086,Blackadder Water at Mouth Bridge,Blackadder Water,159,55.77027,-2.27947,382565,653028,SEPA-SE,VA
1000,197,4.75,1.1962,21027,138.67,279.87,GEV,41.5,1.0115,41.026,0.0086,Blackadder Water at Mouth Bridge,Blackadder Water,159,55.77027,-2.27947,382565,653028,SEPA-SE,VA
2,77.7,1,1.2587,21030,49.5,121.97,Gumbel,77.7,1,77.7,0,Megget Water at Henderland,Megget Water,56.2,55.49564,-3.21839,323123,623103,SEPA-SE,VA
5,99,1.27,1.2596,21030,62.98,155.63,Gumbel,77.7,1,77.7,0,Megget Water at Henderland,Megget Water,56.2,55.49564,-3.21839,323123,623103,SEPA-SE,VA
10,113,1.45,1.2607,21030,71.76,177.94,Gumbel,77.7,1,77.7,0,Megget Water at Henderland,Megget Water,56.2,55.49564,-3.21839,323123,623103,SEPA-SE,VA
20,127,1.63,1.2623,21030,80.45,200.49,Gumbel,77.7,1,77.7,0,Megget Water at Henderland,Megget Water,56.2,55.49564,-3.21839,323123,623103,SEPA-SE,VA
30,134,1.73,1.2634,21030,84.74,211.9,Gumbel,77.7,1,77.7,0,Megget Water at Henderland,Megget Water,56.2,55.49564,-3.21839,323123,623103,SEPA-SE,VA
50,144,1.85,1.2651,21030,90.82,228.31,Gumbel,77.7,1,77.7,0,Megget Water at Henderland,Megget Water,56.2,55.49564,-3.21839,323123,623103,SEPA-SE,VA
75,152,1.95,1.2666,21030,95.65,241.56,Gumbel,77.7,1,77.7,0,Megget Water at Henderland,Megget Water,56.2,55.49564,-3.21839,323123,623103,SEPA-SE,VA
100,157,2.02,1.2678,21030,98.61,249.96,Gumbel,77.7,1,77.7,0,Megget Water at Henderland,Megget Water,56.2,55.49564,-3.21839,323123,623103,SEPA-SE,VA
200,170,2.19,1.2711,21030,106.23,272.05,Gumbel,77.7,1,77.7,0,Megget Water at Henderland,Megget Water,56.2,55.49564,-3.21839,323123,623103,SEPA-SE,VA
500,187,2.41,1.2766,21030,115.87,301.79,Gumbel,77.7,1,77.7,0,Megget Water at Henderland,Megget Water,56.2,55.49564,-3.21839,323123,623103,SEPA-SE,VA
1000,200,2.58,1.2816,21030,122.98,325.26,Gumbel,77.7,1,77.7,0,Megget Water at Henderland,Megget Water,56.2,55.49564,-3.21839,323123,623103,SEPA-SE,VA
2,82.1,1,1.0758,21031,71.15,94.74,GEV,82.1,1.0059,81.615,0.004,Till at Etal,Till,648,55.64954,-2.12059,392509,639562,EA-NE,VA
5,116,1.41,1.0764,21031,100.41,134.01,GEV,82.1,1.0059,81.615,0.004,Till at Etal,Till,648,55.64954,-2.12059,392509,639562,EA-NE,VA
10,142,1.72,1.0787,21031,122.41,164.73,GEV,82.1,1.0059,81.615,0.004,Till at Etal,Till,648,55.64954,-2.12059,392509,639562,EA-NE,VA
20,169,2.05,1.0826,21031,144.65,197.44,GEV,82.1,1.0059,81.615,0.004,Till at Etal,Till,648,55.64954,-2.12059,392509,639562,EA-NE,VA
30,185,2.26,1.0856,21031,157.49,217.31,GEV,82.1,1.0059,81.615,0.004,Till at Etal,Till,648,55.64954,-2.12059,392509,639562,EA-NE,VA
50,208,2.53,1.0901,21031,175.64,246.32,GEV,82.1,1.0059,81.615,0.004,Till at Etal,Till,648,55.64954,-2.12059,392509,639562,EA-NE,VA
75,227,2.76,1.0943,21031,190.25,270.85,GEV,82.1,1.0059,81.615,0.004,Till at Etal,Till,648,55.64954,-2.12059,392509,639562,EA-NE,VA
100,241,2.93,1.0976,21031,200.79,289.26,GEV,82.1,1.0059,81.615,0.004,Till at Etal,Till,648,55.64954,-2.12059,392509,639562,EA-NE,VA
200,277,3.37,1.1065,21031,227.16,337.77,GEV,82.1,1.0059,81.615,0.004,Till at Etal,Till,648,55.64954,-2.12059,392509,639562,EA-NE,VA
500,330,4.02,1.1204,21031,264.08,412.37,GEV,82.1,1.0059,81.615,0.004,Till at Etal,Till,648,55.64954,-2.12059,392509,639562,EA-NE,VA
1000,375,4.57,1.1323,21031,293.95,478.41,GEV,82.1,1.0059,81.615,0.004,Till at Etal,Till,648,55.64954,-2.12059,392509,639562,EA-NE,VA
2,43.3,1,1.1105,21032,35.26,53.17,Gumbel,43.3,1.0025,43.193,0.0021,Glen at Kirknewton,Glen,198.9,55.57285,-2.13084,391848,631028,EA-NE,FVVA
5,59.9,1.38,1.1115,21032,48.69,73.69,Gumbel,43.3,1.0025,43.193,0.0021,Glen at Kirknewton,Glen,198.9,55.57285,-2.13084,391848,631028,EA-NE,FVVA
10,70.9,1.64,1.1136,21032,57.42,87.55,Gumbel,43.3,1.0025,43.193,0.0021,Glen at Kirknewton,Glen,198.9,55.57285,-2.13084,391848,631028,EA-NE,FVVA
20,81.5,1.88,1.117,21032,65.61,101.24,Gumbel,43.3,1.0025,43.193,0.0021,Glen at Kirknewton,Glen,198.9,55.57285,-2.13084,391848,631028,EA-NE,FVVA
30,87.6,2.02,1.1195,21032,70.21,109.29,Gumbel,43.3,1.0025,43.193,0.0021,Glen at Kirknewton,Glen,198.9,55.57285,-2.13084,391848,631028,EA-NE,FVVA
50,95.2,2.2,1.1233,21032,75.8,119.57,Gumbel,43.3,1.0025,43.193,0.0021,Glen at Kirknewton,Glen,198.9,55.57285,-2.13084,391848,631028,EA-NE,FVVA
75,101,2.34,1.1268,21032,79.93,127.63,Gumbel,43.3,1.0025,43.193,0.0021,Glen at Kirknewton,Glen,198.9,55.57285,-2.13084,391848,631028,EA-NE,FVVA
100,105,2.43,1.1296,21032,82.69,133.33,Gumbel,43.3,1.0025,43.193,0.0021,Glen at Kirknewton,Glen,198.9,55.57285,-2.13084,391848,631028,EA-NE,FVVA
200,116,2.67,1.1372,21032,90.16,149.24,Gumbel,43.3,1.0025,43.193,0.0021,Glen at Kirknewton,Glen,198.9,55.57285,-2.13084,391848,631028,EA-NE,FVVA
500,129,2.98,1.1492,21032,98.22,169.42,Gumbel,43.3,1.0025,43.193,0.0021,Glen at Kirknewton,Glen,198.9,55.57285,-2.13084,391848,631028,EA-NE,FVVA
1000,139,3.22,1.1598,21032,103.95,185.87,Gumbel,43.3,1.0025,43.193,0.0021,Glen at Kirknewton,Glen,198.9,55.57285,-2.13084,391848,631028,EA-NE,FVVA
2,139,1,1.2094,21035,95.76,201.77,Gumbel,139,1.0061,138.164,0.0041,Till at Heaton Mill,Till,655.74,55.67499,-2.16057,390000,642400,EA-NE,USVA
5,193,1.39,1.2082,21035,133.22,279.61,Gumbel,139,1.0061,138.164,0.0041,Till at Heaton Mill,Till,655.74,55.67499,-2.16057,390000,642400,EA-NE,USVA
10,229,1.65,1.2079,21035,158.14,331.6,Gumbel,139,1.0061,138.164,0.0041,Till at Heaton Mill,Till,655.74,55.67499,-2.16057,390000,642400,EA-NE,USVA
20,264,1.9,1.2082,21035,182.23,382.47,Gumbel,139,1.0061,138.164,0.0041,Till at Heaton Mill,Till,655.74,55.67499,-2.16057,390000,642400,EA-NE,USVA
30,283,2.04,1.2086,21035,195.21,410.26,Gumbel,139,1.0061,138.164,0.0041,Till at Heaton Mill,Till,655.74,55.67499,-2.16057,390000,642400,EA-NE,USVA
50,308,2.22,1.2095,21035,212.15,447.16,Gumbel,139,1.0061,138.164,0.0041,Till at Heaton Mill,Till,655.74,55.67499,-2.16057,390000,642400,EA-NE,USVA
75,328,2.36,1.2105,21035,225.56,476.96,Gumbel,139,1.0061,138.164,0.0041,Till at Heaton Mill,Till,655.74,55.67499,-2.16057,390000,642400,EA-NE,USVA
100,342,2.46,1.2113,21035,234.88,497.97,Gumbel,139,1.0061,138.164,0.0041,Till at Heaton Mill,Till,655.74,55.67499,-2.16057,390000,642400,EA-NE,USVA
200,375,2.7,1.214,21035,256.43,548.4,Gumbel,139,1.0061,138.164,0.0041,Till at Heaton Mill,Till,655.74,55.67499,-2.16057,390000,642400,EA-NE,USVA
500,419,3.01,1.219,21035,284.21,617.71,Gumbel,139,1.0061,138.164,0.0041,Till at Heaton Mill,Till,655.74,55.67499,-2.16057,390000,642400,EA-NE,USVA
1000,452,3.25,1.2239,21035,304.2,671.62,Gumbel,139,1.0061,138.164,0.0041,Till at Heaton Mill,Till,655.74,55.67499,-2.16057,390000,642400,EA-NE,USVA
2,116,1,1.1424,21036,89.36,150.58,Gumbel,116,1.0008,115.903,7e-4,Whiteadder Water at Abbey St Bathans,Whiteadder Water,216.85,55.8533,-2.38745,375842,662301,SEPA-SE,VA
5,161,1.39,1.1431,21036,123.87,209.25,Gumbel,116,1.0008,115.903,7e-4,Whiteadder Water at Abbey St Bathans,Whiteadder Water,216.85,55.8533,-2.38745,375842,662301,SEPA-SE,VA
10,191,1.65,1.1445,21036,146.6,248.84,Gumbel,116,1.0008,115.903,7e-4,Whiteadder Water at Abbey St Bathans,Whiteadder Water,216.85,55.8533,-2.38745,375842,662301,SEPA-SE,VA
20,220,1.9,1.1468,21036,168.2,287.75,Gumbel,116,1.0008,115.903,7e-4,Whiteadder Water at Abbey St Bathans,Whiteadder Water,216.85,55.8533,-2.38745,375842,662301,SEPA-SE,VA
30,237,2.04,1.1485,21036,180.67,310.89,Gumbel,116,1.0008,115.903,7e-4,Whiteadder Water at Abbey St Bathans,Whiteadder Water,216.85,55.8533,-2.38745,375842,662301,SEPA-SE,VA
50,257,2.22,1.151,21036,195.09,338.56,Gumbel,116,1.0008,115.903,7e-4,Whiteadder Water at Abbey St Bathans,Whiteadder Water,216.85,55.8533,-2.38745,375842,662301,SEPA-SE,VA
75,274,2.36,1.1535,21036,207.11,362.5,Gumbel,116,1.0008,115.903,7e-4,Whiteadder Water at Abbey St Bathans,Whiteadder Water,216.85,55.8533,-2.38745,375842,662301,SEPA-SE,VA
100,285,2.46,1.1554,21036,214.73,378.27,Gumbel,116,1.0008,115.903,7e-4,Whiteadder Water at Abbey St Bathans,Whiteadder Water,216.85,55.8533,-2.38745,375842,662301,SEPA-SE,VA
200,313,2.7,1.1607,21036,233.72,419.18,Gumbel,116,1.0008,115.903,7e-4,Whiteadder Water at Abbey St Bathans,Whiteadder Water,216.85,55.8533,-2.38745,375842,662301,SEPA-SE,VA
500,350,3.02,1.1694,21036,257.55,475.64,Gumbel,116,1.0008,115.903,7e-4,Whiteadder Water at Abbey St Bathans,Whiteadder Water,216.85,55.8533,-2.38745,375842,662301,SEPA-SE,VA
1000,377,3.25,1.1772,21036,273.83,519.05,Gumbel,116,1.0008,115.903,7e-4,Whiteadder Water at Abbey St Bathans,Whiteadder Water,216.85,55.8533,-2.38745,375842,662301,SEPA-SE,VA
2,160,1,1.0588,22001,143.05,178.96,Gumbel,160,1.0057,159.093,0.0047,Coquet at Morwick,Coquet,569.8,55.33357,-1.63201,423443,604453,EA-NE,FVVA
5,220,1.38,1.0602,22001,196.18,246.71,Gumbel,160,1.0057,159.093,0.0047,Coquet at Morwick,Coquet,569.8,55.33357,-1.63201,423443,604453,EA-NE,FVVA
10,260,1.62,1.0634,22001,230.49,293.29,Gumbel,160,1.0057,159.093,0.0047,Coquet at Morwick,Coquet,569.8,55.33357,-1.63201,423443,604453,EA-NE,FVVA
20,298,1.86,1.0684,22001,261.76,339.26,Gumbel,160,1.0057,159.093,0.0047,Coquet at Morwick,Coquet,569.8,55.33357,-1.63201,423443,604453,EA-NE,FVVA
30,320,2,1.0723,22001,279.08,366.92,Gumbel,160,1.0057,159.093,0.0047,Coquet at Morwick,Coquet,569.8,55.33357,-1.63201,423443,604453,EA-NE,FVVA
50,348,2.17,1.0782,22001,300.25,403.34,Gumbel,160,1.0057,159.093,0.0047,Coquet at Morwick,Coquet,569.8,55.33357,-1.63201,423443,604453,EA-NE,FVVA
75,369,2.31,1.0835,22001,315.33,431.81,Gumbel,160,1.0057,159.093,0.0047,Coquet at Morwick,Coquet,569.8,55.33357,-1.63201,423443,604453,EA-NE,FVVA
100,385,2.4,1.0877,22001,326.51,453.96,Gumbel,160,1.0057,159.093,0.0047,Coquet at Morwick,Coquet,569.8,55.33357,-1.63201,423443,604453,EA-NE,FVVA
200,422,2.63,1.099,22001,350.72,507.77,Gumbel,160,1.0057,159.093,0.0047,Coquet at Morwick,Coquet,569.8,55.33357,-1.63201,423443,604453,EA-NE,FVVA
500,470,2.94,1.1163,22001,378.83,583.11,Gumbel,160,1.0057,159.093,0.0047,Coquet at Morwick,Coquet,569.8,55.33357,-1.63201,423443,604453,EA-NE,FVVA
1000,507,3.17,1.131,22001,398.31,645.35,Gumbel,160,1.0057,159.093,0.0047,Coquet at Morwick,Coquet,569.8,55.33357,-1.63201,423443,604453,EA-NE,FVVA
2,53.2,1,1.1195,22006,42.64,66.37,Kappa3,53.2,1.024,51.954,0.0207,Blyth at Hartford Bridge,Blyth,269.4,55.11383,-1.6207,424293,580003,EA-NE,FVVA
5,77.5,1.46,1.1207,22006,61.99,96.89,Kappa3,53.2,1.024,51.954,0.0207,Blyth at Hartford Bridge,Blyth,269.4,55.11383,-1.6207,424293,580003,EA-NE,FVVA
10,95.3,1.79,1.1232,22006,75.89,119.67,Kappa3,53.2,1.024,51.954,0.0207,Blyth at Hartford Bridge,Blyth,269.4,55.11383,-1.6207,424293,580003,EA-NE,FVVA
20,114,2.15,1.1271,22006,90.17,144.13,Kappa3,53.2,1.024,51.954,0.0207,Blyth at Hartford Bridge,Blyth,269.4,55.11383,-1.6207,424293,580003,EA-NE,FVVA
30,126,2.37,1.1301,22006,99.14,160.13,Kappa3,53.2,1.024,51.954,0.0207,Blyth at Hartford Bridge,Blyth,269.4,55.11383,-1.6207,424293,580003,EA-NE,FVVA
50,142,2.67,1.1348,22006,110.83,181.94,Kappa3,53.2,1.024,51.954,0.0207,Blyth at Hartford Bridge,Blyth,269.4,55.11383,-1.6207,424293,580003,EA-NE,FVVA
75,156,2.92,1.1392,22006,120.83,201.4,Kappa3,53.2,1.024,51.954,0.0207,Blyth at Hartford Bridge,Blyth,269.4,55.11383,-1.6207,424293,580003,EA-NE,FVVA
100,166,3.11,1.1427,22006,127.81,215.6,Kappa3,53.2,1.024,51.954,0.0207,Blyth at Hartford Bridge,Blyth,269.4,55.11383,-1.6207,424293,580003,EA-NE,FVVA
200,192,3.61,1.1524,22006,145.4,253.54,Kappa3,53.2,1.024,51.954,0.0207,Blyth at Hartford Bridge,Blyth,269.4,55.11383,-1.6207,424293,580003,EA-NE,FVVA
500,231,4.34,1.168,22006,170.38,313.18,Kappa3,53.2,1.024,51.954,0.0207,Blyth at Hartford Bridge,Blyth,269.4,55.11383,-1.6207,424293,580003,EA-NE,FVVA
1000,265,4.97,1.1816,22006,191.07,367.53,Kappa3,53.2,1.024,51.954,0.0207,Blyth at Hartford Bridge,Blyth,269.4,55.11383,-1.6207,424293,580003,EA-NE,FVVA
2,101,1,1.0849,22007,86.09,118.49,Gumbel,101,1.0035,100.652,0.0029,Wansbeck at Mitford,Wansbeck,287.3,55.16612,-1.7275,417458,585790,EA-NE,MIS
5,143,1.41,1.0877,22007,121.28,168.61,Gumbel,101,1.0035,100.652,0.0029,Wansbeck at Mitford,Wansbeck,287.3,55.16612,-1.7275,417458,585790,EA-NE,MIS
10,170,1.69,1.0914,22007,143.22,201.79,Gumbel,101,1.0035,100.652,0.0029,Wansbeck at Mitford,Wansbeck,287.3,55.16612,-1.7275,417458,585790,EA-NE,MIS
20,197,1.95,1.0966,22007,164.43,236.03,Gumbel,101,1.0035,100.652,0.0029,Wansbeck at Mitford,Wansbeck,287.3,55.16612,-1.7275,417458,585790,EA-NE,MIS
30,212,2.1,1.1004,22007,175.75,255.73,Gumbel,101,1.0035,100.652,0.0029,Wansbeck at Mitford,Wansbeck,287.3,55.16612,-1.7275,417458,585790,EA-NE,MIS
50,231,2.29,1.106,22007,189.61,281.43,Gumbel,101,1.0035,100.652,0.0029,Wansbeck at Mitford,Wansbeck,287.3,55.16612,-1.7275,417458,585790,EA-NE,MIS
75,246,2.43,1.111,22007,200.14,302.37,Gumbel,101,1.0035,100.652,0.0029,Wansbeck at Mitford,Wansbeck,287.3,55.16612,-1.7275,417458,585790,EA-NE,MIS
100,257,2.54,1.1149,22007,207.66,318.06,Gumbel,101,1.0035,100.652,0.0029,Wansbeck at Mitford,Wansbeck,287.3,55.16612,-1.7275,417458,585790,EA-NE,MIS
200,282,2.79,1.1255,22007,223.67,355.54,Gumbel,101,1.0035,100.652,0.0029,Wansbeck at Mitford,Wansbeck,287.3,55.16612,-1.7275,417458,585790,EA-NE,MIS
500,316,3.13,1.1418,22007,243.67,409.79,Gumbel,101,1.0035,100.652,0.0029,Wansbeck at Mitford,Wansbeck,287.3,55.16612,-1.7275,417458,585790,EA-NE,MIS
1000,341,3.38,1.1556,22007,256.83,452.75,Gumbel,101,1.0035,100.652,0.0029,Wansbeck at Mitford,Wansbeck,287.3,55.16612,-1.7275,417458,585790,EA-NE,MIS
2,137,1,1.0777,22009,118.31,158.64,Gumbel,137,1.0034,136.538,0.0029,Coquet at Rothbury,Coquet,346,55.30845,-1.89591,406706,601600,EA-NE,VA
5,182,1.33,1.0792,22009,156.74,211.33,Gumbel,137,1.0034,136.538,0.0029,Coquet at Rothbury,Coquet,346,55.30845,-1.89591,406706,601600,EA-NE,VA
10,212,1.55,1.0811,22009,181.95,247.01,Gumbel,137,1.0034,136.538,0.0029,Coquet at Rothbury,Coquet,346,55.30845,-1.89591,406706,601600,EA-NE,VA
20,240,1.75,1.0837,22009,205.02,280.95,Gumbel,137,1.0034,136.538,0.0029,Coquet at Rothbury,Coquet,346,55.30845,-1.89591,406706,601600,EA-NE,VA
30,257,1.87,1.0856,22009,218.79,301.89,Gumbel,137,1.0034,136.538,0.0029,Coquet at Rothbury,Coquet,346,55.30845,-1.89591,406706,601600,EA-NE,VA
50,277,2.02,1.0886,22009,234.54,327.15,Gumbel,137,1.0034,136.538,0.0029,Coquet at Rothbury,Coquet,346,55.30845,-1.89591,406706,601600,EA-NE,VA
75,294,2.14,1.0914,22009,247.68,348.98,Gumbel,137,1.0034,136.538,0.0029,Coquet at Rothbury,Coquet,346,55.30845,-1.89591,406706,601600,EA-NE,VA
100,305,2.23,1.0936,22009,255.94,363.46,Gumbel,137,1.0034,136.538,0.0029,Coquet at Rothbury,Coquet,346,55.30845,-1.89591,406706,601600,EA-NE,VA
200,333,2.43,1.0996,22009,276.45,401.11,Gumbel,137,1.0034,136.538,0.0029,Coquet at Rothbury,Coquet,346,55.30845,-1.89591,406706,601600,EA-NE,VA
500,369,2.69,1.1094,22009,301.06,452.27,Gumbel,137,1.0034,136.538,0.0029,Coquet at Rothbury,Coquet,346,55.30845,-1.89591,406706,601600,EA-NE,VA
1000,397,2.9,1.1181,22009,318.98,494.1,Gumbel,137,1.0034,136.538,0.0029,Coquet at Rothbury,Coquet,346,55.30845,-1.89591,406706,601600,EA-NE,VA
2,832,1,1.0327,23001,781.15,886.16,GEV,832,1.0046,828.181,0.0041,Tyne at Bywell,Tyne,2175.6,54.94994,-1.9413,403858,561700,EA-NE,VA
5,1070,1.29,1.0328,23001,1004.41,1139.87,GEV,832,1.0046,828.181,0.0041,Tyne at Bywell,Tyne,2175.6,54.94994,-1.9413,403858,561700,EA-NE,VA
10,1220,1.47,1.0353,23001,1139.8,1305.84,GEV,832,1.0046,828.181,0.0041,Tyne at Bywell,Tyne,2175.6,54.94994,-1.9413,403858,561700,EA-NE,VA
20,1370,1.64,1.0397,23001,1269.35,1478.63,GEV,832,1.0046,828.181,0.0041,Tyne at Bywell,Tyne,2175.6,54.94994,-1.9413,403858,561700,EA-NE,VA
30,1450,1.74,1.0431,23001,1334.9,1575.02,GEV,832,1.0046,828.181,0.0041,Tyne at Bywell,Tyne,2175.6,54.94994,-1.9413,403858,561700,EA-NE,VA
50,1550,1.86,1.0481,23001,1413.65,1699.5,GEV,832,1.0046,828.181,0.0041,Tyne at Bywell,Tyne,2175.6,54.94994,-1.9413,403858,561700,EA-NE,VA
75,1620,1.95,1.0528,23001,1464.59,1791.9,GEV,832,1.0046,828.181,0.0041,Tyne at Bywell,Tyne,2175.6,54.94994,-1.9413,403858,561700,EA-NE,VA
100,1680,2.02,1.0564,23001,1508.71,1870.74,GEV,832,1.0046,828.181,0.0041,Tyne at Bywell,Tyne,2175.6,54.94994,-1.9413,403858,561700,EA-NE,VA
200,1810,2.17,1.066,23001,1596.89,2051.55,GEV,832,1.0046,828.181,0.0041,Tyne at Bywell,Tyne,2175.6,54.94994,-1.9413,403858,561700,EA-NE,VA
500,1970,2.37,1.0805,23001,1692.63,2292.82,GEV,832,1.0046,828.181,0.0041,Tyne at Bywell,Tyne,2175.6,54.94994,-1.9413,403858,561700,EA-NE,VA
1000,2090,2.52,1.0927,23001,1756.65,2486.61,GEV,832,1.0046,828.181,0.0041,Tyne at Bywell,Tyne,2175.6,54.94994,-1.9413,403858,561700,EA-NE,VA
2,48.4,1,1.1982,23002,33.96,68.99,Gumbel,48.4,1.0012,48.341,0.0011,Derwent at Eddys Bridge,Derwent,118,54.8519,-1.93756,404107,550791,EA-NE,FLB
5,66.2,1.37,1.1985,23002,46.42,94.4,Gumbel,48.4,1.0012,48.341,0.0011,Derwent at Eddys Bridge,Derwent,118,54.8519,-1.93756,404107,550791,EA-NE,FLB
10,78,1.61,1.1989,23002,54.66,111.3,Gumbel,48.4,1.0012,48.341,0.0011,Derwent at Eddys Bridge,Derwent,118,54.8519,-1.93756,404107,550791,EA-NE,FLB
20,89.2,1.84,1.1997,23002,62.43,127.45,Gumbel,48.4,1.0012,48.341,0.0011,Derwent at Eddys Bridge,Derwent,118,54.8519,-1.93756,404107,550791,EA-NE,FLB
30,95.7,1.98,1.2003,23002,66.91,136.87,Gumbel,48.4,1.0012,48.341,0.0011,Derwent at Eddys Bridge,Derwent,118,54.8519,-1.93756,404107,550791,EA-NE,FLB
50,104,2.15,1.2014,23002,72.58,149.01,Gumbel,48.4,1.0012,48.341,0.0011,Derwent at Eddys Bridge,Derwent,118,54.8519,-1.93756,404107,550791,EA-NE,FLB
75,110,2.28,1.2025,23002,76.63,157.89,Gumbel,48.4,1.0012,48.341,0.0011,Derwent at Eddys Bridge,Derwent,118,54.8519,-1.93756,404107,550791,EA-NE,FLB
100,115,2.37,1.2034,23002,80,165.31,Gumbel,48.4,1.0012,48.341,0.0011,Derwent at Eddys Bridge,Derwent,118,54.8519,-1.93756,404107,550791,EA-NE,FLB
200,126,2.6,1.206,23002,87.28,181.89,Gumbel,48.4,1.0012,48.341,0.0011,Derwent at Eddys Bridge,Derwent,118,54.8519,-1.93756,404107,550791,EA-NE,FLB
500,140,2.9,1.2107,23002,96.24,203.65,Gumbel,48.4,1.0012,48.341,0.0011,Derwent at Eddys Bridge,Derwent,118,54.8519,-1.93756,404107,550791,EA-NE,FLB
1000,151,3.12,1.2152,23002,103.05,221.25,Gumbel,48.4,1.0012,48.341,0.0011,Derwent at Eddys Bridge,Derwent,118,54.8519,-1.93756,404107,550791,EA-NE,FLB
2,437,1,1.092,23003,367.76,519.28,Gumbel,437,1.0016,436.284,0.0015,North Tyne at Reaverhill,North Tyne,1007.5,55.05348,-2.14938,390555,573231,EA-NE,VA
5,566,1.3,1.0923,23003,476.06,672.92,Gumbel,437,1.0016,436.284,0.0015,North Tyne at Reaverhill,North Tyne,1007.5,55.05348,-2.14938,390555,573231,EA-NE,VA
10,651,1.49,1.0934,23003,546.48,775.51,Gumbel,437,1.0016,436.284,0.0015,North Tyne at Reaverhill,North Tyne,1007.5,55.05348,-2.14938,390555,573231,EA-NE,VA
20,733,1.68,1.0953,23003,613.22,876.17,Gumbel,437,1.0016,436.284,0.0015,North Tyne at Reaverhill,North Tyne,1007.5,55.05348,-2.14938,390555,573231,EA-NE,VA
30,780,1.79,1.0968,23003,650.8,934.86,Gumbel,437,1.0016,436.284,0.0015,North Tyne at Reaverhill,North Tyne,1007.5,55.05348,-2.14938,390555,573231,EA-NE,VA
50,839,1.92,1.0991,23003,697.15,1009.71,Gumbel,437,1.0016,436.284,0.0015,North Tyne at Reaverhill,North Tyne,1007.5,55.05348,-2.14938,390555,573231,EA-NE,VA
75,886,2.03,1.1014,23003,733.2,1070.65,Gumbel,437,1.0016,436.284,0.0015,North Tyne at Reaverhill,North Tyne,1007.5,55.05348,-2.14938,390555,573231,EA-NE,VA
100,919,2.1,1.1032,23003,758.08,1114.08,Gumbel,437,1.0016,436.284,0.0015,North Tyne at Reaverhill,North Tyne,1007.5,55.05348,-2.14938,390555,573231,EA-NE,VA
200,998,2.28,1.1085,23003,815.55,1221.27,Gumbel,437,1.0016,436.284,0.0015,North Tyne at Reaverhill,North Tyne,1007.5,55.05348,-2.14938,390555,573231,EA-NE,VA
500,1100,2.52,1.1172,23003,885.23,1366.88,Gumbel,437,1.0016,436.284,0.0015,North Tyne at Reaverhill,North Tyne,1007.5,55.05348,-2.14938,390555,573231,EA-NE,VA
1000,1180,2.7,1.1252,23003,936.42,1486.94,Gumbel,437,1.0016,436.284,0.0015,North Tyne at Reaverhill,North Tyne,1007.5,55.05348,-2.14938,390555,573231,EA-NE,VA
2,451,1,1.0359,23004,420.88,483.28,Gumbel,451,1.0034,449.477,0.0031,South Tyne at Haydon Bridge,South Tyne,751.1,54.97644,-2.22563,385656,564671,EA-NE,VA
5,581,1.29,1.0365,23004,541.58,623.29,Gumbel,451,1.0034,449.477,0.0031,South Tyne at Haydon Bridge,South Tyne,751.1,54.97644,-2.22563,385656,564671,EA-NE,VA
10,668,1.48,1.0388,23004,619.97,719.75,Gumbel,451,1.0034,449.477,0.0031,South Tyne at Haydon Bridge,South Tyne,751.1,54.97644,-2.22563,385656,564671,EA-NE,VA
20,751,1.66,1.0429,23004,691.65,815.45,Gumbel,451,1.0034,449.477,0.0031,South Tyne at Haydon Bridge,South Tyne,751.1,54.97644,-2.22563,385656,564671,EA-NE,VA
30,798,1.77,1.0462,23004,730.4,871.86,Gumbel,451,1.0034,449.477,0.0031,South Tyne at Haydon Bridge,South Tyne,751.1,54.97644,-2.22563,385656,564671,EA-NE,VA
50,858,1.9,1.0512,23004,778.01,946.22,Gumbel,451,1.0034,449.477,0.0031,South Tyne at Haydon Bridge,South Tyne,751.1,54.97644,-2.22563,385656,564671,EA-NE,VA
75,905,2.01,1.0559,23004,813.48,1006.81,Gumbel,451,1.0034,449.477,0.0031,South Tyne at Haydon Bridge,South Tyne,751.1,54.97644,-2.22563,385656,564671,EA-NE,VA
100,938,2.08,1.0596,23004,837.38,1050.71,Gumbel,451,1.0034,449.477,0.0031,South Tyne at Haydon Bridge,South Tyne,751.1,54.97644,-2.22563,385656,564671,EA-NE,VA
200,1020,2.26,1.0696,23004,893.98,1163.79,Gumbel,451,1.0034,449.477,0.0031,South Tyne at Haydon Bridge,South Tyne,751.1,54.97644,-2.22563,385656,564671,EA-NE,VA
500,1120,2.49,1.0849,23004,954.67,1313.96,Gumbel,451,1.0034,449.477,0.0031,South Tyne at Haydon Bridge,South Tyne,751.1,54.97644,-2.22563,385656,564671,EA-NE,VA
1000,1200,2.67,1.0979,23004,999.26,1441.07,Gumbel,451,1.0034,449.477,0.0031,South Tyne at Haydon Bridge,South Tyne,751.1,54.97644,-2.22563,385656,564671,EA-NE,VA
2,221,1,1.11,23005,180.12,271.16,GEV,221,1.001,220.774,0.001,North Tyne at Tarset,North Tyne,284.9,55.169,-2.35244,377647,586133,EA-NE,FVVA
5,281,1.27,1.11,23005,229.02,344.78,GEV,221,1.001,220.774,0.001,North Tyne at Tarset,North Tyne,284.9,55.169,-2.35244,377647,586133,EA-NE,FVVA
10,322,1.46,1.1109,23005,262.02,395.71,GEV,221,1.001,220.774,0.001,North Tyne at Tarset,North Tyne,284.9,55.169,-2.35244,377647,586133,EA-NE,FVVA
20,361,1.64,1.1125,23005,292.93,444.89,GEV,221,1.001,220.774,0.001,North Tyne at Tarset,North Tyne,284.9,55.169,-2.35244,377647,586133,EA-NE,FVVA
30,384,1.74,1.114,23005,310.77,474.49,GEV,221,1.001,220.774,0.001,North Tyne at Tarset,North Tyne,284.9,55.169,-2.35244,377647,586133,EA-NE,FVVA
50,413,1.87,1.1163,23005,332.89,512.39,GEV,221,1.001,220.774,0.001,North Tyne at Tarset,North Tyne,284.9,55.169,-2.35244,377647,586133,EA-NE,FVVA
75,436,1.97,1.1185,23005,350.07,543.02,GEV,221,1.001,220.774,0.001,North Tyne at Tarset,North Tyne,284.9,55.169,-2.35244,377647,586133,EA-NE,FVVA
100,452,2.05,1.1204,23005,361.72,564.82,GEV,221,1.001,220.774,0.001,North Tyne at Tarset,North Tyne,284.9,55.169,-2.35244,377647,586133,EA-NE,FVVA
200,492,2.22,1.1257,23005,390.1,620.52,GEV,221,1.001,220.774,0.001,North Tyne at Tarset,North Tyne,284.9,55.169,-2.35244,377647,586133,EA-NE,FVVA
500,544,2.46,1.1348,23005,424.58,697.01,GEV,221,1.001,220.774,0.001,North Tyne at Tarset,North Tyne,284.9,55.169,-2.35244,377647,586133,EA-NE,FVVA
1000,585,2.65,1.1432,23005,450.02,760.46,GEV,221,1.001,220.774,0.001,North Tyne at Tarset,North Tyne,284.9,55.169,-2.35244,377647,586133,EA-NE,FVVA
2,246,1,1.0426,23006,226.69,266.96,GEV,246,1.0014,245.644,0.0014,South Tyne at Featherstone,South Tyne,321.9,54.94315,-2.5133,367216,561064,EA-NE,CC
5,312,1.27,1.042,23006,287.83,338.2,GEV,246,1.0014,245.644,0.0014,South Tyne at Featherstone,South Tyne,321.9,54.94315,-2.5133,367216,561064,EA-NE,CC
10,356,1.45,1.0427,23006,327.99,386.4,GEV,246,1.0014,245.644,0.0014,South Tyne at Featherstone,South Tyne,321.9,54.94315,-2.5133,367216,561064,EA-NE,CC
20,399,1.62,1.0449,23006,366.09,434.87,GEV,246,1.0014,245.644,0.0014,South Tyne at Featherstone,South Tyne,321.9,54.94315,-2.5133,367216,561064,EA-NE,CC
30,423,1.72,1.0469,23006,386.66,462.76,GEV,246,1.0014,245.644,0.0014,South Tyne at Featherstone,South Tyne,321.9,54.94315,-2.5133,367216,561064,EA-NE,CC
50,454,1.85,1.0504,23006,412.29,499.93,GEV,246,1.0014,245.644,0.0014,South Tyne at Featherstone,South Tyne,321.9,54.94315,-2.5133,367216,561064,EA-NE,CC
75,478,1.94,1.0538,23006,431.34,529.7,GEV,246,1.0014,245.644,0.0014,South Tyne at Featherstone,South Tyne,321.9,54.94315,-2.5133,367216,561064,EA-NE,CC
100,496,2.02,1.0566,23006,445.26,552.52,GEV,246,1.0014,245.644,0.0014,South Tyne at Featherstone,South Tyne,321.9,54.94315,-2.5133,367216,561064,EA-NE,CC
200,537,2.18,1.0646,23006,474.99,607.1,GEV,246,1.0014,245.644,0.0014,South Tyne at Featherstone,South Tyne,321.9,54.94315,-2.5133,367216,561064,EA-NE,CC
500,593,2.41,1.0776,23006,512.2,686.55,GEV,246,1.0014,245.644,0.0014,South Tyne at Featherstone,South Tyne,321.9,54.94315,-2.5133,367216,561064,EA-NE,CC
1000,635,2.58,1.089,23006,537.28,750.5,GEV,246,1.0014,245.644,0.0014,South Tyne at Featherstone,South Tyne,321.9,54.94315,-2.5133,367216,561064,EA-NE,CC
2,44.1,1,1.1086,23007,36.03,53.98,GEV,44.1,1.0293,42.844,0.0252,Derwent at Rowlands Gill,Derwent,242.1,54.91727,-1.73921,416815,558094,EA-NE,CC
5,62.6,1.42,1.1104,23007,50.98,76.86,GEV,44.1,1.0293,42.844,0.0252,Derwent at Rowlands Gill,Derwent,242.1,54.91727,-1.73921,416815,558094,EA-NE,CC
10,76.3,1.73,1.1132,23007,61.84,94.15,GEV,44.1,1.0293,42.844,0.0252,Derwent at Rowlands Gill,Derwent,242.1,54.91727,-1.73921,416815,558094,EA-NE,CC
20,90.7,2.06,1.1174,23007,72.97,112.74,GEV,44.1,1.0293,42.844,0.0252,Derwent at Rowlands Gill,Derwent,242.1,54.91727,-1.73921,416815,558094,EA-NE,CC
30,99.6,2.26,1.1206,23007,79.68,124.5,GEV,44.1,1.0293,42.844,0.0252,Derwent at Rowlands Gill,Derwent,242.1,54.91727,-1.73921,416815,558094,EA-NE,CC
50,111,2.52,1.1254,23007,88.06,139.92,GEV,44.1,1.0293,42.844,0.0252,Derwent at Rowlands Gill,Derwent,242.1,54.91727,-1.73921,416815,558094,EA-NE,CC
75,121,2.75,1.1299,23007,95.24,153.72,GEV,44.1,1.0293,42.844,0.0252,Derwent at Rowlands Gill,Derwent,242.1,54.91727,-1.73921,416815,558094,EA-NE,CC
100,128,2.91,1.1334,23007,100.14,163.61,GEV,44.1,1.0293,42.844,0.0252,Derwent at Rowlands Gill,Derwent,242.1,54.91727,-1.73921,416815,558094,EA-NE,CC
200,147,3.33,1.1432,23007,113.08,191.09,GEV,44.1,1.0293,42.844,0.0252,Derwent at Rowlands Gill,Derwent,242.1,54.91727,-1.73921,416815,558094,EA-NE,CC
500,174,3.94,1.1588,23007,130.34,232.28,GEV,44.1,1.0293,42.844,0.0252,Derwent at Rowlands Gill,Derwent,242.1,54.91727,-1.73921,416815,558094,EA-NE,CC
1000,196,4.45,1.1723,23007,143.53,267.65,GEV,44.1,1.0293,42.844,0.0252,Derwent at Rowlands Gill,Derwent,242.1,54.91727,-1.73921,416815,558094,EA-NE,CC
2,134,1,1.0537,23008,120.94,148.47,GEV,134,1.0018,133.763,0.0016,Rede at Rede Bridge,Rede,343.8,55.14309,-2.20804,386837,583213,EA-NE,FVVA
5,177,1.32,1.0554,23008,159.25,196.73,GEV,134,1.0018,133.763,0.0016,Rede at Rede Bridge,Rede,343.8,55.14309,-2.20804,386837,583213,EA-NE,FVVA
10,206,1.54,1.0575,23008,184.62,229.86,GEV,134,1.0018,133.763,0.0016,Rede at Rede Bridge,Rede,343.8,55.14309,-2.20804,386837,583213,EA-NE,FVVA
20,234,1.74,1.0605,23008,208.55,262.55,GEV,134,1.0018,133.763,0.0016,Rede at Rede Bridge,Rede,343.8,55.14309,-2.20804,386837,583213,EA-NE,FVVA
30,250,1.87,1.0628,23008,221.87,281.7,GEV,134,1.0018,133.763,0.0016,Rede at Rede Bridge,Rede,343.8,55.14309,-2.20804,386837,583213,EA-NE,FVVA
50,270,2.02,1.0663,23008,238.08,306.2,GEV,134,1.0018,133.763,0.0016,Rede at Rede Bridge,Rede,343.8,55.14309,-2.20804,386837,583213,EA-NE,FVVA
75,287,2.14,1.0695,23008,251.59,327.4,GEV,134,1.0018,133.763,0.0016,Rede at Rede Bridge,Rede,343.8,55.14309,-2.20804,386837,583213,EA-NE,FVVA
100,298,2.23,1.0721,23008,259.99,341.57,GEV,134,1.0018,133.763,0.0016,Rede at Rede Bridge,Rede,343.8,55.14309,-2.20804,386837,583213,EA-NE,FVVA
200,326,2.43,1.0792,23008,280.76,378.53,GEV,134,1.0018,133.763,0.0016,Rede at Rede Bridge,Rede,343.8,55.14309,-2.20804,386837,583213,EA-NE,FVVA
500,364,2.71,1.0904,23008,307.21,431.29,GEV,134,1.0018,133.763,0.0016,Rede at Rede Bridge,Rede,343.8,55.14309,-2.20804,386837,583213,EA-NE,FVVA
1000,392,2.93,1.1001,23008,325.15,472.6,GEV,134,1.0018,133.763,0.0016,Rede at Rede Bridge,Rede,343.8,55.14309,-2.20804,386837,583213,EA-NE,FVVA
2,65.6,1,1.0496,23011,59.66,72.13,GEV,65.6,1.0001,65.593,1e-4,Kielder Burn at Kielder,Kielder Burn,58.8,55.24503,-2.56081,364442,594681,EA-NE,FVVA
5,84.9,1.29,1.0492,23011,77.27,93.28,GEV,65.6,1.0001,65.593,1e-4,Kielder Burn at Kielder,Kielder Burn,58.8,55.24503,-2.56081,364442,594681,EA-NE,FVVA
10,97.6,1.49,1.0502,23011,88.67,107.43,GEV,65.6,1.0001,65.593,1e-4,Kielder Burn at Kielder,Kielder Burn,58.8,55.24503,-2.56081,364442,594681,EA-NE,FVVA
20,110,1.67,1.0522,23011,99.56,121.54,GEV,65.6,1.0001,65.593,1e-4,Kielder Burn at Kielder,Kielder Burn,58.8,55.24503,-2.56081,364442,594681,EA-NE,FVVA
30,116,1.77,1.0541,23011,104.62,128.62,GEV,65.6,1.0001,65.593,1e-4,Kielder Burn at Kielder,Kielder Burn,58.8,55.24503,-2.56081,364442,594681,EA-NE,FVVA
50,125,1.9,1.057,23011,112.13,139.35,GEV,65.6,1.0001,65.593,1e-4,Kielder Burn at Kielder,Kielder Burn,58.8,55.24503,-2.56081,364442,594681,EA-NE,FVVA
75,132,2.01,1.06,23011,117.75,147.97,GEV,65.6,1.0001,65.593,1e-4,Kielder Burn at Kielder,Kielder Burn,58.8,55.24503,-2.56081,364442,594681,EA-NE,FVVA
100,136,2.08,1.0623,23011,120.81,153.1,GEV,65.6,1.0001,65.593,1e-4,Kielder Burn at Kielder,Kielder Burn,58.8,55.24503,-2.56081,364442,594681,EA-NE,FVVA
200,148,2.25,1.069,23011,129.86,168.68,GEV,65.6,1.0001,65.593,1e-4,Kielder Burn at Kielder,Kielder Burn,58.8,55.24503,-2.56081,364442,594681,EA-NE,FVVA
500,162,2.47,1.0798,23011,139.37,188.31,GEV,65.6,1.0001,65.593,1e-4,Kielder Burn at Kielder,Kielder Burn,58.8,55.24503,-2.56081,364442,594681,EA-NE,FVVA
1000,173,2.64,1.0894,23011,146.27,204.61,GEV,65.6,1.0001,65.593,1e-4,Kielder Burn at Kielder,Kielder Burn,58.8,55.24503,-2.56081,364442,594681,EA-NE,FVVA
2,12.3,1,1.0832,23017,10.52,14.39,GEV,12.3,1.2077,10.184,0.153,Team at Team Valley,Team,61.9,54.92032,-1.61206,424964,558471,EA-NE,VA
5,17.6,1.43,1.0857,23017,14.98,20.68,GEV,12.3,1.2077,10.184,0.153,Team at Team Valley,Team,61.9,54.92032,-1.61206,424964,558471,EA-NE,VA
10,21.3,1.73,1.0886,23017,18.04,25.16,GEV,12.3,1.2077,10.184,0.153,Team at Team Valley,Team,61.9,54.92032,-1.61206,424964,558471,EA-NE,VA
20,24.8,2.02,1.0927,23017,20.84,29.51,GEV,12.3,1.2077,10.184,0.153,Team at Team Valley,Team,61.9,54.92032,-1.61206,424964,558471,EA-NE,VA
30,26.9,2.19,1.0956,23017,22.49,32.17,GEV,12.3,1.2077,10.184,0.153,Team at Team Valley,Team,61.9,54.92032,-1.61206,424964,558471,EA-NE,VA
50,29.6,2.41,1.0999,23017,24.56,35.67,GEV,12.3,1.2077,10.184,0.153,Team at Team Valley,Team,61.9,54.92032,-1.61206,424964,558471,EA-NE,VA
75,31.8,2.58,1.1038,23017,26.2,38.59,GEV,12.3,1.2077,10.184,0.153,Team at Team Valley,Team,61.9,54.92032,-1.61206,424964,558471,EA-NE,VA
100,33.3,2.71,1.1068,23017,27.29,40.63,GEV,12.3,1.2077,10.184,0.153,Team at Team Valley,Team,61.9,54.92032,-1.61206,424964,558471,EA-NE,VA
200,37.1,3.01,1.115,23017,29.97,45.92,GEV,12.3,1.2077,10.184,0.153,Team at Team Valley,Team,61.9,54.92032,-1.61206,424964,558471,EA-NE,VA
500,42.2,3.43,1.1277,23017,33.34,53.41,GEV,12.3,1.2077,10.184,0.153,Team at Team Valley,Team,61.9,54.92032,-1.61206,424964,558471,EA-NE,VA
1000,46.2,3.75,1.1385,23017,35.83,59.57,GEV,12.3,1.2077,10.184,0.153,Team at Team Valley,Team,61.9,54.92032,-1.61206,424964,558471,EA-NE,VA
2,3.31,1,1.0759,23018,2.87,3.82,GEV,3.31,1.116,2.966,0.0989,Ouse Burn at Woolsington,Ouse Burn,9,55.02292,-1.69813,419398,569862,EA-NE,FVUS
5,4.73,1.43,1.0781,23018,4.08,5.48,GEV,3.31,1.116,2.966,0.0989,Ouse Burn at Woolsington,Ouse Burn,9,55.02292,-1.69813,419398,569862,EA-NE,FVUS
10,5.65,1.71,1.0808,23018,4.85,6.58,GEV,3.31,1.116,2.966,0.0989,Ouse Burn at Woolsington,Ouse Burn,9,55.02292,-1.69813,419398,569862,EA-NE,FVUS
20,6.52,1.97,1.0845,23018,5.56,7.64,GEV,3.31,1.116,2.966,0.0989,Ouse Burn at Woolsington,Ouse Burn,9,55.02292,-1.69813,419398,569862,EA-NE,FVUS
30,7.02,2.12,1.0871,23018,5.96,8.27,GEV,3.31,1.116,2.966,0.0989,Ouse Burn at Woolsington,Ouse Burn,9,55.02292,-1.69813,419398,569862,EA-NE,FVUS
50,7.64,2.31,1.0909,23018,6.44,9.06,GEV,3.31,1.116,2.966,0.0989,Ouse Burn at Woolsington,Ouse Burn,9,55.02292,-1.69813,419398,569862,EA-NE,FVUS
75,8.12,2.45,1.0944,23018,6.8,9.69,GEV,3.31,1.116,2.966,0.0989,Ouse Burn at Woolsington,Ouse Burn,9,55.02292,-1.69813,419398,569862,EA-NE,FVUS
100,8.46,2.56,1.0971,23018,7.05,10.15,GEV,3.31,1.116,2.966,0.0989,Ouse Burn at Woolsington,Ouse Burn,9,55.02292,-1.69813,419398,569862,EA-NE,FVUS
200,9.27,2.8,1.1043,23018,7.63,11.26,GEV,3.31,1.116,2.966,0.0989,Ouse Burn at Woolsington,Ouse Burn,9,55.02292,-1.69813,419398,569862,EA-NE,FVUS
500,10.3,3.12,1.1156,23018,8.31,12.76,GEV,3.31,1.116,2.966,0.0989,Ouse Burn at Woolsington,Ouse Burn,9,55.02292,-1.69813,419398,569862,EA-NE,FVUS
1000,11.1,3.36,1.1252,23018,8.81,13.99,GEV,3.31,1.116,2.966,0.0989,Ouse Burn at Woolsington,Ouse Burn,9,55.02292,-1.69813,419398,569862,EA-NE,FVUS
2,192,1,1.0693,24001,168.37,218.95,Gumbel,192,1.0273,186.906,0.0234,Wear at Sunderland Bridge,Wear,657.8,54.73389,-1.58967,426520,537734,EA-NE,CB
5,255,1.33,1.0708,24001,223,291.59,Gumbel,192,1.0273,186.906,0.0234,Wear at Sunderland Bridge,Wear,657.8,54.73389,-1.58967,426520,537734,EA-NE,CB
10,296,1.54,1.0728,24001,257.91,339.71,Gumbel,192,1.0273,186.906,0.0234,Wear at Sunderland Bridge,Wear,657.8,54.73389,-1.58967,426520,537734,EA-NE,CB
20,336,1.75,1.0758,24001,291.17,387.73,Gumbel,192,1.0273,186.906,0.0234,Wear at Sunderland Bridge,Wear,657.8,54.73389,-1.58967,426520,537734,EA-NE,CB
30,359,1.87,1.0781,24001,309.8,416.01,Gumbel,192,1.0273,186.906,0.0234,Wear at Sunderland Bridge,Wear,657.8,54.73389,-1.58967,426520,537734,EA-NE,CB
50,388,2.02,1.0816,24001,332.71,452.48,Gumbel,192,1.0273,186.906,0.0234,Wear at Sunderland Bridge,Wear,657.8,54.73389,-1.58967,426520,537734,EA-NE,CB
75,411,2.14,1.085,24001,350.27,482.26,Gumbel,192,1.0273,186.906,0.0234,Wear at Sunderland Bridge,Wear,657.8,54.73389,-1.58967,426520,537734,EA-NE,CB
100,427,2.22,1.0876,24001,362.2,503.39,Gumbel,192,1.0273,186.906,0.0234,Wear at Sunderland Bridge,Wear,657.8,54.73389,-1.58967,426520,537734,EA-NE,CB
200,465,2.42,1.095,24001,389.23,555.53,Gumbel,192,1.0273,186.906,0.0234,Wear at Sunderland Bridge,Wear,657.8,54.73389,-1.58967,426520,537734,EA-NE,CB
500,516,2.69,1.1068,24001,422.94,629.54,Gumbel,192,1.0273,186.906,0.0234,Wear at Sunderland Bridge,Wear,657.8,54.73389,-1.58967,426520,537734,EA-NE,CB
1000,554,2.89,1.1172,24001,445.83,688.41,Gumbel,192,1.0273,186.906,0.0234,Wear at Sunderland Bridge,Wear,657.8,54.73389,-1.58967,426520,537734,EA-NE,CB
2,126,1,1.0399,24003,116.7,136.04,GEV,126,1.0017,125.787,0.0016,Wear at Stanhope,Wear,171.9,54.74632,-2.0269,398366,539040,EA-NE,CC
5,164,1.3,1.0417,24003,151.38,177.67,GEV,126,1.0017,125.787,0.0016,Wear at Stanhope,Wear,171.9,54.74632,-2.0269,398366,539040,EA-NE,CC
10,189,1.5,1.0447,24003,173.48,205.91,GEV,126,1.0017,125.787,0.0016,Wear at Stanhope,Wear,171.9,54.74632,-2.0269,398366,539040,EA-NE,CC
20,214,1.7,1.0492,24003,194.77,235.12,GEV,126,1.0017,125.787,0.0016,Wear at Stanhope,Wear,171.9,54.74632,-2.0269,398366,539040,EA-NE,CC
30,229,1.82,1.0525,24003,207.15,253.16,GEV,126,1.0017,125.787,0.0016,Wear at Stanhope,Wear,171.9,54.74632,-2.0269,398366,539040,EA-NE,CC
50,247,1.96,1.0574,24003,221.41,275.55,GEV,126,1.0017,125.787,0.0016,Wear at Stanhope,Wear,171.9,54.74632,-2.0269,398366,539040,EA-NE,CC
75,262,2.08,1.0618,24003,232.95,294.68,GEV,126,1.0017,125.787,0.0016,Wear at Stanhope,Wear,171.9,54.74632,-2.0269,398366,539040,EA-NE,CC
100,273,2.17,1.0652,24003,241.21,308.98,GEV,126,1.0017,125.787,0.0016,Wear at Stanhope,Wear,171.9,54.74632,-2.0269,398366,539040,EA-NE,CC
200,299,2.37,1.0743,24003,259.82,344.09,GEV,126,1.0017,125.787,0.0016,Wear at Stanhope,Wear,171.9,54.74632,-2.0269,398366,539040,EA-NE,CC
500,334,2.65,1.0881,24003,283.06,394.11,GEV,126,1.0017,125.787,0.0016,Wear at Stanhope,Wear,171.9,54.74632,-2.0269,398366,539040,EA-NE,CC
1000,362,2.87,1.0998000000000001,24003,300.42,436.2,GEV,126,1.0017,125.787,0.0016,Wear at Stanhope,Wear,171.9,54.74632,-2.0269,398366,539040,EA-NE,CC
2,27.3,1,1.062,24004,24.26,30.72,Gumbel,27.3,1.0004,27.29,3e-4,Bedburn Beck at Bedburn,Bedburn Beck,74.9,54.68464,-1.81851,411799,532192,EA-NE,CC
5,38.3,1.4,1.0645,24004,33.88,43.29,Gumbel,27.3,1.0004,27.29,3e-4,Bedburn Beck at Bedburn,Bedburn Beck,74.9,54.68464,-1.81851,411799,532192,EA-NE,CC
10,45.6,1.67,1.0684,24004,40.05,51.91,Gumbel,27.3,1.0004,27.29,3e-4,Bedburn Beck at Bedburn,Bedburn Beck,74.9,54.68464,-1.81851,411799,532192,EA-NE,CC
20,52.6,1.93,1.0739,24004,45.74,60.49,Gumbel,27.3,1.0004,27.29,3e-4,Bedburn Beck at Bedburn,Bedburn Beck,74.9,54.68464,-1.81851,411799,532192,EA-NE,CC
30,56.6,2.07,1.0779,24004,48.86,65.56,Gumbel,27.3,1.0004,27.29,3e-4,Bedburn Beck at Bedburn,Bedburn Beck,74.9,54.68464,-1.81851,411799,532192,EA-NE,CC
50,61.7,2.26,1.0838,24004,52.7,72.24,Gumbel,27.3,1.0004,27.29,3e-4,Bedburn Beck at Bedburn,Bedburn Beck,74.9,54.68464,-1.81851,411799,532192,EA-NE,CC
75,65.6,2.4,1.089,24004,55.5,77.53,Gumbel,27.3,1.0004,27.29,3e-4,Bedburn Beck at Bedburn,Bedburn Beck,74.9,54.68464,-1.81851,411799,532192,EA-NE,CC
100,68.4,2.51,1.093,24004,57.46,81.42,Gumbel,27.3,1.0004,27.29,3e-4,Bedburn Beck at Bedburn,Bedburn Beck,74.9,54.68464,-1.81851,411799,532192,EA-NE,CC
200,75.2,2.75,1.1037,24004,61.98,91.24,Gumbel,27.3,1.0004,27.29,3e-4,Bedburn Beck at Bedburn,Bedburn Beck,74.9,54.68464,-1.81851,411799,532192,EA-NE,CC
500,84.1,3.08,1.1199,24004,67.36,105,Gumbel,27.3,1.0004,27.29,3e-4,Bedburn Beck at Bedburn,Bedburn Beck,74.9,54.68464,-1.81851,411799,532192,EA-NE,CC
1000,90.9,3.33,1.1336,24004,71.09,116.23,Gumbel,27.3,1.0004,27.29,3e-4,Bedburn Beck at Bedburn,Bedburn Beck,74.9,54.68464,-1.81851,411799,532192,EA-NE,CC
2,38.6,1,1.0531,24005,34.88,42.72,Gumbel,38.6,1.0503,36.751,0.0422,Browney at Burnhall,Browney,178.5,54.74249,-1.59916,425904,538688,EA-NE,CB
5,54.7,1.42,1.0551,24005,49.24,60.76,Gumbel,38.6,1.0503,36.751,0.0422,Browney at Burnhall,Browney,178.5,54.74249,-1.59916,425904,538688,EA-NE,CB
10,65.3,1.69,1.0587,24005,58.39,73.02,Gumbel,38.6,1.0503,36.751,0.0422,Browney at Burnhall,Browney,178.5,54.74249,-1.59916,425904,538688,EA-NE,CB
20,75.5,1.96,1.0639,24005,66.87,85.25,Gumbel,38.6,1.0503,36.751,0.0422,Browney at Burnhall,Browney,178.5,54.74249,-1.59916,425904,538688,EA-NE,CB
30,81.4,2.11,1.0678,24005,71.58,92.57,Gumbel,38.6,1.0503,36.751,0.0422,Browney at Burnhall,Browney,178.5,54.74249,-1.59916,425904,538688,EA-NE,CB
50,88.8,2.3,1.0736,24005,77.26,102.06,Gumbel,38.6,1.0503,36.751,0.0422,Browney at Burnhall,Browney,178.5,54.74249,-1.59916,425904,538688,EA-NE,CB
75,94.6,2.45,1.0788,24005,81.53,109.76,Gumbel,38.6,1.0503,36.751,0.0422,Browney at Burnhall,Browney,178.5,54.74249,-1.59916,425904,538688,EA-NE,CB
100,98.7,2.56,1.0828,24005,84.45,115.35,Gumbel,38.6,1.0503,36.751,0.0422,Browney at Burnhall,Browney,178.5,54.74249,-1.59916,425904,538688,EA-NE,CB
200,109,2.81,1.0935,24005,91.48,129.87,Gumbel,38.6,1.0503,36.751,0.0422,Browney at Burnhall,Browney,178.5,54.74249,-1.59916,425904,538688,EA-NE,CB
500,122,3.15,1.1097,24005,99.48,149.61,Gumbel,38.6,1.0503,36.751,0.0422,Browney at Burnhall,Browney,178.5,54.74249,-1.59916,425904,538688,EA-NE,CB
1000,131,3.4,1.1234,24005,104.29,164.56,Gumbel,38.6,1.0503,36.751,0.0422,Browney at Burnhall,Browney,178.5,54.74249,-1.59916,425904,538688,EA-NE,CB
2,24.6,1,1.0622,24006,21.86,27.69,GEV,24.6,1.0011,24.572,0.0011,Rookhope Burn at Eastgate,Rookhope Burn,36.5,54.74669,-2.0748,395283,539084,EA-NE,CC
5,32.6,1.32,1.063,24006,28.92,36.75,GEV,24.6,1.0011,24.572,0.0011,Rookhope Burn at Eastgate,Rookhope Burn,36.5,54.74669,-2.0748,395283,539084,EA-NE,CC
10,37.9,1.54,1.0648,24006,33.51,42.86,GEV,24.6,1.0011,24.572,0.0011,Rookhope Burn at Eastgate,Rookhope Burn,36.5,54.74669,-2.0748,395283,539084,EA-NE,CC
20,42.9,1.75,1.0677,24006,37.73,48.78,GEV,24.6,1.0011,24.572,0.0011,Rookhope Burn at Eastgate,Rookhope Burn,36.5,54.74669,-2.0748,395283,539084,EA-NE,CC
30,45.9,1.87,1.07,24006,40.2,52.41,GEV,24.6,1.0011,24.572,0.0011,Rookhope Burn at Eastgate,Rookhope Burn,36.5,54.74669,-2.0748,395283,539084,EA-NE,CC
50,49.6,2.01,1.0736,24006,43.15,57.01,GEV,24.6,1.0011,24.572,0.0011,Rookhope Burn at Eastgate,Rookhope Burn,36.5,54.74669,-2.0748,395283,539084,EA-NE,CC
75,52.5,2.13,1.0769,24006,45.4,60.7,GEV,24.6,1.0011,24.572,0.0011,Rookhope Burn at Eastgate,Rookhope Burn,36.5,54.74669,-2.0748,395283,539084,EA-NE,CC
100,54.5,2.22,1.0795,24006,46.91,63.32,GEV,24.6,1.0011,24.572,0.0011,Rookhope Burn at Eastgate,Rookhope Burn,36.5,54.74669,-2.0748,395283,539084,EA-NE,CC
200,59.5,2.42,1.0868,24006,50.54,70.04,GEV,24.6,1.0011,24.572,0.0011,Rookhope Burn at Eastgate,Rookhope Burn,36.5,54.74669,-2.0748,395283,539084,EA-NE,CC
500,66.1,2.69,1.0984,24006,54.99,79.45,GEV,24.6,1.0011,24.572,0.0011,Rookhope Burn at Eastgate,Rookhope Burn,36.5,54.74669,-2.0748,395283,539084,EA-NE,CC
1000,71.1,2.89,1.1085,24006,58.1,87.01,GEV,24.6,1.0011,24.572,0.0011,Rookhope Burn at Eastgate,Rookhope Burn,36.5,54.74669,-2.0748,395283,539084,EA-NE,CC
2,11,1,1.2345,24007,7.28,16.62,GEV,11,1.0037,10.959,0.0032,Browney at Lanchester,Browney,44.6,54.81046,-1.74472,416505,546207,EA-NE,CC
5,15.9,1.44,1.2345,24007,10.52,24.03,GEV,11,1.0037,10.959,0.0032,Browney at Lanchester,Browney,44.6,54.81046,-1.74472,416505,546207,EA-NE,CC
10,19.3,1.75,1.2359,24007,12.74,29.23,GEV,11,1.0037,10.959,0.0032,Browney at Lanchester,Browney,44.6,54.81046,-1.74472,416505,546207,EA-NE,CC
20,22.6,2.05,1.2381,24007,14.87,34.35,GEV,11,1.0037,10.959,0.0032,Browney at Lanchester,Browney,44.6,54.81046,-1.74472,416505,546207,EA-NE,CC
30,24.6,2.23,1.2398,24007,16.14,37.49,GEV,11,1.0037,10.959,0.0032,Browney at Lanchester,Browney,44.6,54.81046,-1.74472,416505,546207,EA-NE,CC
50,27.1,2.46,1.2424,24007,17.71,41.47,GEV,11,1.0037,10.959,0.0032,Browney at Lanchester,Browney,44.6,54.81046,-1.74472,416505,546207,EA-NE,CC
75,29.1,2.65,1.2449,24007,18.94,44.71,GEV,11,1.0037,10.959,0.0032,Browney at Lanchester,Browney,44.6,54.81046,-1.74472,416505,546207,EA-NE,CC
100,30.6,2.78,1.2469,24007,19.86,47.16,GEV,11,1.0037,10.959,0.0032,Browney at Lanchester,Browney,44.6,54.81046,-1.74472,416505,546207,EA-NE,CC
200,34.1,3.1,1.2526,24007,21.93,53.02,GEV,11,1.0037,10.959,0.0032,Browney at Lanchester,Browney,44.6,54.81046,-1.74472,416505,546207,EA-NE,CC
500,39,3.55,1.2618,24007,24.72,61.52,GEV,11,1.0037,10.959,0.0032,Browney at Lanchester,Browney,44.6,54.81046,-1.74472,416505,546207,EA-NE,CC
1000,42.8,3.89,1.2702,24007,26.78,68.4,GEV,11,1.0037,10.959,0.0032,Browney at Lanchester,Browney,44.6,54.81046,-1.74472,416505,546207,EA-NE,CC
2,222,1,1.0952,24008,185.76,265.31,Gumbel,222,1.0044,221.025,0.0039,Wear at Witton Park,Wear,455,54.67288,-1.73357,417280,530900,EA-NE,FV
5,292,1.32,1.0962,24008,243.89,349.6,Gumbel,222,1.0044,221.025,0.0039,Wear at Witton Park,Wear,455,54.67288,-1.73357,417280,530900,EA-NE,FV
10,338,1.52,1.0976,24008,281.61,405.68,Gumbel,222,1.0044,221.025,0.0039,Wear at Witton Park,Wear,455,54.67288,-1.73357,417280,530900,EA-NE,FV
20,383,1.72,1.0996,24008,317.96,461.34,Gumbel,222,1.0044,221.025,0.0039,Wear at Witton Park,Wear,455,54.67288,-1.73357,417280,530900,EA-NE,FV
30,408,1.84,1.1011,24008,337.82,492.77,Gumbel,222,1.0044,221.025,0.0039,Wear at Witton Park,Wear,455,54.67288,-1.73357,417280,530900,EA-NE,FV
50,440,1.98,1.1034,24008,362.82,533.59,Gumbel,222,1.0044,221.025,0.0039,Wear at Witton Park,Wear,455,54.67288,-1.73357,417280,530900,EA-NE,FV
75,465,2.1,1.1055,24008,382.01,566.02,Gumbel,222,1.0044,221.025,0.0039,Wear at Witton Park,Wear,455,54.67288,-1.73357,417280,530900,EA-NE,FV
100,483,2.18,1.1072,24008,395.61,589.7,Gumbel,222,1.0044,221.025,0.0039,Wear at Witton Park,Wear,455,54.67288,-1.73357,417280,530900,EA-NE,FV
200,526,2.37,1.1119,24008,427.26,647.55,Gumbel,222,1.0044,221.025,0.0039,Wear at Witton Park,Wear,455,54.67288,-1.73357,417280,530900,EA-NE,FV
500,583,2.63,1.1196,24008,467.2,727.5,Gumbel,222,1.0044,221.025,0.0039,Wear at Witton Park,Wear,455,54.67288,-1.73357,417280,530900,EA-NE,FV
1000,626,2.82,1.1265,24008,495.66,790.62,Gumbel,222,1.0044,221.025,0.0039,Wear at Witton Park,Wear,455,54.67288,-1.73357,417280,530900,EA-NE,FV
2,257,1,1.0789,24009,221.46,298.25,Gumbel,257,1.0451,245.907,0.0373,Wear at Chester le Street,Wear,1008.3,54.85503,-1.56066,428304,551226,EA-NE,FVVA
5,337,1.31,1.079,24009,290.34,391.16,Gumbel,257,1.0451,245.907,0.0373,Wear at Chester le Street,Wear,1008.3,54.85503,-1.56066,428304,551226,EA-NE,FVVA
10,390,1.52,1.0804,24009,335.15,453.83,Gumbel,257,1.0451,245.907,0.0373,Wear at Chester le Street,Wear,1008.3,54.85503,-1.56066,428304,551226,EA-NE,FVVA
20,441,1.72,1.0829,24009,377.26,515.5,Gumbel,257,1.0451,245.907,0.0373,Wear at Chester le Street,Wear,1008.3,54.85503,-1.56066,428304,551226,EA-NE,FVVA
30,471,1.83,1.0849,24009,401.47,552.57,Gumbel,257,1.0451,245.907,0.0373,Wear at Chester le Street,Wear,1008.3,54.85503,-1.56066,428304,551226,EA-NE,FVVA
50,507,1.97,1.0881,24009,429.67,598.24,Gumbel,257,1.0451,245.907,0.0373,Wear at Chester le Street,Wear,1008.3,54.85503,-1.56066,428304,551226,EA-NE,FVVA
75,536,2.09,1.0911,24009,451.8,635.89,Gumbel,257,1.0451,245.907,0.0373,Wear at Chester le Street,Wear,1008.3,54.85503,-1.56066,428304,551226,EA-NE,FVVA
100,557,2.17,1.0935,24009,467.49,663.65,Gumbel,257,1.0451,245.907,0.0373,Wear at Chester le Street,Wear,1008.3,54.85503,-1.56066,428304,551226,EA-NE,FVVA
200,606,2.36,1.1001,24009,502.65,730.6,Gumbel,257,1.0451,245.907,0.0373,Wear at Chester le Street,Wear,1008.3,54.85503,-1.56066,428304,551226,EA-NE,FVVA
500,671,2.61,1.1109,24009,546.01,824.6,Gumbel,257,1.0451,245.907,0.0373,Wear at Chester le Street,Wear,1008.3,54.85503,-1.56066,428304,551226,EA-NE,FVVA
1000,720,2.8,1.1205,24009,576.08,899.87,Gumbel,257,1.0451,245.907,0.0373,Wear at Chester le Street,Wear,1008.3,54.85503,-1.56066,428304,551226,EA-NE,FVVA
2,15.2,1,1.0578,25003,13.61,16.97,Kappa3,15.2,1,15.2,0,Trout Beck at Moor House,Trout Beck,11.4,54.69606,-2.37727,375782,533513,EA-NE,CC
5,19.6,1.29,1.0598,25003,17.49,21.96,Kappa3,15.2,1,15.2,0,Trout Beck at Moor House,Trout Beck,11.4,54.69606,-2.37727,375782,533513,EA-NE,CC
10,22.8,1.5,1.0627,25003,20.24,25.69,Kappa3,15.2,1,15.2,0,Trout Beck at Moor House,Trout Beck,11.4,54.69606,-2.37727,375782,533513,EA-NE,CC
20,26.2,1.72,1.0669,25003,23.08,29.75,Kappa3,15.2,1,15.2,0,Trout Beck at Moor House,Trout Beck,11.4,54.69606,-2.37727,375782,533513,EA-NE,CC
30,28.3,1.86,1.0701,25003,24.78,32.32,Kappa3,15.2,1,15.2,0,Trout Beck at Moor House,Trout Beck,11.4,54.69606,-2.37727,375782,533513,EA-NE,CC
50,31.2,2.05,1.075,25003,27.08,35.95,Kappa3,15.2,1,15.2,0,Trout Beck at Moor House,Trout Beck,11.4,54.69606,-2.37727,375782,533513,EA-NE,CC
75,33.6,2.21,1.0795,25003,28.92,39.04,Kappa3,15.2,1,15.2,0,Trout Beck at Moor House,Trout Beck,11.4,54.69606,-2.37727,375782,533513,EA-NE,CC
100,35.4,2.33,1.083,25003,30.28,41.39,Kappa3,15.2,1,15.2,0,Trout Beck at Moor House,Trout Beck,11.4,54.69606,-2.37727,375782,533513,EA-NE,CC
200,40.1,2.64,1.0926,25003,33.71,47.7,Kappa3,15.2,1,15.2,0,Trout Beck at Moor House,Trout Beck,11.4,54.69606,-2.37727,375782,533513,EA-NE,CC
500,47.2,3.1,1.1077,25003,38.63,57.68,Kappa3,15.2,1,15.2,0,Trout Beck at Moor House,Trout Beck,11.4,54.69606,-2.37727,375782,533513,EA-NE,CC
1000,53.2,3.5,1.1206,25003,42.56,66.5,Kappa3,15.2,1,15.2,0,Trout Beck at Moor House,Trout Beck,11.4,54.69606,-2.37727,375782,533513,EA-NE,CC
2,21.3,1,1.0603,25004,18.99,23.89,GenLog,21.3,1.1408,18.67,0.1051,Skerne at Darlington South Park,Skerne,250.1,54.511,-1.56289,428399,512942,EA-NE,CC+CB
5,29.9,1.4,1.0654,25004,26.41,33.85,GenLog,21.3,1.1408,18.67,0.1051,Skerne at Darlington South Park,Skerne,250.1,54.511,-1.56289,428399,512942,EA-NE,CC+CB
10,36.2,1.7,1.0707,25004,31.66,41.39,GenLog,21.3,1.1408,18.67,0.1051,Skerne at Darlington South Park,Skerne,250.1,54.511,-1.56289,428399,512942,EA-NE,CC+CB
20,43,2.02,1.0774,25004,37.15,49.77,GenLog,21.3,1.1408,18.67,0.1051,Skerne at Darlington South Park,Skerne,250.1,54.511,-1.56289,428399,512942,EA-NE,CC+CB
30,47.4,2.23,1.0821,25004,40.61,55.33,GenLog,21.3,1.1408,18.67,0.1051,Skerne at Darlington South Park,Skerne,250.1,54.511,-1.56289,428399,512942,EA-NE,CC+CB
50,53.4,2.51,1.0886,25004,45.21,63.07,GenLog,21.3,1.1408,18.67,0.1051,Skerne at Darlington South Park,Skerne,250.1,54.511,-1.56289,428399,512942,EA-NE,CC+CB
75,58.6,2.75,1.0943,25004,49.11,69.92,GenLog,21.3,1.1408,18.67,0.1051,Skerne at Darlington South Park,Skerne,250.1,54.511,-1.56289,428399,512942,EA-NE,CC+CB
100,62.6,2.94,1.0987,25004,52.05,75.28,GenLog,21.3,1.1408,18.67,0.1051,Skerne at Darlington South Park,Skerne,250.1,54.511,-1.56289,428399,512942,EA-NE,CC+CB
200,73.1,3.43,1.1101,25004,59.57,89.71,GenLog,21.3,1.1408,18.67,0.1051,Skerne at Darlington South Park,Skerne,250.1,54.511,-1.56289,428399,512942,EA-NE,CC+CB
500,89.6,4.21,1.1271,25004,70.87,113.28,GenLog,21.3,1.1408,18.67,0.1051,Skerne at Darlington South Park,Skerne,250.1,54.511,-1.56289,428399,512942,EA-NE,CC+CB
1000,104,4.9,1.1412,25004,80.28,134.73,GenLog,21.3,1.1408,18.67,0.1051,Skerne at Darlington South Park,Skerne,250.1,54.511,-1.56289,428399,512942,EA-NE,CC+CB
2,43.3,1,1.0701,25005,37.92,49.45,GenLog,43.3,1.023,42.328,0.0188,Leven at Leven Bridge,Leven,196.3,54.50203,-1.31542,444431,512072,EA-NE,CB
5,61.9,1.43,1.0714,25005,54.07,70.86,GenLog,43.3,1.023,42.328,0.0188,Leven at Leven Bridge,Leven,196.3,54.50203,-1.31542,444431,512072,EA-NE,CB
10,75.9,1.75,1.0745,25005,65.93,87.38,GenLog,43.3,1.023,42.328,0.0188,Leven at Leven Bridge,Leven,196.3,54.50203,-1.31542,444431,512072,EA-NE,CB
20,91.2,2.11,1.0795,25005,78.5,105.95,GenLog,43.3,1.023,42.328,0.0188,Leven at Leven Bridge,Leven,196.3,54.50203,-1.31542,444431,512072,EA-NE,CB
30,101,2.34,1.0834,25005,86.32,118.17,GenLog,43.3,1.023,42.328,0.0188,Leven at Leven Bridge,Leven,196.3,54.50203,-1.31542,444431,512072,EA-NE,CB
50,115,2.65,1.0893,25005,97.25,135.99,GenLog,43.3,1.023,42.328,0.0188,Leven at Leven Bridge,Leven,196.3,54.50203,-1.31542,444431,512072,EA-NE,CB
75,127,2.93,1.0947,25005,106.36,151.64,GenLog,43.3,1.023,42.328,0.0188,Leven at Leven Bridge,Leven,196.3,54.50203,-1.31542,444431,512072,EA-NE,CB
100,136,3.14,1.0989,25005,113.05,163.61,GenLog,43.3,1.023,42.328,0.0188,Leven at Leven Bridge,Leven,196.3,54.50203,-1.31542,444431,512072,EA-NE,CB
200,160,3.71,1.1104,25005,130.31,196.45,GenLog,43.3,1.023,42.328,0.0188,Leven at Leven Bridge,Leven,196.3,54.50203,-1.31542,444431,512072,EA-NE,CB
500,199,4.6,1.1279,25005,157.18,251.94,GenLog,43.3,1.023,42.328,0.0188,Leven at Leven Bridge,Leven,196.3,54.50203,-1.31542,444431,512072,EA-NE,CB
1000,235,5.42,1.1428,25005,180.9,305.27,GenLog,43.3,1.023,42.328,0.0188,Leven at Leven Bridge,Leven,196.3,54.50203,-1.31542,444431,512072,EA-NE,CB
2,75.1,1,1.0648,25006,66.4,84.93,GEV,75.1,1.0007,75.047,7e-4,Greta at Rutherford Bridge,Greta,86.1,54.50519,-1.94961,403361,512209,EA-NE,CC
5,97.8,1.3,1.0654,25006,86.38,110.73,GEV,75.1,1.0007,75.047,7e-4,Greta at Rutherford Bridge,Greta,86.1,54.50519,-1.94961,403361,512209,EA-NE,CC
10,113,1.5,1.0665,25006,99.6,128.2,GEV,75.1,1.0007,75.047,7e-4,Greta at Rutherford Bridge,Greta,86.1,54.50519,-1.94961,403361,512209,EA-NE,CC
20,127,1.69,1.0684,25006,111.55,144.58,GEV,75.1,1.0007,75.047,7e-4,Greta at Rutherford Bridge,Greta,86.1,54.50519,-1.94961,403361,512209,EA-NE,CC
30,135,1.8,1.07,25006,118.23,154.14,GEV,75.1,1.0007,75.047,7e-4,Greta at Rutherford Bridge,Greta,86.1,54.50519,-1.94961,403361,512209,EA-NE,CC
50,145,1.93,1.0724,25006,126.44,166.29,GEV,75.1,1.0007,75.047,7e-4,Greta at Rutherford Bridge,Greta,86.1,54.50519,-1.94961,403361,512209,EA-NE,CC
75,153,2.04,1.0748,25006,132.83,176.24,GEV,75.1,1.0007,75.047,7e-4,Greta at Rutherford Bridge,Greta,86.1,54.50519,-1.94961,403361,512209,EA-NE,CC
100,159,2.11,1.0768,25006,137.53,183.82,GEV,75.1,1.0007,75.047,7e-4,Greta at Rutherford Bridge,Greta,86.1,54.50519,-1.94961,403361,512209,EA-NE,CC
200,172,2.29,1.0823,25006,147.3,200.84,GEV,75.1,1.0007,75.047,7e-4,Greta at Rutherford Bridge,Greta,86.1,54.50519,-1.94961,403361,512209,EA-NE,CC
500,190,2.52,1.0915,25006,160.04,225.57,GEV,75.1,1.0007,75.047,7e-4,Greta at Rutherford Bridge,Greta,86.1,54.50519,-1.94961,403361,512209,EA-NE,CC
1000,203,2.7,1.0998000000000001,25006,168.47,244.61,GEV,75.1,1.0007,75.047,7e-4,Greta at Rutherford Bridge,Greta,86.1,54.50519,-1.94961,403361,512209,EA-NE,CC
2,262,1,1.0729,25008,228.25,300.74,Gumbel,262,1.0027,261.295,0.0024,Tees at Barnard Castle,Tees,509.2,54.54501,-1.92991,404632,516641,EA-NE,CC
5,340,1.3,1.0729,25008,296.2,390.28,Gumbel,262,1.0027,261.295,0.0024,Tees at Barnard Castle,Tees,509.2,54.54501,-1.92991,404632,516641,EA-NE,CC
10,391,1.49,1.0739,25008,340.01,449.64,Gumbel,262,1.0027,261.295,0.0024,Tees at Barnard Castle,Tees,509.2,54.54501,-1.92991,404632,516641,EA-NE,CC
20,440,1.68,1.0757,25008,381.36,507.65,Gumbel,262,1.0027,261.295,0.0024,Tees at Barnard Castle,Tees,509.2,54.54501,-1.92991,404632,516641,EA-NE,CC
30,469,1.79,1.0773,25008,405.32,542.69,Gumbel,262,1.0027,261.295,0.0024,Tees at Barnard Castle,Tees,509.2,54.54501,-1.92991,404632,516641,EA-NE,CC
50,504,1.92,1.0798,25008,433.59,585.85,Gumbel,262,1.0027,261.295,0.0024,Tees at Barnard Castle,Tees,509.2,54.54501,-1.92991,404632,516641,EA-NE,CC
75,532,2.03,1.0823,25008,455.61,621.2,Gumbel,262,1.0027,261.295,0.0024,Tees at Barnard Castle,Tees,509.2,54.54501,-1.92991,404632,516641,EA-NE,CC
100,552,2.11,1.0843,25008,471.03,646.89,Gumbel,262,1.0027,261.295,0.0024,Tees at Barnard Castle,Tees,509.2,54.54501,-1.92991,404632,516641,EA-NE,CC
200,600,2.29,1.09,25008,506.75,710.41,Gumbel,262,1.0027,261.295,0.0024,Tees at Barnard Castle,Tees,509.2,54.54501,-1.92991,404632,516641,EA-NE,CC
500,663,2.53,1.0995,25008,550.52,798.47,Gumbel,262,1.0027,261.295,0.0024,Tees at Barnard Castle,Tees,509.2,54.54501,-1.92991,404632,516641,EA-NE,CC
1000,710,2.71,1.1082,25008,580.51,868.38,Gumbel,262,1.0027,261.295,0.0024,Tees at Barnard Castle,Tees,509.2,54.54501,-1.92991,404632,516641,EA-NE,CC
2,410,1,1.0826,25009,350.93,479.01,GEV,410,1.0346,396.291,0.0275,Tees at Low Moor,Tees,1264,54.48898,-1.43897,436442,510549,EA-NE,FVVA
5,518,1.26,1.0822,25009,443.7,604.75,GEV,410,1.0346,396.291,0.0275,Tees at Low Moor,Tees,1264,54.48898,-1.43897,436442,510549,EA-NE,FVVA
10,582,1.42,1.0828,25009,497.98,680.2,GEV,410,1.0346,396.291,0.0275,Tees at Low Moor,Tees,1264,54.48898,-1.43897,436442,510549,EA-NE,FVVA
20,640,1.56,1.084,25009,546.41,749.61,GEV,410,1.0346,396.291,0.0275,Tees at Low Moor,Tees,1264,54.48898,-1.43897,436442,510549,EA-NE,FVVA
30,670,1.64,1.0851,25009,570.89,786.31,GEV,410,1.0346,396.291,0.0275,Tees at Low Moor,Tees,1264,54.48898,-1.43897,436442,510549,EA-NE,FVVA
50,707,1.73,1.0868,25009,600.57,832.29,GEV,410,1.0346,396.291,0.0275,Tees at Low Moor,Tees,1264,54.48898,-1.43897,436442,510549,EA-NE,FVVA
75,735,1.79,1.0885,25009,622.45,867.9,GEV,410,1.0346,396.291,0.0275,Tees at Low Moor,Tees,1264,54.48898,-1.43897,436442,510549,EA-NE,FVVA
100,754,1.84,1.0899,25009,636.93,892.58,GEV,410,1.0346,396.291,0.0275,Tees at Low Moor,Tees,1264,54.48898,-1.43897,436442,510549,EA-NE,FVVA
200,797,1.94,1.0939,25009,668.44,950.29,GEV,410,1.0346,396.291,0.0275,Tees at Low Moor,Tees,1264,54.48898,-1.43897,436442,510549,EA-NE,FVVA
500,849,2.07,1.1006,25009,703.58,1024.48,GEV,410,1.0346,396.291,0.0275,Tees at Low Moor,Tees,1264,54.48898,-1.43897,436442,510549,EA-NE,FVVA
1000,885,2.16,1.1069,25009,725.26,1079.93,GEV,410,1.0346,396.291,0.0275,Tees at Low Moor,Tees,1264,54.48898,-1.43897,436442,510549,EA-NE,FVVA
2,15.9,1,1.0812,25011,13.64,18.53,Kappa3,15.9,1.0002,15.897,2e-4,Langdon Beck at Langdon,Langdon Beck,13,54.67308,-2.23078,385215,530915,EA-NE,FV
5,20.6,1.3,1.0824,25011,17.64,24.06,Kappa3,15.9,1.0002,15.897,2e-4,Langdon Beck at Langdon,Langdon Beck,13,54.67308,-2.23078,385215,530915,EA-NE,FV
10,24,1.51,1.0844,25011,20.48,28.13,Kappa3,15.9,1.0002,15.897,2e-4,Langdon Beck at Langdon,Langdon Beck,13,54.67308,-2.23078,385215,530915,EA-NE,FV
20,27.6,1.74,1.0876,25011,23.41,32.54,Kappa3,15.9,1.0002,15.897,2e-4,Langdon Beck at Langdon,Langdon Beck,13,54.67308,-2.23078,385215,530915,EA-NE,FV
30,29.9,1.88,1.0901,25011,25.25,35.41,Kappa3,15.9,1.0002,15.897,2e-4,Langdon Beck at Langdon,Langdon Beck,13,54.67308,-2.23078,385215,530915,EA-NE,FV
50,32.9,2.07,1.0939,25011,27.59,39.23,Kappa3,15.9,1.0002,15.897,2e-4,Langdon Beck at Langdon,Langdon Beck,13,54.67308,-2.23078,385215,530915,EA-NE,FV
75,35.4,2.23,1.0975,25011,29.5,42.48,Kappa3,15.9,1.0002,15.897,2e-4,Langdon Beck at Langdon,Langdon Beck,13,54.67308,-2.23078,385215,530915,EA-NE,FV
100,37.3,2.35,1.1004,25011,30.92,44.99,Kappa3,15.9,1.0002,15.897,2e-4,Langdon Beck at Langdon,Langdon Beck,13,54.67308,-2.23078,385215,530915,EA-NE,FV
200,42.2,2.65,1.1085,25011,34.49,51.64,Kappa3,15.9,1.0002,15.897,2e-4,Langdon Beck at Langdon,Langdon Beck,13,54.67308,-2.23078,385215,530915,EA-NE,FV
500,49.4,3.11,1.1216,25011,39.45,61.86,Kappa3,15.9,1.0002,15.897,2e-4,Langdon Beck at Langdon,Langdon Beck,13,54.67308,-2.23078,385215,530915,EA-NE,FV
1000,55.5,3.49,1.1331,25011,43.44,70.9,Kappa3,15.9,1.0002,15.897,2e-4,Langdon Beck at Langdon,Langdon Beck,13,54.67308,-2.23078,385215,530915,EA-NE,FV
2,33.6,1,1.0434,25012,30.92,36.52,Kappa3,33.6,1,33.6,0,Harwood Beck at Harwood,Harwood Beck,25.1,54.67309,-2.23446,384978,530916,EA-NE,FVVA
5,43.5,1.3,1.0456,25012,39.86,47.47,Kappa3,33.6,1,33.6,0,Harwood Beck at Harwood,Harwood Beck,25.1,54.67309,-2.23446,384978,530916,EA-NE,FVVA
10,50.6,1.51,1.0486,25012,46.11,55.53,Kappa3,33.6,1,33.6,0,Harwood Beck at Harwood,Harwood Beck,25.1,54.67309,-2.23446,384978,530916,EA-NE,FVVA
20,58,1.73,1.053,25012,52.42,64.18,Kappa3,33.6,1,33.6,0,Harwood Beck at Harwood,Harwood Beck,25.1,54.67309,-2.23446,384978,530916,EA-NE,FVVA
30,62.6,1.86,1.0562,25012,56.24,69.68,Kappa3,33.6,1,33.6,0,Harwood Beck at Harwood,Harwood Beck,25.1,54.67309,-2.23446,384978,530916,EA-NE,FVVA
50,68.6,2.04,1.0611,25012,61.07,77.06,Kappa3,33.6,1,33.6,0,Harwood Beck at Harwood,Harwood Beck,25.1,54.67309,-2.23446,384978,530916,EA-NE,FVVA
75,73.6,2.19,1.0655,25012,64.99,83.35,Kappa3,33.6,1,33.6,0,Harwood Beck at Harwood,Harwood Beck,25.1,54.67309,-2.23446,384978,530916,EA-NE,FVVA
100,77.3,2.3,1.0689,25012,67.84,88.08,Kappa3,33.6,1,33.6,0,Harwood Beck at Harwood,Harwood Beck,25.1,54.67309,-2.23446,384978,530916,EA-NE,FVVA
200,86.9,2.59,1.0782,25012,74.98,100.72,Kappa3,33.6,1,33.6,0,Harwood Beck at Harwood,Harwood Beck,25.1,54.67309,-2.23446,384978,530916,EA-NE,FVVA
500,101,3,1.0924,25012,84.94,120.1,Kappa3,33.6,1,33.6,0,Harwood Beck at Harwood,Harwood Beck,25.1,54.67309,-2.23446,384978,530916,EA-NE,FVVA
1000,112,3.35,1.1045,25012,92.18,136.09,Kappa3,33.6,1,33.6,0,Harwood Beck at Harwood,Harwood Beck,25.1,54.67309,-2.23446,384978,530916,EA-NE,FVVA
2,215,1,1.0862,25018,182.83,252.83,GEV,215,1.0004,214.91,4e-4,Tees at Middleton in Teesdale,Tees,242.1,54.62029,-2.08079,394881,525019,EA-NE,FVVA
5,277,1.29,1.0864,25018,235.47,325.85,GEV,215,1.0004,214.91,4e-4,Tees at Middleton in Teesdale,Tees,242.1,54.62029,-2.08079,394881,525019,EA-NE,FVVA
10,319,1.48,1.0873,25018,270.74,375.87,GEV,215,1.0004,214.91,4e-4,Tees at Middleton in Teesdale,Tees,242.1,54.62029,-2.08079,394881,525019,EA-NE,FVVA
20,360,1.67,1.089,25018,304.6,425.48,GEV,215,1.0004,214.91,4e-4,Tees at Middleton in Teesdale,Tees,242.1,54.62029,-2.08079,394881,525019,EA-NE,FVVA
30,384,1.78,1.0905,25018,324.03,455.07,GEV,215,1.0004,214.91,4e-4,Tees at Middleton in Teesdale,Tees,242.1,54.62029,-2.08079,394881,525019,EA-NE,FVVA
50,414,1.93,1.0929,25018,347.84,492.74,GEV,215,1.0004,214.91,4e-4,Tees at Middleton in Teesdale,Tees,242.1,54.62029,-2.08079,394881,525019,EA-NE,FVVA
75,438,2.04,1.0952,25018,366.49,523.46,GEV,215,1.0004,214.91,4e-4,Tees at Middleton in Teesdale,Tees,242.1,54.62029,-2.08079,394881,525019,EA-NE,FVVA
100,456,2.12,1.0971,25018,380.26,546.82,GEV,215,1.0004,214.91,4e-4,Tees at Middleton in Teesdale,Tees,242.1,54.62029,-2.08079,394881,525019,EA-NE,FVVA
200,498,2.32,1.1027,25018,411.16,603.18,GEV,215,1.0004,214.91,4e-4,Tees at Middleton in Teesdale,Tees,242.1,54.62029,-2.08079,394881,525019,EA-NE,FVVA
500,556,2.59,1.1122,25018,451.39,684.85,GEV,215,1.0004,214.91,4e-4,Tees at Middleton in Teesdale,Tees,242.1,54.62029,-2.08079,394881,525019,EA-NE,FVVA
1000,600,2.79,1.1209,25018,479.73,750.42,GEV,215,1.0004,214.91,4e-4,Tees at Middleton in Teesdale,Tees,242.1,54.62029,-2.08079,394881,525019,EA-NE,FVVA
2,5.38,1,1.12,25019,4.31,6.72,Gumbel,5.38,1.0018,5.371,0.0011,Leven at Easby,Leven,14.8,54.47018,-1.09939,458466,508686,EA-NE,FV
5,8.15,1.52,1.1232,25019,6.49,10.23,Gumbel,5.38,1.0018,5.371,0.0011,Leven at Easby,Leven,14.8,54.47018,-1.09939,458466,508686,EA-NE,FV
10,9.99,1.86,1.1283,25019,7.89,12.66,Gumbel,5.38,1.0018,5.371,0.0011,Leven at Easby,Leven,14.8,54.47018,-1.09939,458466,508686,EA-NE,FV
20,11.8,2.18,1.1353,25019,9.2,15.13,Gumbel,5.38,1.0018,5.371,0.0011,Leven at Easby,Leven,14.8,54.47018,-1.09939,458466,508686,EA-NE,FV
30,12.8,2.37,1.1403,25019,9.9,16.56,Gumbel,5.38,1.0018,5.371,0.0011,Leven at Easby,Leven,14.8,54.47018,-1.09939,458466,508686,EA-NE,FV
50,14,2.61,1.1476,25019,10.69,18.34,Gumbel,5.38,1.0018,5.371,0.0011,Leven at Easby,Leven,14.8,54.47018,-1.09939,458466,508686,EA-NE,FV
75,15,2.79,1.154,25019,11.33,19.86,Gumbel,5.38,1.0018,5.371,0.0011,Leven at Easby,Leven,14.8,54.47018,-1.09939,458466,508686,EA-NE,FV
100,15.7,2.93,1.159,25019,11.76,20.97,Gumbel,5.38,1.0018,5.371,0.0011,Leven at Easby,Leven,14.8,54.47018,-1.09939,458466,508686,EA-NE,FV
200,17.4,3.24,1.1722,25019,12.74,23.76,Gumbel,5.38,1.0018,5.371,0.0011,Leven at Easby,Leven,14.8,54.47018,-1.09939,458466,508686,EA-NE,FV
500,19.7,3.66,1.1921,25019,13.96,27.8,Gumbel,5.38,1.0018,5.371,0.0011,Leven at Easby,Leven,14.8,54.47018,-1.09939,458466,508686,EA-NE,FV
1000,21.4,3.98,1.209,25019,14.75,31.04,Gumbel,5.38,1.0018,5.371,0.0011,Leven at Easby,Leven,14.8,54.47018,-1.09939,458466,508686,EA-NE,FV
2,14.5,1,1.0627,25020,12.87,16.34,GenLog,14.5,1.0832,13.386,0.0591,Skerne at Preston le Skerne,Skerne,147,54.60835,-1.54929,429210,523780,EA-NE,VA
5,20.1,1.39,1.0643,25020,17.79,22.71,GenLog,14.5,1.0832,13.386,0.0591,Skerne at Preston le Skerne,Skerne,147,54.60835,-1.54929,429210,523780,EA-NE,VA
10,24.2,1.67,1.0678,25020,21.28,27.52,GenLog,14.5,1.0832,13.386,0.0591,Skerne at Preston le Skerne,Skerne,147,54.60835,-1.54929,429210,523780,EA-NE,VA
20,28.5,1.96,1.0728,25020,24.83,32.71,GenLog,14.5,1.0832,13.386,0.0591,Skerne at Preston le Skerne,Skerne,147,54.60835,-1.54929,429210,523780,EA-NE,VA
30,31.2,2.15,1.0764,25020,27.01,36.04,GenLog,14.5,1.0832,13.386,0.0591,Skerne at Preston le Skerne,Skerne,147,54.60835,-1.54929,429210,523780,EA-NE,VA
50,34.9,2.4,1.0817,25020,29.92,40.71,GenLog,14.5,1.0832,13.386,0.0591,Skerne at Preston le Skerne,Skerne,147,54.60835,-1.54929,429210,523780,EA-NE,VA
75,38,2.62,1.0865,25020,32.3,44.71,GenLog,14.5,1.0832,13.386,0.0591,Skerne at Preston le Skerne,Skerne,147,54.60835,-1.54929,429210,523780,EA-NE,VA
100,40.4,2.79,1.0902,25020,34.11,47.85,GenLog,14.5,1.0832,13.386,0.0591,Skerne at Preston le Skerne,Skerne,147,54.60835,-1.54929,429210,523780,EA-NE,VA
200,46.6,3.22,1.1,25020,38.66,56.17,GenLog,14.5,1.0832,13.386,0.0591,Skerne at Preston le Skerne,Skerne,147,54.60835,-1.54929,429210,523780,EA-NE,VA
500,56.2,3.88,1.1148,25020,45.42,69.54,GenLog,14.5,1.0832,13.386,0.0591,Skerne at Preston le Skerne,Skerne,147,54.60835,-1.54929,429210,523780,EA-NE,VA
1000,64.6,4.46,1.1272,25020,51.09,81.69,GenLog,14.5,1.0832,13.386,0.0591,Skerne at Preston le Skerne,Skerne,147,54.60835,-1.54929,429210,523780,EA-NE,VA
2,6.01,1,1.0797,25021,5.17,6.98,GenLog,6.01,1.0727,5.603,0.0457,Skerne at Bradbury,Skerne,70.1,54.65055,-1.50841,431818,528494,EA-NE,VA
5,8.56,1.42,1.0824,25021,7.33,10,GenLog,6.01,1.0727,5.603,0.0457,Skerne at Bradbury,Skerne,70.1,54.65055,-1.50841,431818,528494,EA-NE,VA
10,10.5,1.75,1.0866,25021,8.92,12.36,GenLog,6.01,1.0727,5.603,0.0457,Skerne at Bradbury,Skerne,70.1,54.65055,-1.50841,431818,528494,EA-NE,VA
20,12.6,2.1,1.0924,25021,10.6,14.98,GenLog,6.01,1.0727,5.603,0.0457,Skerne at Bradbury,Skerne,70.1,54.65055,-1.50841,431818,528494,EA-NE,VA
30,14,2.33,1.0967,25021,11.68,16.78,GenLog,6.01,1.0727,5.603,0.0457,Skerne at Bradbury,Skerne,70.1,54.65055,-1.50841,431818,528494,EA-NE,VA
50,15.9,2.65,1.1028,25021,13.13,19.26,GenLog,6.01,1.0727,5.603,0.0457,Skerne at Bradbury,Skerne,70.1,54.65055,-1.50841,431818,528494,EA-NE,VA
75,17.6,2.93,1.1083,25021,14.39,21.53,GenLog,6.01,1.0727,5.603,0.0457,Skerne at Bradbury,Skerne,70.1,54.65055,-1.50841,431818,528494,EA-NE,VA
100,18.9,3.14,1.1125,25021,15.34,23.29,GenLog,6.01,1.0727,5.603,0.0457,Skerne at Bradbury,Skerne,70.1,54.65055,-1.50841,431818,528494,EA-NE,VA
200,22.3,3.72,1.1238,25021,17.74,28.03,GenLog,6.01,1.0727,5.603,0.0457,Skerne at Bradbury,Skerne,70.1,54.65055,-1.50841,431818,528494,EA-NE,VA
500,27.8,4.63,1.1408,25021,21.47,35.99,GenLog,6.01,1.0727,5.603,0.0457,Skerne at Bradbury,Skerne,70.1,54.65055,-1.50841,431818,528494,EA-NE,VA
1000,32.9,5.47,1.1552,25021,24.8,43.65,GenLog,6.01,1.0727,5.603,0.0457,Skerne at Bradbury,Skerne,70.1,54.65055,-1.50841,431818,528494,EA-NE,VA
2,37.4,1,1.1294,25029,29.46,47.47,GenLog,37.4,1.0232,36.553,0.019,Leven at Foxton Bridge,Leven,183.6,54.47775,-1.29856,445550,509381,EA-NE,US
5,52.8,1.41,1.1307,25029,41.5,67.17,GenLog,37.4,1.0232,36.553,0.019,Leven at Foxton Bridge,Leven,183.6,54.47775,-1.29856,445550,509381,EA-NE,US
10,64.3,1.72,1.1329,25029,50.35,82.12,GenLog,37.4,1.0232,36.553,0.019,Leven at Foxton Bridge,Leven,183.6,54.47775,-1.29856,445550,509381,EA-NE,US
20,77,2.06,1.1363,25029,59.94,98.91,GenLog,37.4,1.0232,36.553,0.019,Leven at Foxton Bridge,Leven,183.6,54.47775,-1.29856,445550,509381,EA-NE,US
30,85.2,2.28,1.139,25029,66.02,109.96,GenLog,37.4,1.0232,36.553,0.019,Leven at Foxton Bridge,Leven,183.6,54.47775,-1.29856,445550,509381,EA-NE,US
50,96.5,2.58,1.1431,25029,74.25,125.42,GenLog,37.4,1.0232,36.553,0.019,Leven at Foxton Bridge,Leven,183.6,54.47775,-1.29856,445550,509381,EA-NE,US
75,106,2.85,1.1469,25029,81.03,138.67,GenLog,37.4,1.0232,36.553,0.019,Leven at Foxton Bridge,Leven,183.6,54.47775,-1.29856,445550,509381,EA-NE,US
100,114,3.05,1.15,25029,86.68,149.92,GenLog,37.4,1.0232,36.553,0.019,Leven at Foxton Bridge,Leven,183.6,54.47775,-1.29856,445550,509381,EA-NE,US
200,134,3.59,1.1585,25029,100.43,178.79,GenLog,37.4,1.0232,36.553,0.019,Leven at Foxton Bridge,Leven,183.6,54.47775,-1.29856,445550,509381,EA-NE,US
500,167,4.46,1.1723,25029,122.29,228.05,GenLog,37.4,1.0232,36.553,0.019,Leven at Foxton Bridge,Leven,183.6,54.47775,-1.29856,445550,509381,EA-NE,US
1000,196,5.24,1.1844,25029,140.67,273.09,GenLog,37.4,1.0232,36.553,0.019,Leven at Foxton Bridge,Leven,183.6,54.47775,-1.29856,445550,509381,EA-NE,US
2,1.8,1,1.0709,26003,1.57,2.06,Gumbel,1.8,1.0599,1.698,0.0085,Foston Beck at Foston Mill,Foston Beck,57.2,53.9783,-0.33401,509358,454867,EA-Y,TP
5,2.57,1.43,1.0715,26003,2.24,2.94,Gumbel,1.8,1.0599,1.698,0.0085,Foston Beck at Foston Mill,Foston Beck,57.2,53.9783,-0.33401,509358,454867,EA-Y,TP
10,3.09,1.72,1.073,26003,2.69,3.55,Gumbel,1.8,1.0599,1.698,0.0085,Foston Beck at Foston Mill,Foston Beck,57.2,53.9783,-0.33401,509358,454867,EA-Y,TP
20,3.58,1.99,1.0755,26003,3.1,4.13,Gumbel,1.8,1.0599,1.698,0.0085,Foston Beck at Foston Mill,Foston Beck,57.2,53.9783,-0.33401,509358,454867,EA-Y,TP
30,3.86,2.15,1.0774,26003,3.34,4.47,Gumbel,1.8,1.0599,1.698,0.0085,Foston Beck at Foston Mill,Foston Beck,57.2,53.9783,-0.33401,509358,454867,EA-Y,TP
50,4.22,2.34,1.0804,26003,3.63,4.91,Gumbel,1.8,1.0599,1.698,0.0085,Foston Beck at Foston Mill,Foston Beck,57.2,53.9783,-0.33401,509358,454867,EA-Y,TP
75,4.5,2.5,1.0832,26003,3.85,5.26,Gumbel,1.8,1.0599,1.698,0.0085,Foston Beck at Foston Mill,Foston Beck,57.2,53.9783,-0.33401,509358,454867,EA-Y,TP
100,4.69,2.61,1.0854,26003,3.99,5.51,Gumbel,1.8,1.0599,1.698,0.0085,Foston Beck at Foston Mill,Foston Beck,57.2,53.9783,-0.33401,509358,454867,EA-Y,TP
200,5.17,2.87,1.0914,26003,4.36,6.14,Gumbel,1.8,1.0599,1.698,0.0085,Foston Beck at Foston Mill,Foston Beck,57.2,53.9783,-0.33401,509358,454867,EA-Y,TP
500,5.8,3.22,1.1011,26003,4.8,7.01,Gumbel,1.8,1.0599,1.698,0.0085,Foston Beck at Foston Mill,Foston Beck,57.2,53.9783,-0.33401,509358,454867,EA-Y,TP
1000,6.27,3.48,1.1095,26003,5.11,7.69,Gumbel,1.8,1.0599,1.698,0.0085,Foston Beck at Foston Mill,Foston Beck,57.2,53.9783,-0.33401,509358,454867,EA-Y,TP
2,5.78,1,1.0725,26009,5.04,6.63,Gumbel,5.78,1.0908,5.299,0.0124,West Beck at Snakeholme Lock,West Beck,242.2,53.98535,-0.37475,506668,455589,EA-Y,EM
5,8.17,1.41,1.0726,26009,7.12,9.37,Gumbel,5.78,1.0908,5.299,0.0124,West Beck at Snakeholme Lock,West Beck,242.2,53.98535,-0.37475,506668,455589,EA-Y,EM
10,9.75,1.69,1.0736,26009,8.48,11.21,Gumbel,5.78,1.0908,5.299,0.0124,West Beck at Snakeholme Lock,West Beck,242.2,53.98535,-0.37475,506668,455589,EA-Y,EM
20,11.3,1.95,1.0752,26009,9.8,13.03,Gumbel,5.78,1.0908,5.299,0.0124,West Beck at Snakeholme Lock,West Beck,242.2,53.98535,-0.37475,506668,455589,EA-Y,EM
30,12.1,2.1,1.0765,26009,10.47,13.98,Gumbel,5.78,1.0908,5.299,0.0124,West Beck at Snakeholme Lock,West Beck,242.2,53.98535,-0.37475,506668,455589,EA-Y,EM
50,13.2,2.29,1.0785,26009,11.38,15.31,Gumbel,5.78,1.0908,5.299,0.0124,West Beck at Snakeholme Lock,West Beck,242.2,53.98535,-0.37475,506668,455589,EA-Y,EM
75,14.1,2.44,1.0804,26009,12.12,16.41,Gumbel,5.78,1.0908,5.299,0.0124,West Beck at Snakeholme Lock,West Beck,242.2,53.98535,-0.37475,506668,455589,EA-Y,EM
100,14.7,2.54,1.0819,26009,12.6,17.15,Gumbel,5.78,1.0908,5.299,0.0124,West Beck at Snakeholme Lock,West Beck,242.2,53.98535,-0.37475,506668,455589,EA-Y,EM
200,16.2,2.8,1.0862,26009,13.78,19.05,Gumbel,5.78,1.0908,5.299,0.0124,West Beck at Snakeholme Lock,West Beck,242.2,53.98535,-0.37475,506668,455589,EA-Y,EM
500,18.1,3.13,1.0932,26009,15.2,21.55,Gumbel,5.78,1.0908,5.299,0.0124,West Beck at Snakeholme Lock,West Beck,242.2,53.98535,-0.37475,506668,455589,EA-Y,EM
1000,19.6,3.39,1.0994,26009,16.28,23.6,Gumbel,5.78,1.0908,5.299,0.0124,West Beck at Snakeholme Lock,West Beck,242.2,53.98535,-0.37475,506668,455589,EA-Y,EM
2,2.78,1,1.287,26013,1.7,4.56,Gumbel,2.78,1.0522,2.642,0.0104,Driffield Trout Stream at Driffield,Driffield Trout Stream,53.33,53.99072,-0.44801,501852,456079,EA-Y,US
5,4.03,1.45,1.2877,26013,2.46,6.62,Gumbel,2.78,1.0522,2.642,0.0104,Driffield Trout Stream at Driffield,Driffield Trout Stream,53.33,53.99072,-0.44801,501852,456079,EA-Y,US
10,4.86,1.75,1.2888,26013,2.96,7.99,Gumbel,2.78,1.0522,2.642,0.0104,Driffield Trout Stream at Driffield,Driffield Trout Stream,53.33,53.99072,-0.44801,501852,456079,EA-Y,US
20,5.65,2.03,1.2904,26013,3.43,9.31,Gumbel,2.78,1.0522,2.642,0.0104,Driffield Trout Stream at Driffield,Driffield Trout Stream,53.33,53.99072,-0.44801,501852,456079,EA-Y,US
30,6.1,2.2,1.2915,26013,3.69,10.07,Gumbel,2.78,1.0522,2.642,0.0104,Driffield Trout Stream at Driffield,Driffield Trout Stream,53.33,53.99072,-0.44801,501852,456079,EA-Y,US
50,6.67,2.4,1.2932,26013,4.03,11.04,Gumbel,2.78,1.0522,2.642,0.0104,Driffield Trout Stream at Driffield,Driffield Trout Stream,53.33,53.99072,-0.44801,501852,456079,EA-Y,US
75,7.12,2.56,1.2948,26013,4.29,11.81,Gumbel,2.78,1.0522,2.642,0.0104,Driffield Trout Stream at Driffield,Driffield Trout Stream,53.33,53.99072,-0.44801,501852,456079,EA-Y,US
100,7.44,2.68,1.296,26013,4.48,12.37,Gumbel,2.78,1.0522,2.642,0.0104,Driffield Trout Stream at Driffield,Driffield Trout Stream,53.33,53.99072,-0.44801,501852,456079,EA-Y,US
200,8.21,2.95,1.2994,26013,4.91,13.72,Gumbel,2.78,1.0522,2.642,0.0104,Driffield Trout Stream at Driffield,Driffield Trout Stream,53.33,53.99072,-0.44801,501852,456079,EA-Y,US
500,9.22,3.32,1.3051,26013,5.47,15.54,Gumbel,2.78,1.0522,2.642,0.0104,Driffield Trout Stream at Driffield,Driffield Trout Stream,53.33,53.99072,-0.44801,501852,456079,EA-Y,US
1000,9.98,3.59,1.3102,26013,5.88,16.95,Gumbel,2.78,1.0522,2.642,0.0104,Driffield Trout Stream at Driffield,Driffield Trout Stream,53.33,53.99072,-0.44801,501852,456079,EA-Y,US
2,0.43,1,1.2146,26014,0.29,0.63,Kappa3,0.43,1.0546,0.408,0.0062,Water Forlornes at Driffield,Water Forlornes,32.4,54.01059,-0.44043,502300,458300,EA-Y,TP B
5,0.652,1.52,1.216,26014,0.44,0.96,Kappa3,0.43,1.0546,0.408,0.0062,Water Forlornes at Driffield,Water Forlornes,32.4,54.01059,-0.44043,502300,458300,EA-Y,TP B
10,0.809,1.88,1.2175,26014,0.55,1.19,Kappa3,0.43,1.0546,0.408,0.0062,Water Forlornes at Driffield,Water Forlornes,32.4,54.01059,-0.44043,502300,458300,EA-Y,TP B
20,0.972,2.26,1.2196,26014,0.66,1.43,Kappa3,0.43,1.0546,0.408,0.0062,Water Forlornes at Driffield,Water Forlornes,32.4,54.01059,-0.44043,502300,458300,EA-Y,TP B
30,1.07,2.49,1.2211,26014,0.72,1.58,Kappa3,0.43,1.0546,0.408,0.0062,Water Forlornes at Driffield,Water Forlornes,32.4,54.01059,-0.44043,502300,458300,EA-Y,TP B
50,1.2,2.8,1.2233,26014,0.81,1.78,Kappa3,0.43,1.0546,0.408,0.0062,Water Forlornes at Driffield,Water Forlornes,32.4,54.01059,-0.44043,502300,458300,EA-Y,TP B
75,1.31,3.05,1.2254,26014,0.88,1.95,Kappa3,0.43,1.0546,0.408,0.0062,Water Forlornes at Driffield,Water Forlornes,32.4,54.01059,-0.44043,502300,458300,EA-Y,TP B
100,1.39,3.24,1.2271,26014,0.93,2.08,Kappa3,0.43,1.0546,0.408,0.0062,Water Forlornes at Driffield,Water Forlornes,32.4,54.01059,-0.44043,502300,458300,EA-Y,TP B
200,1.6,3.72,1.2317,26014,1.06,2.41,Kappa3,0.43,1.0546,0.408,0.0062,Water Forlornes at Driffield,Water Forlornes,32.4,54.01059,-0.44043,502300,458300,EA-Y,TP B
500,1.9,4.41,1.2393,26014,1.25,2.89,Kappa3,0.43,1.0546,0.408,0.0062,Water Forlornes at Driffield,Water Forlornes,32.4,54.01059,-0.44043,502300,458300,EA-Y,TP B
1000,2.15,4.99,1.2462,26014,1.4,3.31,Kappa3,0.43,1.0546,0.408,0.0062,Water Forlornes at Driffield,Water Forlornes,32.4,54.01059,-0.44043,502300,458300,EA-Y,TP B
2,2.65,1,1.1655,26015,1.96,3.58,Kappa3,2.65,1.212,2.186,0.0313,Driffield Canal at Wansford Bridge,Driffield Canal,49.39,53.98989,-0.37825,506427,456089,EA-Y,IV
5,3.75,1.41,1.1676,26015,2.77,5.08,Kappa3,2.65,1.212,2.186,0.0313,Driffield Canal at Wansford Bridge,Driffield Canal,49.39,53.98989,-0.37825,506427,456089,EA-Y,IV
10,4.51,1.7,1.17,26015,3.32,6.14,Kappa3,2.65,1.212,2.186,0.0313,Driffield Canal at Wansford Bridge,Driffield Canal,49.39,53.98989,-0.37825,506427,456089,EA-Y,IV
20,5.27,1.99,1.1732,26015,3.85,7.21,Kappa3,2.65,1.212,2.186,0.0313,Driffield Canal at Wansford Bridge,Driffield Canal,49.39,53.98989,-0.37825,506427,456089,EA-Y,IV
30,5.73,2.16,1.1756,26015,4.17,7.87,Kappa3,2.65,1.212,2.186,0.0313,Driffield Canal at Wansford Bridge,Driffield Canal,49.39,53.98989,-0.37825,506427,456089,EA-Y,IV
50,6.33,2.39,1.1793,26015,4.58,8.75,Kappa3,2.65,1.212,2.186,0.0313,Driffield Canal at Wansford Bridge,Driffield Canal,49.39,53.98989,-0.37825,506427,456089,EA-Y,IV
75,6.83,2.58,1.1827,26015,4.92,9.49,Kappa3,2.65,1.212,2.186,0.0313,Driffield Canal at Wansford Bridge,Driffield Canal,49.39,53.98989,-0.37825,506427,456089,EA-Y,IV
100,7.19,2.71,1.1854,26015,5.15,10.03,Kappa3,2.65,1.212,2.186,0.0313,Driffield Canal at Wansford Bridge,Driffield Canal,49.39,53.98989,-0.37825,506427,456089,EA-Y,IV
200,8.09,3.05,1.1929,26015,5.73,11.43,Kappa3,2.65,1.212,2.186,0.0313,Driffield Canal at Wansford Bridge,Driffield Canal,49.39,53.98989,-0.37825,506427,456089,EA-Y,IV
500,9.37,3.54,1.205,26015,6.5,13.5,Kappa3,2.65,1.212,2.186,0.0313,Driffield Canal at Wansford Bridge,Driffield Canal,49.39,53.98989,-0.37825,506427,456089,EA-Y,IV
1000,10.4,3.93,1.2159,26015,7.09,15.26,Kappa3,2.65,1.212,2.186,0.0313,Driffield Canal at Wansford Bridge,Driffield Canal,49.39,53.98989,-0.37825,506427,456089,EA-Y,IV
2,0.101,1,1.1139,26016,0.08,0.12,GEV,0.101,1.0277,0.098,0.0031,Gypsey Race at Kirby Grindalythe,Gypsey Race,15.85,54.09547,-0.61922,490400,467500,EA-Y,TP
5,0.158,1.57,1.1154,26016,0.13,0.2,GEV,0.101,1.0277,0.098,0.0031,Gypsey Race at Kirby Grindalythe,Gypsey Race,15.85,54.09547,-0.61922,490400,467500,EA-Y,TP
10,0.198,1.96,1.118,26016,0.16,0.25,GEV,0.101,1.0277,0.098,0.0031,Gypsey Race at Kirby Grindalythe,Gypsey Race,15.85,54.09547,-0.61922,490400,467500,EA-Y,TP
20,0.238,2.36,1.1218,26016,0.19,0.3,GEV,0.101,1.0277,0.098,0.0031,Gypsey Race at Kirby Grindalythe,Gypsey Race,15.85,54.09547,-0.61922,490400,467500,EA-Y,TP
30,0.262,2.59,1.1246,26016,0.21,0.33,GEV,0.101,1.0277,0.098,0.0031,Gypsey Race at Kirby Grindalythe,Gypsey Race,15.85,54.09547,-0.61922,490400,467500,EA-Y,TP
50,0.292,2.89,1.1288,26016,0.23,0.37,GEV,0.101,1.0277,0.098,0.0031,Gypsey Race at Kirby Grindalythe,Gypsey Race,15.85,54.09547,-0.61922,490400,467500,EA-Y,TP
75,0.316,3.13,1.1326,26016,0.25,0.4,GEV,0.101,1.0277,0.098,0.0031,Gypsey Race at Kirby Grindalythe,Gypsey Race,15.85,54.09547,-0.61922,490400,467500,EA-Y,TP
100,0.334,3.31,1.1356,26016,0.26,0.43,GEV,0.101,1.0277,0.098,0.0031,Gypsey Race at Kirby Grindalythe,Gypsey Race,15.85,54.09547,-0.61922,490400,467500,EA-Y,TP
200,0.377,3.74,1.1437,26016,0.29,0.49,GEV,0.101,1.0277,0.098,0.0031,Gypsey Race at Kirby Grindalythe,Gypsey Race,15.85,54.09547,-0.61922,490400,467500,EA-Y,TP
500,0.437,4.33,1.1564,26016,0.33,0.58,GEV,0.101,1.0277,0.098,0.0031,Gypsey Race at Kirby Grindalythe,Gypsey Race,15.85,54.09547,-0.61922,490400,467500,EA-Y,TP
1000,0.485,4.8,1.1673,26016,0.36,0.66,GEV,0.101,1.0277,0.098,0.0031,Gypsey Race at Kirby Grindalythe,Gypsey Race,15.85,54.09547,-0.61922,490400,467500,EA-Y,TP
2,116,1,1.0542,27001,104.6,128.64,Gumbel,116,1.0494,110.535,0.0373,Nidd at Hunsingore Weir,Nidd,484.3,53.97123,-1.34898,442802,452991,EA-Y,B
5,151,1.3,1.0557,27001,135.78,167.93,Gumbel,116,1.0494,110.535,0.0373,Nidd at Hunsingore Weir,Nidd,484.3,53.97123,-1.34898,442802,452991,EA-Y,B
10,175,1.5,1.0587,27001,156.49,195.7,Gumbel,116,1.0494,110.535,0.0373,Nidd at Hunsingore Weir,Nidd,484.3,53.97123,-1.34898,442802,452991,EA-Y,B
20,197,1.7,1.0634,27001,174.64,222.22,Gumbel,116,1.0494,110.535,0.0373,Nidd at Hunsingore Weir,Nidd,484.3,53.97123,-1.34898,442802,452991,EA-Y,B
30,210,1.81,1.0669,27001,184.97,238.42,Gumbel,116,1.0494,110.535,0.0373,Nidd at Hunsingore Weir,Nidd,484.3,53.97123,-1.34898,442802,452991,EA-Y,B
50,226,1.95,1.0722,27001,197.14,259.09,Gumbel,116,1.0494,110.535,0.0373,Nidd at Hunsingore Weir,Nidd,484.3,53.97123,-1.34898,442802,452991,EA-Y,B
75,238,2.06,1.0771,27001,205.76,275.3,Gumbel,116,1.0494,110.535,0.0373,Nidd at Hunsingore Weir,Nidd,484.3,53.97123,-1.34898,442802,452991,EA-Y,B
100,247,2.13,1.0809,27001,212.07,287.68,Gumbel,116,1.0494,110.535,0.0373,Nidd at Hunsingore Weir,Nidd,484.3,53.97123,-1.34898,442802,452991,EA-Y,B
200,269,2.32,1.091,27001,226.79,319.07,Gumbel,116,1.0494,110.535,0.0373,Nidd at Hunsingore Weir,Nidd,484.3,53.97123,-1.34898,442802,452991,EA-Y,B
500,298,2.57,1.1066,27001,244.34,363.44,Gumbel,116,1.0494,110.535,0.0373,Nidd at Hunsingore Weir,Nidd,484.3,53.97123,-1.34898,442802,452991,EA-Y,B
1000,319,2.75,1.1199,27001,255.5,398.27,Gumbel,116,1.0494,110.535,0.0373,Nidd at Hunsingore Weir,Nidd,484.3,53.97123,-1.34898,442802,452991,EA-Y,B
2,237,1,1.0424,27002,218.47,257.1,Gumbel,237,1.0233,231.61,0.0187,Wharfe at Wetherby Flint Mill,Wharfe,758.9,53.92023,-1.35871,442215,447311,EA-Y,B VA
5,311,1.31,1.0438,27002,285.94,338.26,Gumbel,237,1.0233,231.61,0.0187,Wharfe at Wetherby Flint Mill,Wharfe,758.9,53.92023,-1.35871,442215,447311,EA-Y,B VA
10,361,1.52,1.0471,27002,329.86,395.08,Gumbel,237,1.0233,231.61,0.0187,Wharfe at Wetherby Flint Mill,Wharfe,758.9,53.92023,-1.35871,442215,447311,EA-Y,B VA
20,408,1.72,1.0523,27002,369.2,450.87,Gumbel,237,1.0233,231.61,0.0187,Wharfe at Wetherby Flint Mill,Wharfe,758.9,53.92023,-1.35871,442215,447311,EA-Y,B VA
30,435,1.83,1.0562,27002,390.79,484.21,Gumbel,237,1.0233,231.61,0.0187,Wharfe at Wetherby Flint Mill,Wharfe,758.9,53.92023,-1.35871,442215,447311,EA-Y,B VA
50,469,1.98,1.062,27002,416.84,527.69,Gumbel,237,1.0233,231.61,0.0187,Wharfe at Wetherby Flint Mill,Wharfe,758.9,53.92023,-1.35871,442215,447311,EA-Y,B VA
75,496,2.09,1.0673,27002,436.56,563.54,Gumbel,237,1.0233,231.61,0.0187,Wharfe at Wetherby Flint Mill,Wharfe,758.9,53.92023,-1.35871,442215,447311,EA-Y,B VA
100,515,2.17,1.0713,27002,449.97,589.43,Gumbel,237,1.0233,231.61,0.0187,Wharfe at Wetherby Flint Mill,Wharfe,758.9,53.92023,-1.35871,442215,447311,EA-Y,B VA
200,560,2.36,1.0822,27002,479.67,653.78,Gumbel,237,1.0233,231.61,0.0187,Wharfe at Wetherby Flint Mill,Wharfe,758.9,53.92023,-1.35871,442215,447311,EA-Y,B VA
500,620,2.62,1.0987,27002,515.55,745.62,Gumbel,237,1.0233,231.61,0.0187,Wharfe at Wetherby Flint Mill,Wharfe,758.9,53.92023,-1.35871,442215,447311,EA-Y,B VA
1000,666,2.81,1.1126,27002,540.32,820.92,Gumbel,237,1.0233,231.61,0.0187,Wharfe at Wetherby Flint Mill,Wharfe,758.9,53.92023,-1.35871,442215,447311,EA-Y,B VA
2,88.6,1,1.0686,27006,77.8,100.9,Gumbel,88.6,1.2055,73.494,0.143,Don at Sheffield Hadfields,Don,373,53.41396,-1.41576,438931,390954,EA-Y,B VA
5,119,1.34,1.0724,27006,103.76,136.47,Gumbel,88.6,1.2055,73.494,0.143,Don at Sheffield Hadfields,Don,373,53.41396,-1.41576,438931,390954,EA-Y,B VA
10,139,1.57,1.0769,27006,120.21,160.72,Gumbel,88.6,1.2055,73.494,0.143,Don at Sheffield Hadfields,Don,373,53.41396,-1.41576,438931,390954,EA-Y,B VA
20,158,1.78,1.0827,27006,135.21,184.63,Gumbel,88.6,1.2055,73.494,0.143,Don at Sheffield Hadfields,Don,373,53.41396,-1.41576,438931,390954,EA-Y,B VA
30,169,1.91,1.0868,27006,143.56,198.95,Gumbel,88.6,1.2055,73.494,0.143,Don at Sheffield Hadfields,Don,373,53.41396,-1.41576,438931,390954,EA-Y,B VA
50,183,2.06,1.0927,27006,153.81,217.73,Gumbel,88.6,1.2055,73.494,0.143,Don at Sheffield Hadfields,Don,373,53.41396,-1.41576,438931,390954,EA-Y,B VA
75,194,2.18,1.0979,27006,161.55,232.97,Gumbel,88.6,1.2055,73.494,0.143,Don at Sheffield Hadfields,Don,373,53.41396,-1.41576,438931,390954,EA-Y,B VA
100,201,2.27,1.1019,27006,166.19,243.11,Gumbel,88.6,1.2055,73.494,0.143,Don at Sheffield Hadfields,Don,373,53.41396,-1.41576,438931,390954,EA-Y,B VA
200,220,2.48,1.1123,27006,178.58,271.03,Gumbel,88.6,1.2055,73.494,0.143,Don at Sheffield Hadfields,Don,373,53.41396,-1.41576,438931,390954,EA-Y,B VA
500,244,2.76,1.1281,27006,192.66,309.02,Gumbel,88.6,1.2055,73.494,0.143,Don at Sheffield Hadfields,Don,373,53.41396,-1.41576,438931,390954,EA-Y,B VA
1000,263,2.96,1.1414,27006,202.94,340.83,Gumbel,88.6,1.2055,73.494,0.143,Don at Sheffield Hadfields,Don,373,53.41396,-1.41576,438931,390954,EA-Y,B VA
2,278,1,1.0754,27007,241.08,320.57,GEV,278,1.0112,274.927,0.0088,Ure at Westwick,Ure,914.6,54.09809,-1.45714,435599,467047,EA-Y,B VA
5,367,1.32,1.0753,27007,318.32,423.12,GEV,278,1.0112,274.927,0.0088,Ure at Westwick,Ure,914.6,54.09809,-1.45714,435599,467047,EA-Y,B VA
10,432,1.55,1.0767,27007,373.75,499.33,GEV,278,1.0112,274.927,0.0088,Ure at Westwick,Ure,914.6,54.09809,-1.45714,435599,467047,EA-Y,B VA
20,497,1.79,1.0795,27007,427.8,577.39,GEV,278,1.0112,274.927,0.0088,Ure at Westwick,Ure,914.6,54.09809,-1.45714,435599,467047,EA-Y,B VA
30,537,1.93,1.082,27007,460.14,626.7,GEV,278,1.0112,274.927,0.0088,Ure at Westwick,Ure,914.6,54.09809,-1.45714,435599,467047,EA-Y,B VA
50,589,2.12,1.0859,27007,501.15,692.25,GEV,278,1.0112,274.927,0.0088,Ure at Westwick,Ure,914.6,54.09809,-1.45714,435599,467047,EA-Y,B VA
75,631,2.27,1.0898,27007,533.13,746.84,GEV,278,1.0112,274.927,0.0088,Ure at Westwick,Ure,914.6,54.09809,-1.45714,435599,467047,EA-Y,B VA
100,662,2.38,1.0929,27007,556.21,787.91,GEV,278,1.0112,274.927,0.0088,Ure at Westwick,Ure,914.6,54.09809,-1.45714,435599,467047,EA-Y,B VA
200,740,2.66,1.1018,27007,611.94,894.86,GEV,278,1.0112,274.927,0.0088,Ure at Westwick,Ure,914.6,54.09809,-1.45714,435599,467047,EA-Y,B VA
500,850,3.06,1.1163,27007,685.12,1054.56,GEV,278,1.0112,274.927,0.0088,Ure at Westwick,Ure,914.6,54.09809,-1.45714,435599,467047,EA-Y,B VA
1000,940,3.38,1.1291,27007,740.92,1192.57,GEV,278,1.0112,274.927,0.0088,Ure at Westwick,Ure,914.6,54.09809,-1.45714,435599,467047,EA-Y,B VA
2,323,1,1.0288,27009,305.52,341.48,GEV,323,1.0269,314.526,0.0196,Ouse at Skelton,Ouse,3315,53.99128,-1.13448,456845,455373,EA-Y,US
5,400,1.24,1.03,27009,377.48,423.86,GEV,323,1.0269,314.526,0.0196,Ouse at Skelton,Ouse,3315,53.99128,-1.13448,456845,455373,EA-Y,US
10,447,1.38,1.0323,27009,420,475.74,GEV,323,1.0269,314.526,0.0196,Ouse at Skelton,Ouse,3315,53.99128,-1.13448,456845,455373,EA-Y,US
20,490,1.52,1.0359,27009,457.27,525.07,GEV,323,1.0269,314.526,0.0196,Ouse at Skelton,Ouse,3315,53.99128,-1.13448,456845,455373,EA-Y,US
30,513,1.59,1.0386,27009,476.3,552.53,GEV,323,1.0269,314.526,0.0196,Ouse at Skelton,Ouse,3315,53.99128,-1.13448,456845,455373,EA-Y,US
50,542,1.68,1.0427,27009,499.35,588.29,GEV,323,1.0269,314.526,0.0196,Ouse at Skelton,Ouse,3315,53.99128,-1.13448,456845,455373,EA-Y,US
75,563,1.74,1.0464,27009,515.11,615.34,GEV,323,1.0269,314.526,0.0196,Ouse at Skelton,Ouse,3315,53.99128,-1.13448,456845,455373,EA-Y,US
100,578,1.79,1.0493,27009,525.97,635.17,GEV,323,1.0269,314.526,0.0196,Ouse at Skelton,Ouse,3315,53.99128,-1.13448,456845,455373,EA-Y,US
200,613,1.9,1.0572,27009,549.68,683.61,GEV,323,1.0269,314.526,0.0196,Ouse at Skelton,Ouse,3315,53.99128,-1.13448,456845,455373,EA-Y,US
500,656,2.03,1.0691,27009,575.48,747.79,GEV,323,1.0269,314.526,0.0196,Ouse at Skelton,Ouse,3315,53.99128,-1.13448,456845,455373,EA-Y,US
1000,686,2.13,1.0793,27009,590.7,796.68,GEV,323,1.0269,314.526,0.0196,Ouse at Skelton,Ouse,3315,53.99128,-1.13448,456845,455373,EA-Y,US
2,9.42,1,1.0777,27010,8.13,10.91,GEV,9.42,1.0007,9.413,7e-4,Hodge Beck at Bransdale Weir,Hodge Beck,18.9,54.34131,-1.03708,462700,494400,EA-Y,TP B
5,12.7,1.35,1.0801,27010,10.92,14.77,GEV,9.42,1.0007,9.413,7e-4,Hodge Beck at Bransdale Weir,Hodge Beck,18.9,54.34131,-1.03708,462700,494400,EA-Y,TP B
10,15.1,1.61,1.0835,27010,12.9,17.67,GEV,9.42,1.0007,9.413,7e-4,Hodge Beck at Bransdale Weir,Hodge Beck,18.9,54.34131,-1.03708,462700,494400,EA-Y,TP B
20,17.6,1.86,1.0885,27010,14.9,20.78,GEV,9.42,1.0007,9.413,7e-4,Hodge Beck at Bransdale Weir,Hodge Beck,18.9,54.34131,-1.03708,462700,494400,EA-Y,TP B
30,19,2.02,1.0922,27010,15.98,22.59,GEV,9.42,1.0007,9.413,7e-4,Hodge Beck at Bransdale Weir,Hodge Beck,18.9,54.34131,-1.03708,462700,494400,EA-Y,TP B
50,21,2.22,1.0977,27010,17.49,25.21,GEV,9.42,1.0007,9.413,7e-4,Hodge Beck at Bransdale Weir,Hodge Beck,18.9,54.34131,-1.03708,462700,494400,EA-Y,TP B
75,22.5,2.39,1.1027,27010,18.58,27.25,GEV,9.42,1.0007,9.413,7e-4,Hodge Beck at Bransdale Weir,Hodge Beck,18.9,54.34131,-1.03708,462700,494400,EA-Y,TP B
100,23.7,2.51,1.1066,27010,19.43,28.9,GEV,9.42,1.0007,9.413,7e-4,Hodge Beck at Bransdale Weir,Hodge Beck,18.9,54.34131,-1.03708,462700,494400,EA-Y,TP B
200,26.6,2.82,1.1171,27010,21.41,33.05,GEV,9.42,1.0007,9.413,7e-4,Hodge Beck at Bransdale Weir,Hodge Beck,18.9,54.34131,-1.03708,462700,494400,EA-Y,TP B
500,30.7,3.26,1.1332,27010,24.03,39.23,GEV,9.42,1.0007,9.413,7e-4,Hodge Beck at Bransdale Weir,Hodge Beck,18.9,54.34131,-1.03708,462700,494400,EA-Y,TP B
1000,34,3.61,1.147,27010,25.99,44.49,GEV,9.42,1.0007,9.413,7e-4,Hodge Beck at Bransdale Weir,Hodge Beck,18.9,54.34131,-1.03708,462700,494400,EA-Y,TP B
2,162,1,1.0576,27021,145.16,180.79,GEV,162,1.2905,125.533,0.1605,Don at Doncaster,Don,1256.2,53.52934,-1.14193,456977,403973,EA-Y,USVA
5,214,1.32,1.0595,27021,191.08,239.67,GEV,162,1.2905,125.533,0.1605,Don at Doncaster,Don,1256.2,53.52934,-1.14193,456977,403973,EA-Y,USVA
10,249,1.54,1.062,27021,221.31,280.16,GEV,162,1.2905,125.533,0.1605,Don at Doncaster,Don,1256.2,53.52934,-1.14193,456977,403973,EA-Y,USVA
20,283,1.75,1.0655,27021,249.91,320.47,GEV,162,1.2905,125.533,0.1605,Don at Doncaster,Don,1256.2,53.52934,-1.14193,456977,403973,EA-Y,USVA
30,303,1.87,1.0681,27021,266.3,344.76,GEV,162,1.2905,125.533,0.1605,Don at Doncaster,Don,1256.2,53.52934,-1.14193,456977,403973,EA-Y,USVA
50,328,2.02,1.072,27021,286.21,375.89,GEV,162,1.2905,125.533,0.1605,Don at Doncaster,Don,1256.2,53.52934,-1.14193,456977,403973,EA-Y,USVA
75,348,2.15,1.0755,27021,301.73,401.36,GEV,162,1.2905,125.533,0.1605,Don at Doncaster,Don,1256.2,53.52934,-1.14193,456977,403973,EA-Y,USVA
100,362,2.23,1.0783,27021,312.28,419.64,GEV,162,1.2905,125.533,0.1605,Don at Doncaster,Don,1256.2,53.52934,-1.14193,456977,403973,EA-Y,USVA
200,396,2.44,1.0859,27021,336.94,465.42,GEV,162,1.2905,125.533,0.1605,Don at Doncaster,Don,1256.2,53.52934,-1.14193,456977,403973,EA-Y,USVA
500,442,2.73,1.0976,27021,368.26,530.51,GEV,162,1.2905,125.533,0.1605,Don at Doncaster,Don,1256.2,53.52934,-1.14193,456977,403973,EA-Y,USVA
1000,477,2.94,1.1077,27021,390.35,582.89,GEV,162,1.2905,125.533,0.1605,Don at Doncaster,Don,1256.2,53.52934,-1.14193,456977,403973,EA-Y,USVA
2,153,1,1.1529,27022,115.77,202.21,Gumbel,153,1.2687,120.593,0.1619,Don at Rotherham Forge Island,Don,826,53.42998,-1.35908,442682,392768,EA-Y,B VA
5,207,1.35,1.1541,27022,156.31,274.14,Gumbel,153,1.2687,120.593,0.1619,Don at Rotherham Forge Island,Don,826,53.42998,-1.35908,442682,392768,EA-Y,B VA
10,243,1.59,1.1556,27022,183.02,322.63,Gumbel,153,1.2687,120.593,0.1619,Don at Rotherham Forge Island,Don,826,53.42998,-1.35908,442682,392768,EA-Y,B VA
20,277,1.81,1.158,27022,207.78,369.27,Gumbel,153,1.2687,120.593,0.1619,Don at Rotherham Forge Island,Don,826,53.42998,-1.35908,442682,392768,EA-Y,B VA
30,297,1.94,1.1599,27022,222.07,397.21,Gumbel,153,1.2687,120.593,0.1619,Don at Rotherham Forge Island,Don,826,53.42998,-1.35908,442682,392768,EA-Y,B VA
50,322,2.1,1.1627,27022,239.63,432.69,Gumbel,153,1.2687,120.593,0.1619,Don at Rotherham Forge Island,Don,826,53.42998,-1.35908,442682,392768,EA-Y,B VA
75,341,2.23,1.1655,27022,252.57,460.38,Gumbel,153,1.2687,120.593,0.1619,Don at Rotherham Forge Island,Don,826,53.42998,-1.35908,442682,392768,EA-Y,B VA
100,355,2.32,1.1677,27022,261.97,481.06,Gumbel,153,1.2687,120.593,0.1619,Don at Rotherham Forge Island,Don,826,53.42998,-1.35908,442682,392768,EA-Y,B VA
200,388,2.54,1.1739,27022,283.37,531.26,Gumbel,153,1.2687,120.593,0.1619,Don at Rotherham Forge Island,Don,826,53.42998,-1.35908,442682,392768,EA-Y,B VA
500,432,2.82,1.1841,27022,310.2,601.62,Gumbel,153,1.2687,120.593,0.1619,Don at Rotherham Forge Island,Don,826,53.42998,-1.35908,442682,392768,EA-Y,B VA
1000,465,3.04,1.1934,27022,328.82,657.59,Gumbel,153,1.2687,120.593,0.1619,Don at Rotherham Forge Island,Don,826,53.42998,-1.35908,442682,392768,EA-Y,B VA
2,27,1,1.068,27023,23.73,30.72,GEV,27,1.2116,22.285,0.1011,Dearne at Barnsley Weir,Dearne,118.9,53.56097,-1.47353,434970,407279,EA-Y,CB
5,40,1.48,1.0699,27023,35.04,45.66,GEV,27,1.2116,22.285,0.1011,Dearne at Barnsley Weir,Dearne,118.9,53.56097,-1.47353,434970,407279,EA-Y,CB
10,49.9,1.85,1.0751,27023,43.3,57.51,GEV,27,1.2116,22.285,0.1011,Dearne at Barnsley Weir,Dearne,118.9,53.56097,-1.47353,434970,407279,EA-Y,CB
20,60.3,2.23,1.0833,27023,51.55,70.54,GEV,27,1.2116,22.285,0.1011,Dearne at Barnsley Weir,Dearne,118.9,53.56097,-1.47353,434970,407279,EA-Y,CB
30,66.7,2.47,1.0894,27023,56.39,78.89,GEV,27,1.2116,22.285,0.1011,Dearne at Barnsley Weir,Dearne,118.9,53.56097,-1.47353,434970,407279,EA-Y,CB
50,75.3,2.79,1.0984,27023,62.65,90.51,GEV,27,1.2116,22.285,0.1011,Dearne at Barnsley Weir,Dearne,118.9,53.56097,-1.47353,434970,407279,EA-Y,CB
75,82.6,3.06,1.1064,27023,67.75,100.7,GEV,27,1.2116,22.285,0.1011,Dearne at Barnsley Weir,Dearne,118.9,53.56097,-1.47353,434970,407279,EA-Y,CB
100,87.9,3.26,1.1126,27023,71.31,108.35,GEV,27,1.2116,22.285,0.1011,Dearne at Barnsley Weir,Dearne,118.9,53.56097,-1.47353,434970,407279,EA-Y,CB
200,102,3.77,1.129,27023,80.41,129.38,GEV,27,1.2116,22.285,0.1011,Dearne at Barnsley Weir,Dearne,118.9,53.56097,-1.47353,434970,407279,EA-Y,CB
500,122,4.52,1.1534,27023,92.23,161.38,GEV,27,1.2116,22.285,0.1011,Dearne at Barnsley Weir,Dearne,118.9,53.56097,-1.47353,434970,407279,EA-Y,CB
1000,139,5.16,1.1737,27023,101.55,190.26,GEV,27,1.2116,22.285,0.1011,Dearne at Barnsley Weir,Dearne,118.9,53.56097,-1.47353,434970,407279,EA-Y,CB
2,37.3,1,1.0645,27026,33,42.16,Gumbel,37.3,1.2748,29.259,0.1541,Rother at Whittington,Rother,165,53.26576,-1.41166,439339,374468,EA-Y,FVVA
5,53.8,1.44,1.0646,27026,47.59,60.82,Gumbel,37.3,1.2748,29.259,0.1541,Rother at Whittington,Rother,165,53.26576,-1.41166,439339,374468,EA-Y,FVVA
10,64.8,1.74,1.0675,27026,57.01,73.65,Gumbel,37.3,1.2748,29.259,0.1541,Rother at Whittington,Rother,165,53.26576,-1.41166,439339,374468,EA-Y,FVVA
20,75.3,2.02,1.0729,27026,65.6,86.44,Gumbel,37.3,1.2748,29.259,0.1541,Rother at Whittington,Rother,165,53.26576,-1.41166,439339,374468,EA-Y,FVVA
30,81.4,2.18,1.0773,27026,70.35,94.19,Gumbel,37.3,1.2748,29.259,0.1541,Rother at Whittington,Rother,165,53.26576,-1.41166,439339,374468,EA-Y,FVVA
50,88.9,2.38,1.0841,27026,75.89,104.14,Gumbel,37.3,1.2748,29.259,0.1541,Rother at Whittington,Rother,165,53.26576,-1.41166,439339,374468,EA-Y,FVVA
75,94.9,2.54,1.0905,27026,80.08,112.46,Gumbel,37.3,1.2748,29.259,0.1541,Rother at Whittington,Rother,165,53.26576,-1.41166,439339,374468,EA-Y,FVVA
100,99.1,2.66,1.0954,27026,82.89,118.48,Gumbel,37.3,1.2748,29.259,0.1541,Rother at Whittington,Rother,165,53.26576,-1.41166,439339,374468,EA-Y,FVVA
200,109,2.93,1.1089,27026,89.01,133.48,Gumbel,37.3,1.2748,29.259,0.1541,Rother at Whittington,Rother,165,53.26576,-1.41166,439339,374468,EA-Y,FVVA
500,123,3.29,1.1294,27026,96.9,156.13,Gumbel,37.3,1.2748,29.259,0.1541,Rother at Whittington,Rother,165,53.26576,-1.41166,439339,374468,EA-Y,FVVA
1000,133,3.56,1.1467,27026,101.7,173.93,Gumbel,37.3,1.2748,29.259,0.1541,Rother at Whittington,Rother,165,53.26576,-1.41166,439339,374468,EA-Y,FVVA
2,267,1,1.0911,27027,225.06,316.76,Gumbel,267,1.0049,265.698,0.0042,Wharfe at Ilkley,Wharfe,443,53.92927,-1.83063,411219,448140,EA-Y,VA
5,337,1.26,1.0921,27027,283.55,400.52,Gumbel,267,1.0049,265.698,0.0042,Wharfe at Ilkley,Wharfe,443,53.92927,-1.83063,411219,448140,EA-Y,VA
10,384,1.44,1.093,27027,322.58,457.12,Gumbel,267,1.0049,265.698,0.0042,Wharfe at Ilkley,Wharfe,443,53.92927,-1.83063,411219,448140,EA-Y,VA
20,429,1.61,1.0943,27027,359.54,511.88,Gumbel,267,1.0049,265.698,0.0042,Wharfe at Ilkley,Wharfe,443,53.92927,-1.83063,411219,448140,EA-Y,VA
30,454,1.7,1.0954,27027,379.75,542.77,Gumbel,267,1.0049,265.698,0.0042,Wharfe at Ilkley,Wharfe,443,53.92927,-1.83063,411219,448140,EA-Y,VA
50,486,1.82,1.0972,27027,405.21,582.9,Gumbel,267,1.0049,265.698,0.0042,Wharfe at Ilkley,Wharfe,443,53.92927,-1.83063,411219,448140,EA-Y,VA
75,512,1.92,1.0989,27027,425.59,615.95,Gumbel,267,1.0049,265.698,0.0042,Wharfe at Ilkley,Wharfe,443,53.92927,-1.83063,411219,448140,EA-Y,VA
100,530,1.98,1.1003,27027,439.45,639.2,Gumbel,267,1.0049,265.698,0.0042,Wharfe at Ilkley,Wharfe,443,53.92927,-1.83063,411219,448140,EA-Y,VA
200,573,2.15,1.1044,27027,471.66,696.12,Gumbel,267,1.0049,265.698,0.0042,Wharfe at Ilkley,Wharfe,443,53.92927,-1.83063,411219,448140,EA-Y,VA
500,630,2.36,1.1116,27027,512.01,775.17,Gumbel,267,1.0049,265.698,0.0042,Wharfe at Ilkley,Wharfe,443,53.92927,-1.83063,411219,448140,EA-Y,VA
1000,673,2.52,1.1183,27027,540.56,837.89,Gumbel,267,1.0049,265.698,0.0042,Wharfe at Ilkley,Wharfe,443,53.92927,-1.83063,411219,448140,EA-Y,VA
2,141,1,1.039,27028,130.81,151.98,GEV,141,1.1613,121.411,0.116,Aire at Armley,Aire,691.5,53.80173,-1.57549,428057,434020,EA-Y,B VA
5,185,1.31,1.0405,27028,171.15,199.97,GEV,141,1.1613,121.411,0.116,Aire at Armley,Aire,691.5,53.80173,-1.57549,428057,434020,EA-Y,B VA
10,217,1.54,1.0441,27028,199.4,236.15,GEV,141,1.1613,121.411,0.116,Aire at Armley,Aire,691.5,53.80173,-1.57549,428057,434020,EA-Y,B VA
20,251,1.78,1.0498,27028,228.19,276.08,GEV,141,1.1613,121.411,0.116,Aire at Armley,Aire,691.5,53.80173,-1.57549,428057,434020,EA-Y,B VA
30,271,1.92,1.0542,27028,244.37,300.54,GEV,141,1.1613,121.411,0.116,Aire at Armley,Aire,691.5,53.80173,-1.57549,428057,434020,EA-Y,B VA
50,298,2.12,1.0607,27028,265.49,334.49,GEV,141,1.1613,121.411,0.116,Aire at Armley,Aire,691.5,53.80173,-1.57549,428057,434020,EA-Y,B VA
75,321,2.27,1.0667,27028,282.84,364.31,GEV,141,1.1613,121.411,0.116,Aire at Armley,Aire,691.5,53.80173,-1.57549,428057,434020,EA-Y,B VA
100,337,2.39,1.0713,27028,294.44,385.71,GEV,141,1.1613,121.411,0.116,Aire at Armley,Aire,691.5,53.80173,-1.57549,428057,434020,EA-Y,B VA
200,379,2.69,1.0835,27028,323.87,443.51,GEV,141,1.1613,121.411,0.116,Aire at Armley,Aire,691.5,53.80173,-1.57549,428057,434020,EA-Y,B VA
500,439,3.11,1.1021,27028,362.84,531.15,GEV,141,1.1613,121.411,0.116,Aire at Armley,Aire,691.5,53.80173,-1.57549,428057,434020,EA-Y,B VA
1000,488,3.46,1.1176,27028,392.44,606.82,GEV,141,1.1613,121.411,0.116,Aire at Armley,Aire,691.5,53.80173,-1.57549,428057,434020,EA-Y,B VA
2,136,1,1.0679,27029,119.57,154.69,GEV,136,1.095,124.205,0.0654,Calder at Elland,Calder,341.9,53.69399,-1.81317,412434,421966,EA-Y,C VA
5,180,1.32,1.0705,27029,157.5,205.71,GEV,136,1.095,124.205,0.0654,Calder at Elland,Calder,341.9,53.69399,-1.81317,412434,421966,EA-Y,C VA
10,210,1.55,1.0734,27029,182.78,241.27,GEV,136,1.095,124.205,0.0654,Calder at Elland,Calder,341.9,53.69399,-1.81317,412434,421966,EA-Y,C VA
20,241,1.77,1.0773,27029,208.28,278.87,GEV,136,1.095,124.205,0.0654,Calder at Elland,Calder,341.9,53.69399,-1.81317,412434,421966,EA-Y,C VA
30,259,1.9,1.0801,27029,222.69,301.22,GEV,136,1.095,124.205,0.0654,Calder at Elland,Calder,341.9,53.69399,-1.81317,412434,421966,EA-Y,C VA
50,282,2.07,1.0842,27029,240.68,330.42,GEV,136,1.095,124.205,0.0654,Calder at Elland,Calder,341.9,53.69399,-1.81317,412434,421966,EA-Y,C VA
75,301,2.21,1.088,27029,255.14,355.11,GEV,136,1.095,124.205,0.0654,Calder at Elland,Calder,341.9,53.69399,-1.81317,412434,421966,EA-Y,C VA
100,314,2.31,1.0909,27029,264.77,372.38,GEV,136,1.095,124.205,0.0654,Calder at Elland,Calder,341.9,53.69399,-1.81317,412434,421966,EA-Y,C VA
200,348,2.56,1.0989,27029,289.27,418.66,GEV,136,1.095,124.205,0.0654,Calder at Elland,Calder,341.9,53.69399,-1.81317,412434,421966,EA-Y,C VA
500,394,2.9,1.1111,27029,320.49,484.36,GEV,136,1.095,124.205,0.0654,Calder at Elland,Calder,341.9,53.69399,-1.81317,412434,421966,EA-Y,C VA
1000,430,3.16,1.1217,27029,343.33,538.55,GEV,136,1.095,124.205,0.0654,Calder at Elland,Calder,341.9,53.69399,-1.81317,412434,421966,EA-Y,C VA
2,91,1,1.0547,27031,81.98,101.01,Gumbel,91,1.3133,69.29,0.1277,Colne at Colne Bridge,Colne,245,53.67547,-1.73822,417391,419921,EA-Y,C VA
5,121,1.33,1.0563,27031,108.68,134.71,Gumbel,91,1.3133,69.29,0.1277,Colne at Colne Bridge,Colne,245,53.67547,-1.73822,417391,419921,EA-Y,C VA
10,141,1.55,1.0588,27031,126.06,157.71,Gumbel,91,1.3133,69.29,0.1277,Colne at Colne Bridge,Colne,245,53.67547,-1.73822,417391,419921,EA-Y,C VA
20,160,1.76,1.0628,27031,142,180.29,Gumbel,91,1.3133,69.29,0.1277,Colne at Colne Bridge,Colne,245,53.67547,-1.73822,417391,419921,EA-Y,C VA
30,171,1.88,1.0659,27031,150.89,193.79,Gumbel,91,1.3133,69.29,0.1277,Colne at Colne Bridge,Colne,245,53.67547,-1.73822,417391,419921,EA-Y,C VA
50,185,2.04,1.0706,27031,161.85,211.47,Gumbel,91,1.3133,69.29,0.1277,Colne at Colne Bridge,Colne,245,53.67547,-1.73822,417391,419921,EA-Y,C VA
75,196,2.16,1.0751,27031,170.07,225.89,Gumbel,91,1.3133,69.29,0.1277,Colne at Colne Bridge,Colne,245,53.67547,-1.73822,417391,419921,EA-Y,C VA
100,204,2.24,1.0785,27031,175.91,236.57,Gumbel,91,1.3133,69.29,0.1277,Colne at Colne Bridge,Colne,245,53.67547,-1.73822,417391,419921,EA-Y,C VA
200,222,2.44,1.088,27031,188.17,261.91,Gumbel,91,1.3133,69.29,0.1277,Colne at Colne Bridge,Colne,245,53.67547,-1.73822,417391,419921,EA-Y,C VA
500,247,2.71,1.1027,27031,203.93,299.17,Gumbel,91,1.3133,69.29,0.1277,Colne at Colne Bridge,Colne,245,53.67547,-1.73822,417391,419921,EA-Y,C VA
1000,265,2.92,1.1153,27031,213.97,328.2,Gumbel,91,1.3133,69.29,0.1277,Colne at Colne Bridge,Colne,245,53.67547,-1.73822,417391,419921,EA-Y,C VA
2,3.92,1,1.071,27032,3.43,4.48,Kappa3,3.92,1,3.92,0,Hebden Beck at Hebden,Hebden Beck,22.17,54.07422,-1.96358,402481,464255,EA-Y,MIS
5,5.05,1.29,1.0707,27032,4.42,5.77,Kappa3,3.92,1,3.92,0,Hebden Beck at Hebden,Hebden Beck,22.17,54.07422,-1.96358,402481,464255,EA-Y,MIS
10,5.85,1.49,1.0716,27032,5.11,6.7,Kappa3,3.92,1,3.92,0,Hebden Beck at Hebden,Hebden Beck,22.17,54.07422,-1.96358,402481,464255,EA-Y,MIS
20,6.68,1.71,1.0735,27032,5.81,7.68,Kappa3,3.92,1,3.92,0,Hebden Beck at Hebden,Hebden Beck,22.17,54.07422,-1.96358,402481,464255,EA-Y,MIS
30,7.19,1.83,1.0752,27032,6.24,8.29,Kappa3,3.92,1,3.92,0,Hebden Beck at Hebden,Hebden Beck,22.17,54.07422,-1.96358,402481,464255,EA-Y,MIS
50,7.86,2.01,1.078,27032,6.78,9.11,Kappa3,3.92,1,3.92,0,Hebden Beck at Hebden,Hebden Beck,22.17,54.07422,-1.96358,402481,464255,EA-Y,MIS
75,8.42,2.15,1.0807,27032,7.23,9.8,Kappa3,3.92,1,3.92,0,Hebden Beck at Hebden,Hebden Beck,22.17,54.07422,-1.96358,402481,464255,EA-Y,MIS
100,8.83,2.25,1.083,27032,7.55,10.32,Kappa3,3.92,1,3.92,0,Hebden Beck at Hebden,Hebden Beck,22.17,54.07422,-1.96358,402481,464255,EA-Y,MIS
200,9.88,2.52,1.0895,27032,8.35,11.69,Kappa3,3.92,1,3.92,0,Hebden Beck at Hebden,Hebden Beck,22.17,54.07422,-1.96358,402481,464255,EA-Y,MIS
500,11.4,2.91,1.1002,27032,9.45,13.75,Kappa3,3.92,1,3.92,0,Hebden Beck at Hebden,Hebden Beck,22.17,54.07422,-1.96358,402481,464255,EA-Y,MIS
1000,12.7,3.24,1.1098,27032,10.35,15.58,Kappa3,3.92,1,3.92,0,Hebden Beck at Hebden,Hebden Beck,22.17,54.07422,-1.96358,402481,464255,EA-Y,MIS
2,255,1,1.0482,27034,232.52,279.65,Gumbel,255,1.0041,253.959,0.0035,Ure at Kilgram Bridge,Ure,510.2,54.26921,-1.70881,419062,485989,EA-Y,VA
5,324,1.27,1.0493,27034,294.84,356.05,Gumbel,255,1.0041,253.959,0.0035,Ure at Kilgram Bridge,Ure,510.2,54.26921,-1.70881,419062,485989,EA-Y,VA
10,370,1.45,1.0509,27034,335.69,407.81,Gumbel,255,1.0041,253.959,0.0035,Ure at Kilgram Bridge,Ure,510.2,54.26921,-1.70881,419062,485989,EA-Y,VA
20,414,1.62,1.0534,27034,373.87,458.44,Gumbel,255,1.0041,253.959,0.0035,Ure at Kilgram Bridge,Ure,510.2,54.26921,-1.70881,419062,485989,EA-Y,VA
30,439,1.72,1.0553,27034,395.05,487.84,Gumbel,255,1.0041,253.959,0.0035,Ure at Kilgram Bridge,Ure,510.2,54.26921,-1.70881,419062,485989,EA-Y,VA
50,470,1.84,1.0582,27034,420.67,525.11,Gumbel,255,1.0041,253.959,0.0035,Ure at Kilgram Bridge,Ure,510.2,54.26921,-1.70881,419062,485989,EA-Y,VA
75,495,1.94,1.0609,27034,440.84,555.81,Gumbel,255,1.0041,253.959,0.0035,Ure at Kilgram Bridge,Ure,510.2,54.26921,-1.70881,419062,485989,EA-Y,VA
100,513,2.01,1.063,27034,455.11,578.26,Gumbel,255,1.0041,253.959,0.0035,Ure at Kilgram Bridge,Ure,510.2,54.26921,-1.70881,419062,485989,EA-Y,VA
200,555,2.18,1.069,27034,486.96,632.54,Gumbel,255,1.0041,253.959,0.0035,Ure at Kilgram Bridge,Ure,510.2,54.26921,-1.70881,419062,485989,EA-Y,VA
500,611,2.4,1.0784,27034,526.98,708.42,Gumbel,255,1.0041,253.959,0.0035,Ure at Kilgram Bridge,Ure,510.2,54.26921,-1.70881,419062,485989,EA-Y,VA
1000,653,2.56,1.0867,27034,554.8,768.58,Gumbel,255,1.0041,253.959,0.0035,Ure at Kilgram Bridge,Ure,510.2,54.26921,-1.70881,419062,485989,EA-Y,VA
2,58,1,1.0288,27035,54.86,61.32,Gumbel,58,1.0244,56.617,0.0204,Aire at Kildwick Bridge,Aire,282.3,53.90731,-1.98465,401106,445684,EA-Y,VA
5,73.3,1.26,1.0323,27035,68.87,78.01,Gumbel,58,1.0244,56.617,0.0204,Aire at Kildwick Bridge,Aire,282.3,53.90731,-1.98465,401106,445684,EA-Y,VA
10,83.4,1.44,1.0375,27035,77.59,89.64,Gumbel,58,1.0244,56.617,0.0204,Aire at Kildwick Bridge,Aire,282.3,53.90731,-1.98465,401106,445684,EA-Y,VA
20,93.1,1.61,1.0447,27035,85.45,101.43,Gumbel,58,1.0244,56.617,0.0204,Aire at Kildwick Bridge,Aire,282.3,53.90731,-1.98465,401106,445684,EA-Y,VA
30,98.7,1.7,1.0498,27035,89.73,108.56,Gumbel,58,1.0244,56.617,0.0204,Aire at Kildwick Bridge,Aire,282.3,53.90731,-1.98465,401106,445684,EA-Y,VA
50,106,1.82,1.057,27035,95.09,118.17,Gumbel,58,1.0244,56.617,0.0204,Aire at Kildwick Bridge,Aire,282.3,53.90731,-1.98465,401106,445684,EA-Y,VA
75,111,1.92,1.0634,27035,98.4,125.21,Gumbel,58,1.0244,56.617,0.0204,Aire at Kildwick Bridge,Aire,282.3,53.90731,-1.98465,401106,445684,EA-Y,VA
100,115,1.98,1.0682,27035,101.05,130.88,Gumbel,58,1.0244,56.617,0.0204,Aire at Kildwick Bridge,Aire,282.3,53.90731,-1.98465,401106,445684,EA-Y,VA
200,124,2.15,1.0808,27035,106.48,144.4,Gumbel,58,1.0244,56.617,0.0204,Aire at Kildwick Bridge,Aire,282.3,53.90731,-1.98465,401106,445684,EA-Y,VA
500,137,2.36,1.0995,27035,113.76,164.99,Gumbel,58,1.0244,56.617,0.0204,Aire at Kildwick Bridge,Aire,282.3,53.90731,-1.98465,401106,445684,EA-Y,VA
1000,146,2.52,1.115,27035,117.95,180.72,Gumbel,58,1.0244,56.617,0.0204,Aire at Kildwick Bridge,Aire,282.3,53.90731,-1.98465,401106,445684,EA-Y,VA
2,11.1,1,1.0669,27040,9.78,12.6,Kappa3,11.1,1.144,9.702,0.0972,Doe Lea at Staveley,Doe Lea,67.9,53.26655,-1.33742,444290,374600,EA-Y,FL
5,16,1.44,1.0694,27040,14.03,18.25,Kappa3,11.1,1.144,9.702,0.0972,Doe Lea at Staveley,Doe Lea,67.9,53.26655,-1.33742,444290,374600,EA-Y,FL
10,19.4,1.75,1.0727,27040,16.91,22.26,Kappa3,11.1,1.144,9.702,0.0972,Doe Lea at Staveley,Doe Lea,67.9,53.26655,-1.33742,444290,374600,EA-Y,FL
20,22.9,2.06,1.0771,27040,19.8,26.49,Kappa3,11.1,1.144,9.702,0.0972,Doe Lea at Staveley,Doe Lea,67.9,53.26655,-1.33742,444290,374600,EA-Y,FL
30,25,2.25,1.0802,27040,21.49,29.08,Kappa3,11.1,1.144,9.702,0.0972,Doe Lea at Staveley,Doe Lea,67.9,53.26655,-1.33742,444290,374600,EA-Y,FL
50,27.8,2.5,1.0848,27040,23.7,32.61,Kappa3,11.1,1.144,9.702,0.0972,Doe Lea at Staveley,Doe Lea,67.9,53.26655,-1.33742,444290,374600,EA-Y,FL
75,30.1,2.71,1.0889,27040,25.47,35.57,Kappa3,11.1,1.144,9.702,0.0972,Doe Lea at Staveley,Doe Lea,67.9,53.26655,-1.33742,444290,374600,EA-Y,FL
100,31.7,2.86,1.0921,27040,26.67,37.68,Kappa3,11.1,1.144,9.702,0.0972,Doe Lea at Staveley,Doe Lea,67.9,53.26655,-1.33742,444290,374600,EA-Y,FL
200,36,3.24,1.1005,27040,29.84,43.43,Kappa3,11.1,1.144,9.702,0.0972,Doe Lea at Staveley,Doe Lea,67.9,53.26655,-1.33742,444290,374600,EA-Y,FL
500,42.1,3.79,1.1133,27040,34.11,51.96,Kappa3,11.1,1.144,9.702,0.0972,Doe Lea at Staveley,Doe Lea,67.9,53.26655,-1.33742,444290,374600,EA-Y,FL
1000,47.2,4.25,1.1241,27040,37.53,59.36,Kappa3,11.1,1.144,9.702,0.0972,Doe Lea at Staveley,Doe Lea,67.9,53.26655,-1.33742,444290,374600,EA-Y,FL
2,71.5,1,1.0432,27041,65.81,77.68,GEV,71.5,1.0267,69.637,0.0127,Derwent at Buttercrambe,Derwent,1586,54.01924,-0.88562,473112,458712,EA-Y,C US
5,92.2,1.29,1.0434,27041,84.83,100.21,GEV,71.5,1.0267,69.637,0.0127,Derwent at Buttercrambe,Derwent,1586,54.01924,-0.88562,473112,458712,EA-Y,C US
10,106,1.49,1.0462,27041,97.02,115.81,GEV,71.5,1.0267,69.637,0.0127,Derwent at Buttercrambe,Derwent,1586,54.01924,-0.88562,473112,458712,EA-Y,C US
20,120,1.68,1.0515,27041,108.75,132.41,GEV,71.5,1.0267,69.637,0.0127,Derwent at Buttercrambe,Derwent,1586,54.01924,-0.88562,473112,458712,EA-Y,C US
30,128,1.8,1.0558,27041,115.08,142.37,GEV,71.5,1.0267,69.637,0.0127,Derwent at Buttercrambe,Derwent,1586,54.01924,-0.88562,473112,458712,EA-Y,C US
50,139,1.94,1.0623,27041,123.47,156.48,GEV,71.5,1.0267,69.637,0.0127,Derwent at Buttercrambe,Derwent,1586,54.01924,-0.88562,473112,458712,EA-Y,C US
75,147,2.06,1.0683,27041,129.15,167.32,GEV,71.5,1.0267,69.637,0.0127,Derwent at Buttercrambe,Derwent,1586,54.01924,-0.88562,473112,458712,EA-Y,C US
100,153,2.14,1.0729,27041,133.29,175.63,GEV,71.5,1.0267,69.637,0.0127,Derwent at Buttercrambe,Derwent,1586,54.01924,-0.88562,473112,458712,EA-Y,C US
200,168,2.35,1.0854,27041,143.07,197.27,GEV,71.5,1.0267,69.637,0.0127,Derwent at Buttercrambe,Derwent,1586,54.01924,-0.88562,473112,458712,EA-Y,C US
500,188,2.63,1.1045,27041,154.72,228.44,GEV,71.5,1.0267,69.637,0.0127,Derwent at Buttercrambe,Derwent,1586,54.01924,-0.88562,473112,458712,EA-Y,C US
1000,203,2.84,1.1205,27041,162.42,253.71,GEV,71.5,1.0267,69.637,0.0127,Derwent at Buttercrambe,Derwent,1586,54.01924,-0.88562,473112,458712,EA-Y,C US
2,269,1,1.0655,27043,237.55,304.62,Gumbel,269,1.0038,267.971,0.0033,Wharfe at Addingham,Wharfe,427,53.93972,-1.86216,409146,449298,EA-Y,C VA
5,339,1.26,1.0665,27043,298.81,384.59,Gumbel,269,1.0038,267.971,0.0033,Wharfe at Addingham,Wharfe,427,53.93972,-1.86216,409146,449298,EA-Y,C VA
10,386,1.43,1.0679,27043,339.37,439.04,Gumbel,269,1.0038,267.971,0.0033,Wharfe at Addingham,Wharfe,427,53.93972,-1.86216,409146,449298,EA-Y,C VA
20,431,1.6,1.0699,27043,377.54,492.03,Gumbel,269,1.0038,267.971,0.0033,Wharfe at Addingham,Wharfe,427,53.93972,-1.86216,409146,449298,EA-Y,C VA
30,456,1.7,1.0715,27043,398.27,522.09,Gumbel,269,1.0038,267.971,0.0033,Wharfe at Addingham,Wharfe,427,53.93972,-1.86216,409146,449298,EA-Y,C VA
50,488,1.82,1.0739,27043,424.36,561.19,Gumbel,269,1.0038,267.971,0.0033,Wharfe at Addingham,Wharfe,427,53.93972,-1.86216,409146,449298,EA-Y,C VA
75,514,1.91,1.0762,27043,445.1,593.57,Gumbel,269,1.0038,267.971,0.0033,Wharfe at Addingham,Wharfe,427,53.93972,-1.86216,409146,449298,EA-Y,C VA
100,532,1.98,1.0781,27043,459.09,616.49,Gumbel,269,1.0038,267.971,0.0033,Wharfe at Addingham,Wharfe,427,53.93972,-1.86216,409146,449298,EA-Y,C VA
200,575,2.14,1.0833,27043,491.54,672.63,Gumbel,269,1.0038,267.971,0.0033,Wharfe at Addingham,Wharfe,427,53.93972,-1.86216,409146,449298,EA-Y,C VA
500,632,2.35,1.0918,27043,532.06,750.72,Gumbel,269,1.0038,267.971,0.0033,Wharfe at Addingham,Wharfe,427,53.93972,-1.86216,409146,449298,EA-Y,C VA
1000,675,2.51,1.0994,27043,560.58,812.77,Gumbel,269,1.0038,267.971,0.0033,Wharfe at Addingham,Wharfe,427,53.93972,-1.86216,409146,449298,EA-Y,C VA
2,36.1,1,1.0785,27049,31.13,41.86,Gumbel,36.1,1.0063,35.875,0.0033,Rye at Ness,Rye,238.7,54.20382,-0.93697,469439,479196,EA-Y,FV
5,50.7,1.4,1.0795,27049,43.64,58.9,Gumbel,36.1,1.0063,35.875,0.0033,Rye at Ness,Rye,238.7,54.20382,-0.93697,469439,479196,EA-Y,FV
10,60.4,1.67,1.0814,27049,51.81,70.41,Gumbel,36.1,1.0063,35.875,0.0033,Rye at Ness,Rye,238.7,54.20382,-0.93697,469439,479196,EA-Y,FV
20,69.6,1.93,1.0845,27049,59.37,81.59,Gumbel,36.1,1.0063,35.875,0.0033,Rye at Ness,Rye,238.7,54.20382,-0.93697,469439,479196,EA-Y,FV
30,75,2.08,1.0869,27049,63.7,88.31,Gumbel,36.1,1.0063,35.875,0.0033,Rye at Ness,Rye,238.7,54.20382,-0.93697,469439,479196,EA-Y,FV
50,81.6,2.26,1.0907,27049,68.83,96.74,Gumbel,36.1,1.0063,35.875,0.0033,Rye at Ness,Rye,238.7,54.20382,-0.93697,469439,479196,EA-Y,FV
75,86.9,2.41,1.0942,27049,72.84,103.67,Gumbel,36.1,1.0063,35.875,0.0033,Rye at Ness,Rye,238.7,54.20382,-0.93697,469439,479196,EA-Y,FV
100,90.6,2.51,1.097,27049,75.57,108.63,Gumbel,36.1,1.0063,35.875,0.0033,Rye at Ness,Rye,238.7,54.20382,-0.93697,469439,479196,EA-Y,FV
200,99.6,2.76,1.1049,27049,81.91,121.11,Gumbel,36.1,1.0063,35.875,0.0033,Rye at Ness,Rye,238.7,54.20382,-0.93697,469439,479196,EA-Y,FV
500,111,3.09,1.1175,27049,89.28,138,Gumbel,36.1,1.0063,35.875,0.0033,Rye at Ness,Rye,238.7,54.20382,-0.93697,469439,479196,EA-Y,FV
1000,120,3.33,1.1285,27049,94.68,152.08,Gumbel,36.1,1.0063,35.875,0.0033,Rye at Ness,Rye,238.7,54.20382,-0.93697,469439,479196,EA-Y,FV
2,4.64,1,1.0787,27051,4,5.38,GEV,4.64,1.0104,4.592,0.0093,Crimple at Burn Bridge,Crimple,8.1,53.96223,-1.56884,428386,451880,EA-Y,FV
5,6.6,1.42,1.0805,27051,5.67,7.68,GEV,4.64,1.0104,4.592,0.0093,Crimple at Burn Bridge,Crimple,8.1,53.96223,-1.56884,428386,451880,EA-Y,FV
10,8.01,1.73,1.0831,27051,6.85,9.37,GEV,4.64,1.0104,4.592,0.0093,Crimple at Burn Bridge,Crimple,8.1,53.96223,-1.56884,428386,451880,EA-Y,FV
20,9.46,2.04,1.0871,27051,8.03,11.14,GEV,4.64,1.0104,4.592,0.0093,Crimple at Burn Bridge,Crimple,8.1,53.96223,-1.56884,428386,451880,EA-Y,FV
30,10.3,2.23,1.09,27051,8.7,12.2,GEV,4.64,1.0104,4.592,0.0093,Crimple at Burn Bridge,Crimple,8.1,53.96223,-1.56884,428386,451880,EA-Y,FV
50,11.5,2.47,1.0945,27051,9.63,13.73,GEV,4.64,1.0104,4.592,0.0093,Crimple at Burn Bridge,Crimple,8.1,53.96223,-1.56884,428386,451880,EA-Y,FV
75,12.4,2.68,1.0986,27051,10.31,14.91,GEV,4.64,1.0104,4.592,0.0093,Crimple at Burn Bridge,Crimple,8.1,53.96223,-1.56884,428386,451880,EA-Y,FV
100,13.1,2.82,1.1019,27051,10.83,15.84,GEV,4.64,1.0104,4.592,0.0093,Crimple at Burn Bridge,Crimple,8.1,53.96223,-1.56884,428386,451880,EA-Y,FV
200,14.8,3.19,1.1108,27051,12.05,18.18,GEV,4.64,1.0104,4.592,0.0093,Crimple at Burn Bridge,Crimple,8.1,53.96223,-1.56884,428386,451880,EA-Y,FV
500,17.3,3.72,1.1247,27051,13.74,21.78,GEV,4.64,1.0104,4.592,0.0093,Crimple at Burn Bridge,Crimple,8.1,53.96223,-1.56884,428386,451880,EA-Y,FV
1000,19.2,4.15,1.1368,27051,14.93,24.69,GEV,4.64,1.0104,4.592,0.0093,Crimple at Burn Bridge,Crimple,8.1,53.96223,-1.56884,428386,451880,EA-Y,FV
2,99.1,1,1.0737,27053,86.21,113.92,Gumbel,99.1,1.0057,98.534,0.0049,Nidd at Birstwith,Nidd,217.6,54.03831,-1.65019,423007,460316,EA-Y,VA
5,135,1.36,1.0726,27053,117.67,154.88,Gumbel,99.1,1.0057,98.534,0.0049,Nidd at Birstwith,Nidd,217.6,54.03831,-1.65019,423007,460316,EA-Y,VA
10,158,1.6,1.0731,27053,137.59,181.43,Gumbel,99.1,1.0057,98.534,0.0049,Nidd at Birstwith,Nidd,217.6,54.03831,-1.65019,423007,460316,EA-Y,VA
20,181,1.82,1.0748,27053,157.14,208.49,Gumbel,99.1,1.0057,98.534,0.0049,Nidd at Birstwith,Nidd,217.6,54.03831,-1.65019,423007,460316,EA-Y,VA
30,194,1.95,1.0764,27053,167.93,224.11,Gumbel,99.1,1.0057,98.534,0.0049,Nidd at Birstwith,Nidd,217.6,54.03831,-1.65019,423007,460316,EA-Y,VA
50,210,2.12,1.0791,27053,180.89,243.79,Gumbel,99.1,1.0057,98.534,0.0049,Nidd at Birstwith,Nidd,217.6,54.03831,-1.65019,423007,460316,EA-Y,VA
75,223,2.25,1.0818,27053,191.15,260.16,Gumbel,99.1,1.0057,98.534,0.0049,Nidd at Birstwith,Nidd,217.6,54.03831,-1.65019,423007,460316,EA-Y,VA
100,232,2.34,1.084,27053,198.08,271.73,Gumbel,99.1,1.0057,98.534,0.0049,Nidd at Birstwith,Nidd,217.6,54.03831,-1.65019,423007,460316,EA-Y,VA
200,254,2.56,1.0904,27053,214.37,300.96,Gumbel,99.1,1.0057,98.534,0.0049,Nidd at Birstwith,Nidd,217.6,54.03831,-1.65019,423007,460316,EA-Y,VA
500,282,2.85,1.101,27053,233.53,340.53,Gumbel,99.1,1.0057,98.534,0.0049,Nidd at Birstwith,Nidd,217.6,54.03831,-1.65019,423007,460316,EA-Y,VA
1000,304,3.07,1.1105,27053,247.55,373.33,Gumbel,99.1,1.0057,98.534,0.0049,Nidd at Birstwith,Nidd,217.6,54.03831,-1.65019,423007,460316,EA-Y,VA
2,38.9,1,1.1053,27055,31.97,47.33,Gumbel,38.9,1.0007,38.871,6e-4,Rye at Broadway Foot,Rye,131.7,54.28785,-1.1413,455997,488365,EA-Y,C US
5,54.3,1.4,1.1055,27055,44.61,66.1,Gumbel,38.9,1.0007,38.871,6e-4,Rye at Broadway Foot,Rye,131.7,54.28785,-1.1413,455997,488365,EA-Y,C US
10,64.5,1.66,1.1076,27055,52.79,78.8,Gumbel,38.9,1.0007,38.871,6e-4,Rye at Broadway Foot,Rye,131.7,54.28785,-1.1413,455997,488365,EA-Y,C US
20,74.3,1.91,1.1112,27055,60.43,91.36,Gumbel,38.9,1.0007,38.871,6e-4,Rye at Broadway Foot,Rye,131.7,54.28785,-1.1413,455997,488365,EA-Y,C US
30,79.9,2.05,1.1142,27055,64.64,98.76,Gumbel,38.9,1.0007,38.871,6e-4,Rye at Broadway Foot,Rye,131.7,54.28785,-1.1413,455997,488365,EA-Y,C US
50,87,2.24,1.1188,27055,69.82,108.41,Gumbel,38.9,1.0007,38.871,6e-4,Rye at Broadway Foot,Rye,131.7,54.28785,-1.1413,455997,488365,EA-Y,C US
75,92.5,2.38,1.1232,27055,73.66,116.15,Gumbel,38.9,1.0007,38.871,6e-4,Rye at Broadway Foot,Rye,131.7,54.28785,-1.1413,455997,488365,EA-Y,C US
100,96.5,2.48,1.1267,27055,76.38,121.92,Gumbel,38.9,1.0007,38.871,6e-4,Rye at Broadway Foot,Rye,131.7,54.28785,-1.1413,455997,488365,EA-Y,C US
200,106,2.72,1.1365,27055,82.49,136.21,Gumbel,38.9,1.0007,38.871,6e-4,Rye at Broadway Foot,Rye,131.7,54.28785,-1.1413,455997,488365,EA-Y,C US
500,118,3.04,1.1521,27055,89.4,155.74,Gumbel,38.9,1.0007,38.871,6e-4,Rye at Broadway Foot,Rye,131.7,54.28785,-1.1413,455997,488365,EA-Y,C US
1000,128,3.29,1.1658,27055,94.76,172.9,Gumbel,38.9,1.0007,38.871,6e-4,Rye at Broadway Foot,Rye,131.7,54.28785,-1.1413,455997,488365,EA-Y,C US
2,22.2,1,1.0656,27059,19.6,25.14,GEV,22.2,1.0169,21.832,0.0125,Laver at Ripon Laver Weir,Laver,87.5,54.1335,-1.53787,430294,470949,EA-Y,C
5,31.6,1.43,1.0666,27059,27.85,35.86,GEV,22.2,1.0169,21.832,0.0125,Laver at Ripon Laver Weir,Laver,87.5,54.1335,-1.53787,430294,470949,EA-Y,C
10,38.6,1.74,1.0695,27059,33.84,44.03,GEV,22.2,1.0169,21.832,0.0125,Laver at Ripon Laver Weir,Laver,87.5,54.1335,-1.53787,430294,470949,EA-Y,C
20,45.9,2.07,1.0744,27059,39.88,52.83,GEV,22.2,1.0169,21.832,0.0125,Laver at Ripon Laver Weir,Laver,87.5,54.1335,-1.53787,430294,470949,EA-Y,C
30,50.4,2.27,1.0782,27059,43.49,58.41,GEV,22.2,1.0169,21.832,0.0125,Laver at Ripon Laver Weir,Laver,87.5,54.1335,-1.53787,430294,470949,EA-Y,C
50,56.4,2.54,1.0839,27059,48.16,66.05,GEV,22.2,1.0169,21.832,0.0125,Laver at Ripon Laver Weir,Laver,87.5,54.1335,-1.53787,430294,470949,EA-Y,C
75,61.4,2.76,1.0892,27059,51.93,72.59,GEV,22.2,1.0169,21.832,0.0125,Laver at Ripon Laver Weir,Laver,87.5,54.1335,-1.53787,430294,470949,EA-Y,C
100,65,2.93,1.0934,27059,54.56,77.43,GEV,22.2,1.0169,21.832,0.0125,Laver at Ripon Laver Weir,Laver,87.5,54.1335,-1.53787,430294,470949,EA-Y,C
200,74.4,3.35,1.1046,27059,61.22,90.42,GEV,22.2,1.0169,21.832,0.0125,Laver at Ripon Laver Weir,Laver,87.5,54.1335,-1.53787,430294,470949,EA-Y,C
500,87.9,3.96,1.1218,27059,70.17,110.11,GEV,22.2,1.0169,21.832,0.0125,Laver at Ripon Laver Weir,Laver,87.5,54.1335,-1.53787,430294,470949,EA-Y,C
1000,99.2,4.47,1.1365,27059,77.2,127.48,GEV,22.2,1.0169,21.832,0.0125,Laver at Ripon Laver Weir,Laver,87.5,54.1335,-1.53787,430294,470949,EA-Y,C
2,92,1,1.073,27062,80.13,105.62,Gumbel,92,1.0496,87.648,0.0369,Nidd at Skip Bridge,Nidd,516,53.99851,-1.26549,448247,456080,EA-Y,US
5,119,1.3,1.0736,27062,103.54,136.77,Gumbel,92,1.0496,87.648,0.0369,Nidd at Skip Bridge,Nidd,516,53.99851,-1.26549,448247,456080,EA-Y,US
10,137,1.49,1.0755,27062,118.79,158.01,Gumbel,92,1.0496,87.648,0.0369,Nidd at Skip Bridge,Nidd,516,53.99851,-1.26549,448247,456080,EA-Y,US
20,155,1.68,1.0789,27062,133.56,179.88,Gumbel,92,1.0496,87.648,0.0369,Nidd at Skip Bridge,Nidd,516,53.99851,-1.26549,448247,456080,EA-Y,US
30,165,1.79,1.0816,27062,141.49,192.42,Gumbel,92,1.0496,87.648,0.0369,Nidd at Skip Bridge,Nidd,516,53.99851,-1.26549,448247,456080,EA-Y,US
50,177,1.92,1.0859,27062,150.6,208.03,Gumbel,92,1.0496,87.648,0.0369,Nidd at Skip Bridge,Nidd,516,53.99851,-1.26549,448247,456080,EA-Y,US
75,187,2.03,1.09,27062,157.94,221.41,Gumbel,92,1.0496,87.648,0.0369,Nidd at Skip Bridge,Nidd,516,53.99851,-1.26549,448247,456080,EA-Y,US
100,194,2.11,1.0933,27062,162.88,231.06,Gumbel,92,1.0496,87.648,0.0369,Nidd at Skip Bridge,Nidd,516,53.99851,-1.26549,448247,456080,EA-Y,US
200,210,2.29,1.1024,27062,173.47,254.22,Gumbel,92,1.0496,87.648,0.0369,Nidd at Skip Bridge,Nidd,516,53.99851,-1.26549,448247,456080,EA-Y,US
500,233,2.53,1.117,27062,187.57,289.43,Gumbel,92,1.0496,87.648,0.0369,Nidd at Skip Bridge,Nidd,516,53.99851,-1.26549,448247,456080,EA-Y,US
1000,249,2.71,1.1298,27062,196.03,316.29,Gumbel,92,1.0496,87.648,0.0369,Nidd at Skip Bridge,Nidd,516,53.99851,-1.26549,448247,456080,EA-Y,US
2,162,1,1.0386,27071,150.41,174.48,GEV,162,1.0251,158.028,0.0185,Swale at Crakehill,Swale,1363,54.15412,-1.35069,442503,473339,EA-Y,C VA
5,203,1.26,1.0405,27071,187.8,219.43,GEV,162,1.0251,158.028,0.0185,Swale at Crakehill,Swale,1363,54.15412,-1.35069,442503,473339,EA-Y,C VA
10,230,1.42,1.0435,27071,211.58,250.02,GEV,162,1.0251,158.028,0.0185,Swale at Crakehill,Swale,1363,54.15412,-1.35069,442503,473339,EA-Y,C VA
20,254,1.57,1.0478,27071,231.79,278.34,GEV,162,1.0251,158.028,0.0185,Swale at Crakehill,Swale,1363,54.15412,-1.35069,442503,473339,EA-Y,C VA
30,267,1.65,1.051,27071,242.2,294.34,GEV,162,1.0251,158.028,0.0185,Swale at Crakehill,Swale,1363,54.15412,-1.35069,442503,473339,EA-Y,C VA
50,284,1.75,1.0556,27071,255.42,315.77,GEV,162,1.0251,158.028,0.0185,Swale at Crakehill,Swale,1363,54.15412,-1.35069,442503,473339,EA-Y,C VA
75,297,1.83,1.0598,27071,265.04,332.81,GEV,162,1.0251,158.028,0.0185,Swale at Crakehill,Swale,1363,54.15412,-1.35069,442503,473339,EA-Y,C VA
100,305,1.89,1.0631,27071,270.53,343.86,GEV,162,1.0251,158.028,0.0185,Swale at Crakehill,Swale,1363,54.15412,-1.35069,442503,473339,EA-Y,C VA
200,326,2.01,1.0717,27071,284.63,373.39,GEV,162,1.0251,158.028,0.0185,Swale at Crakehill,Swale,1363,54.15412,-1.35069,442503,473339,EA-Y,C VA
500,353,2.18,1.0849,27071,300.89,414.13,GEV,162,1.0251,158.028,0.0185,Swale at Crakehill,Swale,1363,54.15412,-1.35069,442503,473339,EA-Y,C VA
1000,372,2.29,1.096,27071,310.82,445.22,GEV,162,1.0251,158.028,0.0185,Swale at Crakehill,Swale,1363,54.15412,-1.35069,442503,473339,EA-Y,C VA
2,0.816,1,1.1122,27073,0.66,1.01,Gumbel,0.816,1.0663,0.765,0.0156,Brompton Beck at Snainton Ings,Brompton Beck,12.9,54.20237,-0.56618,493627,479462,EA-Y,C
5,1.26,1.54,1.1144,27073,1.02,1.56,Gumbel,0.816,1.0663,0.765,0.0156,Brompton Beck at Snainton Ings,Brompton Beck,12.9,54.20237,-0.56618,493627,479462,EA-Y,C
10,1.55,1.9,1.1173,27073,1.25,1.93,Gumbel,0.816,1.0663,0.765,0.0156,Brompton Beck at Snainton Ings,Brompton Beck,12.9,54.20237,-0.56618,493627,479462,EA-Y,C
20,1.83,2.25,1.1212,27073,1.46,2.29,Gumbel,0.816,1.0663,0.765,0.0156,Brompton Beck at Snainton Ings,Brompton Beck,12.9,54.20237,-0.56618,493627,479462,EA-Y,C
30,1.99,2.44,1.1241,27073,1.58,2.5,Gumbel,0.816,1.0663,0.765,0.0156,Brompton Beck at Snainton Ings,Brompton Beck,12.9,54.20237,-0.56618,493627,479462,EA-Y,C
50,2.2,2.69,1.1283,27073,1.74,2.79,Gumbel,0.816,1.0663,0.765,0.0156,Brompton Beck at Snainton Ings,Brompton Beck,12.9,54.20237,-0.56618,493627,479462,EA-Y,C
75,2.36,2.89,1.1321,27073,1.85,3.01,Gumbel,0.816,1.0663,0.765,0.0156,Brompton Beck at Snainton Ings,Brompton Beck,12.9,54.20237,-0.56618,493627,479462,EA-Y,C
100,2.47,3.03,1.1351,27073,1.93,3.17,Gumbel,0.816,1.0663,0.765,0.0156,Brompton Beck at Snainton Ings,Brompton Beck,12.9,54.20237,-0.56618,493627,479462,EA-Y,C
200,2.74,3.36,1.1432,27073,2.11,3.56,Gumbel,0.816,1.0663,0.765,0.0156,Brompton Beck at Snainton Ings,Brompton Beck,12.9,54.20237,-0.56618,493627,479462,EA-Y,C
500,3.1,3.8,1.1558,27073,2.33,4.12,Gumbel,0.816,1.0663,0.765,0.0156,Brompton Beck at Snainton Ings,Brompton Beck,12.9,54.20237,-0.56618,493627,479462,EA-Y,C
1000,3.37,4.13,1.1667,27073,2.49,4.56,Gumbel,0.816,1.0663,0.765,0.0156,Brompton Beck at Snainton Ings,Brompton Beck,12.9,54.20237,-0.56618,493627,479462,EA-Y,C
2,240,1,1.0736,27079,208.81,275.84,GEV,240,1.2841,186.908,0.1466,Calder at Methley,Calder,930,53.72607,-1.38269,440828,425695,EA-Y,IV
5,320,1.33,1.0724,27079,279.03,366.99,GEV,240,1.2841,186.908,0.1466,Calder at Methley,Calder,930,53.72607,-1.38269,440828,425695,EA-Y,IV
10,376,1.57,1.0733,27079,327.32,431.92,GEV,240,1.2841,186.908,0.1466,Calder at Methley,Calder,930,53.72607,-1.38269,440828,425695,EA-Y,IV
20,434,1.81,1.0759,27079,376.03,500.91,GEV,240,1.2841,186.908,0.1466,Calder at Methley,Calder,930,53.72607,-1.38269,440828,425695,EA-Y,IV
30,469,1.95,1.0782,27079,404.65,543.58,GEV,240,1.2841,186.908,0.1466,Calder at Methley,Calder,930,53.72607,-1.38269,440828,425695,EA-Y,IV
50,514,2.14,1.0821,27079,440.35,599.97,GEV,240,1.2841,186.908,0.1466,Calder at Methley,Calder,930,53.72607,-1.38269,440828,425695,EA-Y,IV
75,552,2.3,1.086,27079,469.58,648.88,GEV,240,1.2841,186.908,0.1466,Calder at Methley,Calder,930,53.72607,-1.38269,440828,425695,EA-Y,IV
100,579,2.41,1.0892,27079,489.72,684.56,GEV,240,1.2841,186.908,0.1466,Calder at Methley,Calder,930,53.72607,-1.38269,440828,425695,EA-Y,IV
200,647,2.69,1.0982,27079,538.48,777.39,GEV,240,1.2841,186.908,0.1466,Calder at Methley,Calder,930,53.72607,-1.38269,440828,425695,EA-Y,IV
500,742,3.09,1.1128,27079,601.76,914.92,GEV,240,1.2841,186.908,0.1466,Calder at Methley,Calder,930,53.72607,-1.38269,440828,425695,EA-Y,IV
1000,819,3.41,1.1256,27079,649.49,1032.75,GEV,240,1.2841,186.908,0.1466,Calder at Methley,Calder,930,53.72607,-1.38269,440828,425695,EA-Y,IV
2,157,1,1.0745,27080,136.38,180.74,Gumbel,157,1.2442,126.186,0.1713,Aire at Oulton Lemonroyd,Aire,865,53.7485,-1.42267,438170,428169,EA-Y,C
5,202,1.29,1.0756,27080,175.11,233.02,Gumbel,157,1.2442,126.186,0.1713,Aire at Oulton Lemonroyd,Aire,865,53.7485,-1.42267,438170,428169,EA-Y,C
10,232,1.48,1.0774,27080,200.46,268.5,Gumbel,157,1.2442,126.186,0.1713,Aire at Oulton Lemonroyd,Aire,865,53.7485,-1.42267,438170,428169,EA-Y,C
20,260,1.66,1.0801,27080,223.55,302.39,Gumbel,157,1.2442,126.186,0.1713,Aire at Oulton Lemonroyd,Aire,865,53.7485,-1.42267,438170,428169,EA-Y,C
30,277,1.76,1.0823,27080,237.22,323.45,Gumbel,157,1.2442,126.186,0.1713,Aire at Oulton Lemonroyd,Aire,865,53.7485,-1.42267,438170,428169,EA-Y,C
50,297,1.89,1.0857,27080,252.79,348.94,Gumbel,157,1.2442,126.186,0.1713,Aire at Oulton Lemonroyd,Aire,865,53.7485,-1.42267,438170,428169,EA-Y,C
75,314,2,1.089,27080,265.68,371.11,Gumbel,157,1.2442,126.186,0.1713,Aire at Oulton Lemonroyd,Aire,865,53.7485,-1.42267,438170,428169,EA-Y,C
100,325,2.07,1.0916,27080,273.7,385.91,Gumbel,157,1.2442,126.186,0.1713,Aire at Oulton Lemonroyd,Aire,865,53.7485,-1.42267,438170,428169,EA-Y,C
200,353,2.25,1.0989,27080,293.42,424.67,Gumbel,157,1.2442,126.186,0.1713,Aire at Oulton Lemonroyd,Aire,865,53.7485,-1.42267,438170,428169,EA-Y,C
500,389,2.48,1.1108,27080,316.59,477.96,Gumbel,157,1.2442,126.186,0.1713,Aire at Oulton Lemonroyd,Aire,865,53.7485,-1.42267,438170,428169,EA-Y,C
1000,417,2.65,1.1213,27080,333.18,521.9,Gumbel,157,1.2442,126.186,0.1713,Aire at Oulton Lemonroyd,Aire,865,53.7485,-1.42267,438170,428169,EA-Y,C
2,2.54,1,1.1266,27081,2.01,3.21,GEV,2.54,1.7593,1.444,0.3075,Oulton Beck at Oulton Farrer Lane,Oulton Beck,25.1,53.74802,-1.4488,436447,428102,EA-Y,FV
5,3.68,1.45,1.1272,27081,2.91,4.65,GEV,2.54,1.7593,1.444,0.3075,Oulton Beck at Oulton Farrer Lane,Oulton Beck,25.1,53.74802,-1.4488,436447,428102,EA-Y,FV
10,4.47,1.76,1.1293,27081,3.52,5.67,GEV,2.54,1.7593,1.444,0.3075,Oulton Beck at Oulton Farrer Lane,Oulton Beck,25.1,53.74802,-1.4488,436447,428102,EA-Y,FV
20,5.26,2.07,1.1328,27081,4.12,6.72,GEV,2.54,1.7593,1.444,0.3075,Oulton Beck at Oulton Farrer Lane,Oulton Beck,25.1,53.74802,-1.4488,436447,428102,EA-Y,FV
30,5.72,2.25,1.1354,27081,4.46,7.34,GEV,2.54,1.7593,1.444,0.3075,Oulton Beck at Oulton Farrer Lane,Oulton Beck,25.1,53.74802,-1.4488,436447,428102,EA-Y,FV
50,6.33,2.49,1.1394,27081,4.9,8.18,GEV,2.54,1.7593,1.444,0.3075,Oulton Beck at Oulton Farrer Lane,Oulton Beck,25.1,53.74802,-1.4488,436447,428102,EA-Y,FV
75,6.81,2.68,1.1431,27081,5.24,8.85,GEV,2.54,1.7593,1.444,0.3075,Oulton Beck at Oulton Farrer Lane,Oulton Beck,25.1,53.74802,-1.4488,436447,428102,EA-Y,FV
100,7.16,2.82,1.146,27081,5.48,9.35,GEV,2.54,1.7593,1.444,0.3075,Oulton Beck at Oulton Farrer Lane,Oulton Beck,25.1,53.74802,-1.4488,436447,428102,EA-Y,FV
200,8.03,3.16,1.154,27081,6.06,10.63,GEV,2.54,1.7593,1.444,0.3075,Oulton Beck at Oulton Farrer Lane,Oulton Beck,25.1,53.74802,-1.4488,436447,428102,EA-Y,FV
500,9.23,3.63,1.1666,27081,6.82,12.48,GEV,2.54,1.7593,1.444,0.3075,Oulton Beck at Oulton Farrer Lane,Oulton Beck,25.1,53.74802,-1.4488,436447,428102,EA-Y,FV
1000,10.2,4,1.1776,27081,7.4,14.05,GEV,2.54,1.7593,1.444,0.3075,Oulton Beck at Oulton Farrer Lane,Oulton Beck,25.1,53.74802,-1.4488,436447,428102,EA-Y,FV
2,12.2,1,1.0756,27083,10.58,14.07,Kappa3,12.2,1.0862,11.231,0.0493,Foss at Huntington,Foss,118,53.98147,-1.06768,461239,454337,EA-Y,IV
5,16.8,1.37,1.0781,27083,14.5,19.47,Kappa3,12.2,1.0862,11.231,0.0493,Foss at Huntington,Foss,118,53.98147,-1.06768,461239,454337,EA-Y,IV
10,19.9,1.63,1.0812,27083,17.08,23.19,Kappa3,12.2,1.0862,11.231,0.0493,Foss at Huntington,Foss,118,53.98147,-1.06768,461239,454337,EA-Y,IV
20,23.1,1.89,1.0852,27083,19.68,27.12,Kappa3,12.2,1.0862,11.231,0.0493,Foss at Huntington,Foss,118,53.98147,-1.06768,461239,454337,EA-Y,IV
30,25,2.05,1.088,27083,21.19,29.49,Kappa3,12.2,1.0862,11.231,0.0493,Foss at Huntington,Foss,118,53.98147,-1.06768,461239,454337,EA-Y,IV
50,27.4,2.25,1.0921,27083,23.05,32.56,Kappa3,12.2,1.0862,11.231,0.0493,Foss at Huntington,Foss,118,53.98147,-1.06768,461239,454337,EA-Y,IV
75,29.5,2.42,1.0957,27083,24.66,35.29,Kappa3,12.2,1.0862,11.231,0.0493,Foss at Huntington,Foss,118,53.98147,-1.06768,461239,454337,EA-Y,IV
100,31,2.54,1.0984,27083,25.79,37.26,Kappa3,12.2,1.0862,11.231,0.0493,Foss at Huntington,Foss,118,53.98147,-1.06768,461239,454337,EA-Y,IV
200,34.7,2.84,1.1059,27083,28.49,42.27,Kappa3,12.2,1.0862,11.231,0.0493,Foss at Huntington,Foss,118,53.98147,-1.06768,461239,454337,EA-Y,IV
500,40,3.27,1.1172,27083,32.19,49.7,Kappa3,12.2,1.0862,11.231,0.0493,Foss at Huntington,Foss,118,53.98147,-1.06768,461239,454337,EA-Y,IV
1000,44.2,3.63,1.1268,27083,34.98,55.85,Kappa3,12.2,1.0862,11.231,0.0493,Foss at Huntington,Foss,118,53.98147,-1.06768,461239,454337,EA-Y,IV
2,29,1,1.104,27086,23.89,35.21,Gumbel,29,1.022,28.376,0.0165,Skell at Ripon Alma Weir,Skell,119.5,54.13342,-1.51834,431570,470949,EA-Y,FVUS
5,40.8,1.41,1.1078,27086,33.38,49.87,Gumbel,29,1.022,28.376,0.0165,Skell at Ripon Alma Weir,Skell,119.5,54.13342,-1.51834,431570,470949,EA-Y,FVUS
10,48.6,1.68,1.1115,27086,39.51,59.79,Gumbel,29,1.022,28.376,0.0165,Skell at Ripon Alma Weir,Skell,119.5,54.13342,-1.51834,431570,470949,EA-Y,FVUS
20,56.1,1.94,1.1162,27086,45.23,69.59,Gumbel,29,1.022,28.376,0.0165,Skell at Ripon Alma Weir,Skell,119.5,54.13342,-1.51834,431570,470949,EA-Y,FVUS
30,60.4,2.08,1.1195,27086,48.41,75.36,Gumbel,29,1.022,28.376,0.0165,Skell at Ripon Alma Weir,Skell,119.5,54.13342,-1.51834,431570,470949,EA-Y,FVUS
50,65.8,2.27,1.1244,27086,52.29,82.8,Gumbel,29,1.022,28.376,0.0165,Skell at Ripon Alma Weir,Skell,119.5,54.13342,-1.51834,431570,470949,EA-Y,FVUS
75,70.1,2.42,1.1288,27086,55.28,88.89,Gumbel,29,1.022,28.376,0.0165,Skell at Ripon Alma Weir,Skell,119.5,54.13342,-1.51834,431570,470949,EA-Y,FVUS
100,73.1,2.52,1.1322,27086,57.31,93.24,Gumbel,29,1.022,28.376,0.0165,Skell at Ripon Alma Weir,Skell,119.5,54.13342,-1.51834,431570,470949,EA-Y,FVUS
200,80.4,2.77,1.1415,27086,62.03,104.21,Gumbel,29,1.022,28.376,0.0165,Skell at Ripon Alma Weir,Skell,119.5,54.13342,-1.51834,431570,470949,EA-Y,FVUS
500,89.9,3.1,1.156,27086,67.66,119.44,Gumbel,29,1.022,28.376,0.0165,Skell at Ripon Alma Weir,Skell,119.5,54.13342,-1.51834,431570,470949,EA-Y,FVUS
1000,97.2,3.35,1.1686,27086,71.62,131.91,Gumbel,29,1.022,28.376,0.0165,Skell at Ripon Alma Weir,Skell,119.5,54.13342,-1.51834,431570,470949,EA-Y,FVUS
2,81.5,1,1.0538,27088,73.54,90.32,Kappa3,81.5,1.0245,79.55,0.0212,Calder at Mytholmroyd,Calder,141.87,53.73084,-1.9839,401160,426050,EA-Y,IV
5,106,1.31,1.0552,27088,95.4,117.77,Kappa3,81.5,1.0245,79.55,0.0212,Calder at Mytholmroyd,Calder,141.87,53.73084,-1.9839,401160,426050,EA-Y,IV
10,125,1.54,1.0578,27088,111.96,139.55,Kappa3,81.5,1.0245,79.55,0.0212,Calder at Mytholmroyd,Calder,141.87,53.73084,-1.9839,401160,426050,EA-Y,IV
20,145,1.78,1.0619,27088,128.9,163.11,Kappa3,81.5,1.0245,79.55,0.0212,Calder at Mytholmroyd,Calder,141.87,53.73084,-1.9839,401160,426050,EA-Y,IV
30,158,1.94,1.0649,27088,139.68,178.72,Kappa3,81.5,1.0245,79.55,0.0212,Calder at Mytholmroyd,Calder,141.87,53.73084,-1.9839,401160,426050,EA-Y,IV
50,175,2.15,1.0695,27088,153.41,199.63,Kappa3,81.5,1.0245,79.55,0.0212,Calder at Mytholmroyd,Calder,141.87,53.73084,-1.9839,401160,426050,EA-Y,IV
75,190,2.33,1.0738,27088,165.25,218.46,Kappa3,81.5,1.0245,79.55,0.0212,Calder at Mytholmroyd,Calder,141.87,53.73084,-1.9839,401160,426050,EA-Y,IV
100,201,2.46,1.0772,27088,173.74,232.54,Kappa3,81.5,1.0245,79.55,0.0212,Calder at Mytholmroyd,Calder,141.87,53.73084,-1.9839,401160,426050,EA-Y,IV
200,229,2.81,1.0862,27088,194.74,269.29,Kappa3,81.5,1.0245,79.55,0.0212,Calder at Mytholmroyd,Calder,141.87,53.73084,-1.9839,401160,426050,EA-Y,IV
500,273,3.35,1.1003,27088,226.36,329.25,Kappa3,81.5,1.0245,79.55,0.0212,Calder at Mytholmroyd,Calder,141.87,53.73084,-1.9839,401160,426050,EA-Y,IV
1000,311,3.81,1.1123,27088,252.44,383.14,Kappa3,81.5,1.0245,79.55,0.0212,Calder at Mytholmroyd,Calder,141.87,53.73084,-1.9839,401160,426050,EA-Y,IV
2,215,1,1.1203,27089,172.09,268.62,Gumbel,215,1.0285,209.041,0.0215,Wharfe at Tadcaster,Wharfe,818,53.89092,-1.27561,447706,444103,EA-Y,US
5,286,1.33,1.1216,27089,228.39,358.14,Gumbel,215,1.0285,209.041,0.0215,Wharfe at Tadcaster,Wharfe,818,53.89092,-1.27561,447706,444103,EA-Y,US
10,333,1.55,1.1234,27089,265.09,418.3,Gumbel,215,1.0285,209.041,0.0215,Wharfe at Tadcaster,Wharfe,818,53.89092,-1.27561,447706,444103,EA-Y,US
20,378,1.76,1.1263,27089,299.4,477.24,Gumbel,215,1.0285,209.041,0.0215,Wharfe at Tadcaster,Wharfe,818,53.89092,-1.27561,447706,444103,EA-Y,US
30,404,1.88,1.1285,27089,318.77,512.02,Gumbel,215,1.0285,209.041,0.0215,Wharfe at Tadcaster,Wharfe,818,53.89092,-1.27561,447706,444103,EA-Y,US
50,436,2.03,1.132,27089,341.94,555.94,Gumbel,215,1.0285,209.041,0.0215,Wharfe at Tadcaster,Wharfe,818,53.89092,-1.27561,447706,444103,EA-Y,US
75,461,2.15,1.1353,27089,359.49,591.18,Gumbel,215,1.0285,209.041,0.0215,Wharfe at Tadcaster,Wharfe,818,53.89092,-1.27561,447706,444103,EA-Y,US
100,480,2.23,1.138,27089,372.57,618.42,Gumbel,215,1.0285,209.041,0.0215,Wharfe at Tadcaster,Wharfe,818,53.89092,-1.27561,447706,444103,EA-Y,US
200,523,2.43,1.1457,27089,400.61,682.78,Gumbel,215,1.0285,209.041,0.0215,Wharfe at Tadcaster,Wharfe,818,53.89092,-1.27561,447706,444103,EA-Y,US
500,580,2.7,1.1583,27089,434.85,773.6,Gumbel,215,1.0285,209.041,0.0215,Wharfe at Tadcaster,Wharfe,818,53.89092,-1.27561,447706,444103,EA-Y,US
1000,624,2.9,1.1697,27089,458.94,848.42,Gumbel,215,1.0285,209.041,0.0215,Wharfe at Tadcaster,Wharfe,818,53.89092,-1.27561,447706,444103,EA-Y,US
2,308,1,1.0693,27090,270.09,351.23,GEV,308,1.0097,305.035,0.0081,Swale at Catterick Bridge,Swale,499.4,54.38882,-1.65321,422618,499315,EA-Y,USVA
5,396,1.29,1.0721,27090,345.49,453.9,GEV,308,1.0097,305.035,0.0081,Swale at Catterick Bridge,Swale,499.4,54.38882,-1.65321,422618,499315,EA-Y,USVA
10,453,1.47,1.0749,27090,393.2,521.89,GEV,308,1.0097,305.035,0.0081,Swale at Catterick Bridge,Swale,499.4,54.38882,-1.65321,422618,499315,EA-Y,USVA
20,507,1.65,1.0785,27090,437.2,587.94,GEV,308,1.0097,305.035,0.0081,Swale at Catterick Bridge,Swale,499.4,54.38882,-1.65321,422618,499315,EA-Y,USVA
30,537,1.74,1.0811,27090,460.89,625.68,GEV,308,1.0097,305.035,0.0081,Swale at Catterick Bridge,Swale,499.4,54.38882,-1.65321,422618,499315,EA-Y,USVA
50,575,1.87,1.0848,27090,490.21,674.46,GEV,308,1.0097,305.035,0.0081,Swale at Catterick Bridge,Swale,499.4,54.38882,-1.65321,422618,499315,EA-Y,USVA
75,604,1.96,1.0882,27090,511.79,712.83,GEV,308,1.0097,305.035,0.0081,Swale at Catterick Bridge,Swale,499.4,54.38882,-1.65321,422618,499315,EA-Y,USVA
100,624,2.03,1.0909,27090,526.17,740.02,GEV,308,1.0097,305.035,0.0081,Swale at Catterick Bridge,Swale,499.4,54.38882,-1.65321,422618,499315,EA-Y,USVA
200,673,2.19,1.0981,27090,560.22,808.49,GEV,308,1.0097,305.035,0.0081,Swale at Catterick Bridge,Swale,499.4,54.38882,-1.65321,422618,499315,EA-Y,USVA
500,736,2.39,1.1093,27090,600.6,901.93,GEV,308,1.0097,305.035,0.0081,Swale at Catterick Bridge,Swale,499.4,54.38882,-1.65321,422618,499315,EA-Y,USVA
1000,782,2.54,1.119,27090,627.34,974.8,GEV,308,1.0097,305.035,0.0081,Swale at Catterick Bridge,Swale,499.4,54.38882,-1.65321,422618,499315,EA-Y,USVA
2,136,1,1.0711,27092,118.87,155.6,Gumbel,136,1.0042,135.429,0.0038,Esk at Briggswath,Esk,325.4,54.46211,-0.65449,487316,508248,EA-Y,US
5,187,1.38,1.0733,27092,162.79,214.81,Gumbel,136,1.0042,135.429,0.0038,Esk at Briggswath,Esk,325.4,54.46211,-0.65449,487316,508248,EA-Y,US
10,221,1.63,1.0763,27092,191.34,255.26,Gumbel,136,1.0042,135.429,0.0038,Esk at Briggswath,Esk,325.4,54.46211,-0.65449,487316,508248,EA-Y,US
20,254,1.87,1.0803,27092,218.32,295.52,Gumbel,136,1.0042,135.429,0.0038,Esk at Briggswath,Esk,325.4,54.46211,-0.65449,487316,508248,EA-Y,US
30,272,2,1.0831,27092,232.6,318.07,Gumbel,136,1.0042,135.429,0.0038,Esk at Briggswath,Esk,325.4,54.46211,-0.65449,487316,508248,EA-Y,US
50,296,2.17,1.0871,27092,251.31,348.64,Gumbel,136,1.0042,135.429,0.0038,Esk at Briggswath,Esk,325.4,54.46211,-0.65449,487316,508248,EA-Y,US
75,314,2.31,1.0906,27092,264.91,372.18,Gumbel,136,1.0042,135.429,0.0038,Esk at Briggswath,Esk,325.4,54.46211,-0.65449,487316,508248,EA-Y,US
100,327,2.41,1.0934,27092,274.5,389.54,Gumbel,136,1.0042,135.429,0.0038,Esk at Briggswath,Esk,325.4,54.46211,-0.65449,487316,508248,EA-Y,US
200,359,2.64,1.1007,27092,297.46,433.28,Gumbel,136,1.0042,135.429,0.0038,Esk at Briggswath,Esk,325.4,54.46211,-0.65449,487316,508248,EA-Y,US
500,400,2.94,1.1118,27092,324.97,492.35,Gumbel,136,1.0042,135.429,0.0038,Esk at Briggswath,Esk,325.4,54.46211,-0.65449,487316,508248,EA-Y,US
1000,432,3.17,1.1213,27092,345.17,540.68,Gumbel,136,1.0042,135.429,0.0038,Esk at Briggswath,Esk,325.4,54.46211,-0.65449,487316,508248,EA-Y,US
2,7.73,1,1.1363,27095,6.02,9.93,Kappa3,7.73,1.0185,7.589,0.0074,Pickering Beck at Pickering,Pickering Beck,66.2,54.24585,-0.77897,479664,484039,EA-Y,VA
5,11.4,1.48,1.1389,27095,8.83,14.71,Kappa3,7.73,1.0185,7.589,0.0074,Pickering Beck at Pickering,Pickering Beck,66.2,54.24585,-0.77897,479664,484039,EA-Y,VA
10,14.1,1.83,1.1417,27095,10.87,18.28,Kappa3,7.73,1.0185,7.589,0.0074,Pickering Beck at Pickering,Pickering Beck,66.2,54.24585,-0.77897,479664,484039,EA-Y,VA
20,17,2.2,1.1455,27095,13.03,22.19,Kappa3,7.73,1.0185,7.589,0.0074,Pickering Beck at Pickering,Pickering Beck,66.2,54.24585,-0.77897,479664,484039,EA-Y,VA
30,18.9,2.44,1.1484,27095,14.41,24.79,Kappa3,7.73,1.0185,7.589,0.0074,Pickering Beck at Pickering,Pickering Beck,66.2,54.24585,-0.77897,479664,484039,EA-Y,VA
50,21.3,2.76,1.1527,27095,16.12,28.14,Kappa3,7.73,1.0185,7.589,0.0074,Pickering Beck at Pickering,Pickering Beck,66.2,54.24585,-0.77897,479664,484039,EA-Y,VA
75,23.4,3.02,1.1568,27095,17.59,31.13,Kappa3,7.73,1.0185,7.589,0.0074,Pickering Beck at Pickering,Pickering Beck,66.2,54.24585,-0.77897,479664,484039,EA-Y,VA
100,24.9,3.23,1.16,27095,18.61,33.31,Kappa3,7.73,1.0185,7.589,0.0074,Pickering Beck at Pickering,Pickering Beck,66.2,54.24585,-0.77897,479664,484039,EA-Y,VA
200,29,3.75,1.1689,27095,21.36,39.38,Kappa3,7.73,1.0185,7.589,0.0074,Pickering Beck at Pickering,Pickering Beck,66.2,54.24585,-0.77897,479664,484039,EA-Y,VA
500,35,4.53,1.1832,27095,25.17,48.67,Kappa3,7.73,1.0185,7.589,0.0074,Pickering Beck at Pickering,Pickering Beck,66.2,54.24585,-0.77897,479664,484039,EA-Y,VA
1000,40.3,5.21,1.1958,27095,28.39,57.22,Kappa3,7.73,1.0185,7.589,0.0074,Pickering Beck at Pickering,Pickering Beck,66.2,54.24585,-0.77897,479664,484039,EA-Y,VA
2,216,1,1.101,27096,178.88,260.83,Kappa3,216,1.0012,215.743,0.001,Wharfe at Netherside Hall,Wharfe,215.18,54.08065,-2.02349,398561,464970,EA-Y,USVA
5,276,1.28,1.1005,27096,228.77,332.99,Kappa3,216,1.0012,215.743,0.001,Wharfe at Netherside Hall,Wharfe,215.18,54.08065,-2.02349,398561,464970,EA-Y,USVA
10,318,1.47,1.1005,27096,263.58,383.66,Kappa3,216,1.0012,215.743,0.001,Wharfe at Netherside Hall,Wharfe,215.18,54.08065,-2.02349,398561,464970,EA-Y,USVA
20,362,1.68,1.1009,27096,299.84,437.05,Kappa3,216,1.0012,215.743,0.001,Wharfe at Netherside Hall,Wharfe,215.18,54.08065,-2.02349,398561,464970,EA-Y,USVA
30,389,1.8,1.1014,27096,321.91,470.07,Kappa3,216,1.0012,215.743,0.001,Wharfe at Netherside Hall,Wharfe,215.18,54.08065,-2.02349,398561,464970,EA-Y,USVA
50,424,1.96,1.1024,27096,350.25,513.28,Kappa3,216,1.0012,215.743,0.001,Wharfe at Netherside Hall,Wharfe,215.18,54.08065,-2.02349,398561,464970,EA-Y,USVA
75,453,2.1,1.1034,27096,373.54,549.36,Kappa3,216,1.0012,215.743,0.001,Wharfe at Netherside Hall,Wharfe,215.18,54.08065,-2.02349,398561,464970,EA-Y,USVA
100,475,2.2,1.1044,27096,390.99,577.06,Kappa3,216,1.0012,215.743,0.001,Wharfe at Netherside Hall,Wharfe,215.18,54.08065,-2.02349,398561,464970,EA-Y,USVA
200,530,2.45,1.1074,27096,433.95,647.31,Kappa3,216,1.0012,215.743,0.001,Wharfe at Netherside Hall,Wharfe,215.18,54.08065,-2.02349,398561,464970,EA-Y,USVA
500,609,2.82,1.1129,27096,493.81,751.05,Kappa3,216,1.0012,215.743,0.001,Wharfe at Netherside Hall,Wharfe,215.18,54.08065,-2.02349,398561,464970,EA-Y,USVA
1000,675,3.13,1.1184,27096,542.07,840.53,Kappa3,216,1.0012,215.743,0.001,Wharfe at Netherside Hall,Wharfe,215.18,54.08065,-2.02349,398561,464970,EA-Y,USVA
2,266,1,1.0702,27098,232.88,303.83,GEV,266,1.22,218.027,0.1201,Calder at Dewsbury,Calder,697,53.68882,-1.63441,424241,421436,EA-Y,USVA
5,357,1.34,1.0723,27098,311.35,409.34,GEV,266,1.22,218.027,0.1201,Calder at Dewsbury,Calder,697,53.68882,-1.63441,424241,421436,EA-Y,USVA
10,424,1.6,1.0751,27098,367.9,488.66,GEV,266,1.22,218.027,0.1201,Calder at Dewsbury,Calder,697,53.68882,-1.63441,424241,421436,EA-Y,USVA
20,496,1.86,1.0792,27098,427.17,575.92,GEV,266,1.22,218.027,0.1201,Calder at Dewsbury,Calder,697,53.68882,-1.63441,424241,421436,EA-Y,USVA
30,540,2.03,1.0823,27098,462.46,630.54,GEV,266,1.22,218.027,0.1201,Calder at Dewsbury,Calder,697,53.68882,-1.63441,424241,421436,EA-Y,USVA
50,598,2.25,1.087,27098,507.8,704.22,GEV,266,1.22,218.027,0.1201,Calder at Dewsbury,Calder,697,53.68882,-1.63441,424241,421436,EA-Y,USVA
75,647,2.43,1.0913,27098,545.17,767.85,GEV,266,1.22,218.027,0.1201,Calder at Dewsbury,Calder,697,53.68882,-1.63441,424241,421436,EA-Y,USVA
100,683,2.57,1.0947,27098,572.01,815.53,GEV,266,1.22,218.027,0.1201,Calder at Dewsbury,Calder,697,53.68882,-1.63441,424241,421436,EA-Y,USVA
200,775,2.91,1.1039,27098,638.5,940.68,GEV,266,1.22,218.027,0.1201,Calder at Dewsbury,Calder,697,53.68882,-1.63441,424241,421436,EA-Y,USVA
500,910,3.42,1.1184,27098,730.79,1133.16,GEV,266,1.22,218.027,0.1201,Calder at Dewsbury,Calder,697,53.68882,-1.63441,424241,421436,EA-Y,USVA
1000,1020,3.85,1.131,27098,801.33,1298.34,GEV,266,1.22,218.027,0.1201,Calder at Dewsbury,Calder,697,53.68882,-1.63441,424241,421436,EA-Y,USVA
2,68.6,1,1.1168,27099,55.24,85.18,GEV,68.6,1.0241,66.984,0.0115,Derwent at Malton A64 Road Bridge,Derwent,1360.1,54.14732,-0.75835,481200,473100,EA-Y,US
5,88.5,1.29,1.1168,27099,71.27,109.89,GEV,68.6,1.0241,66.984,0.0115,Derwent at Malton A64 Road Bridge,Derwent,1360.1,54.14732,-0.75835,481200,473100,EA-Y,US
10,102,1.48,1.1176,27099,82.03,126.84,GEV,68.6,1.0241,66.984,0.0115,Derwent at Malton A64 Road Bridge,Derwent,1360.1,54.14732,-0.75835,481200,473100,EA-Y,US
20,115,1.67,1.1192,27099,92.22,143.4,GEV,68.6,1.0241,66.984,0.0115,Derwent at Malton A64 Road Bridge,Derwent,1360.1,54.14732,-0.75835,481200,473100,EA-Y,US
30,122,1.78,1.1205,27099,97.61,152.48,GEV,68.6,1.0241,66.984,0.0115,Derwent at Malton A64 Road Bridge,Derwent,1360.1,54.14732,-0.75835,481200,473100,EA-Y,US
50,131,1.92,1.1228,27099,104.39,164.39,GEV,68.6,1.0241,66.984,0.0115,Derwent at Malton A64 Road Bridge,Derwent,1360.1,54.14732,-0.75835,481200,473100,EA-Y,US
75,139,2.02,1.125,27099,110.35,175.09,GEV,68.6,1.0241,66.984,0.0115,Derwent at Malton A64 Road Bridge,Derwent,1360.1,54.14732,-0.75835,481200,473100,EA-Y,US
100,144,2.1,1.1269,27099,113.94,181.99,GEV,68.6,1.0241,66.984,0.0115,Derwent at Malton A64 Road Bridge,Derwent,1360.1,54.14732,-0.75835,481200,473100,EA-Y,US
200,157,2.29,1.1322,27099,123.09,200.26,GEV,68.6,1.0241,66.984,0.0115,Derwent at Malton A64 Road Bridge,Derwent,1360.1,54.14732,-0.75835,481200,473100,EA-Y,US
500,174,2.53,1.1413,27099,134.29,225.45,GEV,68.6,1.0241,66.984,0.0115,Derwent at Malton A64 Road Bridge,Derwent,1360.1,54.14732,-0.75835,481200,473100,EA-Y,US
1000,187,2.72,1.1498,27099,142.24,245.84,GEV,68.6,1.0241,66.984,0.0115,Derwent at Malton A64 Road Bridge,Derwent,1360.1,54.14732,-0.75835,481200,473100,EA-Y,US
2,82.6,1,1.0353,28003,77.17,88.41,Kappa3,82.6,2.4821,33.278,0.5941,Tame at Water Orton,Tame,408,52.52076,-1.75177,416940,291460,EA-WM,C
5,101,1.23,1.0377,28003,93.93,108.6,Kappa3,82.6,2.4821,33.278,0.5941,Tame at Water Orton,Tame,408,52.52076,-1.75177,416940,291460,EA-WM,C
10,115,1.39,1.0417,28003,106.15,124.59,Kappa3,82.6,2.4821,33.278,0.5941,Tame at Water Orton,Tame,408,52.52076,-1.75177,416940,291460,EA-WM,C
20,129,1.56,1.0474,28003,117.81,141.26,Kappa3,82.6,2.4821,33.278,0.5941,Tame at Water Orton,Tame,408,52.52076,-1.75177,416940,291460,EA-WM,C
30,138,1.67,1.0514,28003,125.09,152.25,Kappa3,82.6,2.4821,33.278,0.5941,Tame at Water Orton,Tame,408,52.52076,-1.75177,416940,291460,EA-WM,C
50,150,1.81,1.0572,28003,134.51,167.28,Kappa3,82.6,2.4821,33.278,0.5941,Tame at Water Orton,Tame,408,52.52076,-1.75177,416940,291460,EA-WM,C
75,160,1.93,1.0623,28003,142.13,180.12,Kappa3,82.6,2.4821,33.278,0.5941,Tame at Water Orton,Tame,408,52.52076,-1.75177,416940,291460,EA-WM,C
100,167,2.02,1.0663,28003,147.26,189.39,Kappa3,82.6,2.4821,33.278,0.5941,Tame at Water Orton,Tame,408,52.52076,-1.75177,416940,291460,EA-WM,C
200,186,2.25,1.0765,28003,160.98,214.91,Kappa3,82.6,2.4821,33.278,0.5941,Tame at Water Orton,Tame,408,52.52076,-1.75177,416940,291460,EA-WM,C
500,214,2.59,1.0918,28003,180.16,254.2,Kappa3,82.6,2.4821,33.278,0.5941,Tame at Water Orton,Tame,408,52.52076,-1.75177,416940,291460,EA-WM,C
1000,238,2.88,1.1044,28003,195.91,289.14,Kappa3,82.6,2.4821,33.278,0.5941,Tame at Water Orton,Tame,408,52.52076,-1.75177,416940,291460,EA-WM,C
2,257,1,1.1103,28007,209.35,315.5,GEV,257,1.2443,206.538,0.1358,Trent at Shardlow,Trent,4400,52.86527,-1.33597,444800,329960,EA-EM,IV
5,331,1.29,1.1106,28007,269.49,406.56,GEV,257,1.2443,206.538,0.1358,Trent at Shardlow,Trent,4400,52.86527,-1.33597,444800,329960,EA-EM,IV
10,379,1.48,1.1122,28007,307.7,466.83,GEV,257,1.2443,206.538,0.1358,Trent at Shardlow,Trent,4400,52.86527,-1.33597,444800,329960,EA-EM,IV
20,425,1.65,1.1149,28007,343.4,525.98,GEV,257,1.2443,206.538,0.1358,Trent at Shardlow,Trent,4400,52.86527,-1.33597,444800,329960,EA-EM,IV
30,451,1.76,1.1172,28007,362.94,560.42,GEV,257,1.2443,206.538,0.1358,Trent at Shardlow,Trent,4400,52.86527,-1.33597,444800,329960,EA-EM,IV
50,484,1.88,1.1208,28007,387.05,605.23,GEV,257,1.2443,206.538,0.1358,Trent at Shardlow,Trent,4400,52.86527,-1.33597,444800,329960,EA-EM,IV
75,509,1.98,1.1242,28007,404.64,640.28,GEV,257,1.2443,206.538,0.1358,Trent at Shardlow,Trent,4400,52.86527,-1.33597,444800,329960,EA-EM,IV
100,527,2.05,1.127,28007,416.91,666.16,GEV,257,1.2443,206.538,0.1358,Trent at Shardlow,Trent,4400,52.86527,-1.33597,444800,329960,EA-EM,IV
200,570,2.22,1.1347,28007,444.95,730.2,GEV,257,1.2443,206.538,0.1358,Trent at Shardlow,Trent,4400,52.86527,-1.33597,444800,329960,EA-EM,IV
500,626,2.44,1.1475,28007,478.03,819.77,GEV,257,1.2443,206.538,0.1358,Trent at Shardlow,Trent,4400,52.86527,-1.33597,444800,329960,EA-EM,IV
1000,668,2.6,1.1588,28007,500.4,891.73,GEV,257,1.2443,206.538,0.1358,Trent at Shardlow,Trent,4400,52.86527,-1.33597,444800,329960,EA-EM,IV
2,443,1,1.055,28009,398.87,492.02,GEV,443,1.2087,366.51,0.1214,Trent at Colwick,Trent,7486,52.95344,-1.07846,462010,339960,EA-EM,VA
5,564,1.27,1.0578,28009,505.18,629.67,GEV,443,1.2087,366.51,0.1214,Trent at Colwick,Trent,7486,52.95344,-1.07846,462010,339960,EA-EM,VA
10,643,1.45,1.0616,28009,571.91,722.93,GEV,443,1.2087,366.51,0.1214,Trent at Colwick,Trent,7486,52.95344,-1.07846,462010,339960,EA-EM,VA
20,719,1.62,1.0669,28009,633.3,816.3,GEV,443,1.2087,366.51,0.1214,Trent at Colwick,Trent,7486,52.95344,-1.07846,462010,339960,EA-EM,VA
30,763,1.72,1.0707,28009,667.38,872.32,GEV,443,1.2087,366.51,0.1214,Trent at Colwick,Trent,7486,52.95344,-1.07846,462010,339960,EA-EM,VA
50,817,1.84,1.0762,28009,707.48,943.48,GEV,443,1.2087,366.51,0.1214,Trent at Colwick,Trent,7486,52.95344,-1.07846,462010,339960,EA-EM,VA
75,860,1.94,1.0812,28009,737.98,1002.2,GEV,443,1.2087,366.51,0.1214,Trent at Colwick,Trent,7486,52.95344,-1.07846,462010,339960,EA-EM,VA
100,890,2.01,1.085,28009,758.49,1044.32,GEV,443,1.2087,366.51,0.1214,Trent at Colwick,Trent,7486,52.95344,-1.07846,462010,339960,EA-EM,VA
200,963,2.17,1.0951,28009,805.93,1150.68,GEV,443,1.2087,366.51,0.1214,Trent at Colwick,Trent,7486,52.95344,-1.07846,462010,339960,EA-EM,VA
500,1060,2.39,1.1105,28009,863.16,1301.73,GEV,443,1.2087,366.51,0.1214,Trent at Colwick,Trent,7486,52.95344,-1.07846,462010,339960,EA-EM,VA
1000,1130,2.55,1.1235,28009,899.4,1419.72,GEV,443,1.2087,366.51,0.1214,Trent at Colwick,Trent,7486,52.95344,-1.07846,462010,339960,EA-EM,VA
2,10.2,1,1.0677,28015,8.97,11.6,GenLog,10.2,1.2844,7.941,0.0812,Idle at Mattersey,Idle,529,53.39801,-0.9636,469010,389520,EA-EM,IV
5,13.8,1.36,1.0708,28015,12.07,15.78,GenLog,10.2,1.2844,7.941,0.0812,Idle at Mattersey,Idle,529,53.39801,-0.9636,469010,389520,EA-EM,IV
10,16.4,1.61,1.0744,28015,14.25,18.88,GenLog,10.2,1.2844,7.941,0.0812,Idle at Mattersey,Idle,529,53.39801,-0.9636,469010,389520,EA-EM,IV
20,19,1.87,1.079,28015,16.37,22.05,GenLog,10.2,1.2844,7.941,0.0812,Idle at Mattersey,Idle,529,53.39801,-0.9636,469010,389520,EA-EM,IV
30,20.7,2.03,1.0823,28015,17.73,24.17,GenLog,10.2,1.2844,7.941,0.0812,Idle at Mattersey,Idle,529,53.39801,-0.9636,469010,389520,EA-EM,IV
50,22.9,2.24,1.087,28015,19.45,26.97,GenLog,10.2,1.2844,7.941,0.0812,Idle at Mattersey,Idle,529,53.39801,-0.9636,469010,389520,EA-EM,IV
75,24.8,2.43,1.0912,28015,20.9,29.43,GenLog,10.2,1.2844,7.941,0.0812,Idle at Mattersey,Idle,529,53.39801,-0.9636,469010,389520,EA-EM,IV
100,26.2,2.56,1.0944,28015,21.95,31.27,GenLog,10.2,1.2844,7.941,0.0812,Idle at Mattersey,Idle,529,53.39801,-0.9636,469010,389520,EA-EM,IV
200,29.8,2.92,1.103,28015,24.59,36.11,GenLog,10.2,1.2844,7.941,0.0812,Idle at Mattersey,Idle,529,53.39801,-0.9636,469010,389520,EA-EM,IV
500,35.2,3.45,1.1162,28015,28.38,43.66,GenLog,10.2,1.2844,7.941,0.0812,Idle at Mattersey,Idle,529,53.39801,-0.9636,469010,389520,EA-EM,IV
1000,39.9,3.91,1.1273,28015,31.55,50.46,GenLog,10.2,1.2844,7.941,0.0812,Idle at Mattersey,Idle,529,53.39801,-0.9636,469010,389520,EA-EM,IV
2,113,1,1.0585,28018,101.08,126.32,GEV,113,1.038,108.859,0.0227,Dove at Marston on Dove,Dove,883.2,52.85653,-1.64888,423740,328840,EA-WM,FVVA
5,153,1.35,1.06,28018,136.49,171.51,GEV,113,1.038,108.859,0.0227,Dove at Marston on Dove,Dove,883.2,52.85653,-1.64888,423740,328840,EA-WM,FVVA
10,181,1.6,1.0623,28018,160.78,203.76,GEV,113,1.038,108.859,0.0227,Dove at Marston on Dove,Dove,883.2,52.85653,-1.64888,423740,328840,EA-WM,FVVA
20,209,1.85,1.0658,28018,184.46,236.8,GEV,113,1.038,108.859,0.0227,Dove at Marston on Dove,Dove,883.2,52.85653,-1.64888,423740,328840,EA-WM,FVVA
30,225,1.99,1.0684,28018,197.64,256.15,GEV,113,1.038,108.859,0.0227,Dove at Marston on Dove,Dove,883.2,52.85653,-1.64888,423740,328840,EA-WM,FVVA
50,247,2.18,1.0724,28018,215.38,283.27,GEV,113,1.038,108.859,0.0227,Dove at Marston on Dove,Dove,883.2,52.85653,-1.64888,423740,328840,EA-WM,FVVA
75,264,2.33,1.076,28018,228.69,304.76,GEV,113,1.038,108.859,0.0227,Dove at Marston on Dove,Dove,883.2,52.85653,-1.64888,423740,328840,EA-WM,FVVA
100,276,2.44,1.0789,28018,237.83,320.3,GEV,113,1.038,108.859,0.0227,Dove at Marston on Dove,Dove,883.2,52.85653,-1.64888,423740,328840,EA-WM,FVVA
200,307,2.72,1.0867,28018,260.83,361.34,GEV,113,1.038,108.859,0.0227,Dove at Marston on Dove,Dove,883.2,52.85653,-1.64888,423740,328840,EA-WM,FVVA
500,350,3.09,1.0987,28018,291.03,420.91,GEV,113,1.038,108.859,0.0227,Dove at Marston on Dove,Dove,883.2,52.85653,-1.64888,423740,328840,EA-WM,FVVA
1000,383,3.39,1.1091,28018,312.65,469.18,GEV,113,1.038,108.859,0.0227,Dove at Marston on Dove,Dove,883.2,52.85653,-1.64888,423740,328840,EA-WM,FVVA
2,174,1,1.0432,28019,160.16,189.04,GEV,174,1.3215,131.671,0.1754,Trent at Drakelow Park,Trent,3072,52.78057,-1.64697,423910,320390,EA-WM,VA
5,221,1.27,1.0459,28019,202.39,241.32,GEV,174,1.3215,131.671,0.1754,Trent at Drakelow Park,Trent,3072,52.78057,-1.64697,423910,320390,EA-WM,VA
10,253,1.45,1.0503,28019,229.8,278.54,GEV,174,1.3215,131.671,0.1754,Trent at Drakelow Park,Trent,3072,52.78057,-1.64697,423910,320390,EA-WM,VA
20,283,1.63,1.0564,28019,254.15,315.13,GEV,174,1.3215,131.671,0.1754,Trent at Drakelow Park,Trent,3072,52.78057,-1.64697,423910,320390,EA-WM,VA
30,301,1.73,1.0607,28019,268.17,337.85,GEV,174,1.3215,131.671,0.1754,Trent at Drakelow Park,Trent,3072,52.78057,-1.64697,423910,320390,EA-WM,VA
50,323,1.86,1.067,28019,284.45,366.78,GEV,174,1.3215,131.671,0.1754,Trent at Drakelow Park,Trent,3072,52.78057,-1.64697,423910,320390,EA-WM,VA
75,341,1.96,1.0725,28019,297.29,391.14,GEV,174,1.3215,131.671,0.1754,Trent at Drakelow Park,Trent,3072,52.78057,-1.64697,423910,320390,EA-WM,VA
100,353,2.03,1.0768,28019,305.34,408.09,GEV,174,1.3215,131.671,0.1754,Trent at Drakelow Park,Trent,3072,52.78057,-1.64697,423910,320390,EA-WM,VA
200,383,2.2,1.0879,28019,324.7,451.77,GEV,174,1.3215,131.671,0.1754,Trent at Drakelow Park,Trent,3072,52.78057,-1.64697,423910,320390,EA-WM,VA
500,422,2.43,1.1044,28019,347.36,512.67,GEV,174,1.3215,131.671,0.1754,Trent at Drakelow Park,Trent,3072,52.78057,-1.64697,423910,320390,EA-WM,VA
1000,452,2.6,1.1182,28019,363.11,562.65,GEV,174,1.3215,131.671,0.1754,Trent at Drakelow Park,Trent,3072,52.78057,-1.64697,423910,320390,EA-WM,VA
2,427,1,1.0299,28022,403.04,452.38,Gumbel,427,1.1964,356.893,0.1153,Trent at North Muskham,Trent,8231,53.13614,-0.79921,480430,360560,EA-EM,USVA
5,532,1.25,1.0318,28022,500.34,565.66,Gumbel,427,1.1964,356.893,0.1153,Trent at North Muskham,Trent,8231,53.13614,-0.79921,480430,360560,EA-EM,USVA
10,602,1.41,1.0355,28022,562.21,644.6,Gumbel,427,1.1964,356.893,0.1153,Trent at North Muskham,Trent,8231,53.13614,-0.79921,480430,360560,EA-EM,USVA
20,669,1.57,1.041,28022,618.33,723.82,Gumbel,427,1.1964,356.893,0.1153,Trent at North Muskham,Trent,8231,53.13614,-0.79921,480430,360560,EA-EM,USVA
30,707,1.66,1.0449,28022,648.68,770.56,Gumbel,427,1.1964,356.893,0.1153,Trent at North Muskham,Trent,8231,53.13614,-0.79921,480430,360560,EA-EM,USVA
50,755,1.77,1.0505,28022,685.51,831.54,Gumbel,427,1.1964,356.893,0.1153,Trent at North Muskham,Trent,8231,53.13614,-0.79921,480430,360560,EA-EM,USVA
75,793,1.86,1.0554,28022,713.47,881.4,Gumbel,427,1.1964,356.893,0.1153,Trent at North Muskham,Trent,8231,53.13614,-0.79921,480430,360560,EA-EM,USVA
100,820,1.92,1.0592,28022,732.58,917.85,Gumbel,427,1.1964,356.893,0.1153,Trent at North Muskham,Trent,8231,53.13614,-0.79921,480430,360560,EA-EM,USVA
200,885,2.07,1.069,28022,776.51,1008.65,Gumbel,427,1.1964,356.893,0.1153,Trent at North Muskham,Trent,8231,53.13614,-0.79921,480430,360560,EA-EM,USVA
500,970,2.27,1.0835,28022,828.91,1135.11,Gumbel,427,1.1964,356.893,0.1153,Trent at North Muskham,Trent,8231,53.13614,-0.79921,480430,360560,EA-EM,USVA
1000,1030,2.42,1.0956,28022,861.23,1231.84,Gumbel,427,1.1964,356.893,0.1153,Trent at North Muskham,Trent,8231,53.13614,-0.79921,480430,360560,EA-EM,USVA
2,16.8,1,1.0532,28023,15.18,18.6,GEV,16.8,1.044,16.091,0.0181,Wye at Ashford,Wye,154,53.22386,-1.72811,418250,369680,EA-EM,FV
5,23.6,1.41,1.0549,28023,21.25,26.21,GEV,16.8,1.044,16.091,0.0181,Wye at Ashford,Wye,154,53.22386,-1.72811,418250,369680,EA-EM,FV
10,28.5,1.7,1.0586,28023,25.49,31.87,GEV,16.8,1.044,16.091,0.0181,Wye at Ashford,Wye,154,53.22386,-1.72811,418250,369680,EA-EM,FV
20,33.5,1.99,1.0646,28023,29.63,37.87,GEV,16.8,1.044,16.091,0.0181,Wye at Ashford,Wye,154,53.22386,-1.72811,418250,369680,EA-EM,FV
30,36.5,2.17,1.069,28023,32.03,41.6,GEV,16.8,1.044,16.091,0.0181,Wye at Ashford,Wye,154,53.22386,-1.72811,418250,369680,EA-EM,FV
50,40.4,2.4,1.0756,28023,35.02,46.6,GEV,16.8,1.044,16.091,0.0181,Wye at Ashford,Wye,154,53.22386,-1.72811,418250,369680,EA-EM,FV
75,43.6,2.59,1.0816,28023,37.39,50.85,GEV,16.8,1.044,16.091,0.0181,Wye at Ashford,Wye,154,53.22386,-1.72811,418250,369680,EA-EM,FV
100,45.9,2.73,1.0863,28023,39.03,53.99,GEV,16.8,1.044,16.091,0.0181,Wye at Ashford,Wye,154,53.22386,-1.72811,418250,369680,EA-EM,FV
200,51.8,3.08,1.0987,28023,43.07,62.29,GEV,16.8,1.044,16.091,0.0181,Wye at Ashford,Wye,154,53.22386,-1.72811,418250,369680,EA-EM,FV
500,60,3.57,1.1174,28023,48.27,74.58,GEV,16.8,1.044,16.091,0.0181,Wye at Ashford,Wye,154,53.22386,-1.72811,418250,369680,EA-EM,FV
1000,66.7,3.97,1.1331,28023,52.21,85.21,GEV,16.8,1.044,16.091,0.0181,Wye at Ashford,Wye,154,53.22386,-1.72811,418250,369680,EA-EM,FV
2,34.4,1,1.0687,28024,30.2,39.18,GenLog,34.4,1.037,33.173,0.029,Wreake at Syston Mill,Wreake,413.8,52.70632,-1.09107,461510,312460,EA-EM,US
5,50.2,1.46,1.0723,28024,43.78,57.56,GenLog,34.4,1.037,33.173,0.029,Wreake at Syston Mill,Wreake,413.8,52.70632,-1.09107,461510,312460,EA-EM,US
10,62.1,1.8,1.0767,28024,53.73,71.78,GenLog,34.4,1.037,33.173,0.029,Wreake at Syston Mill,Wreake,413.8,52.70632,-1.09107,461510,312460,EA-EM,US
20,75,2.18,1.0826,28024,64.2,87.62,GenLog,34.4,1.037,33.173,0.029,Wreake at Syston Mill,Wreake,413.8,52.70632,-1.09107,461510,312460,EA-EM,US
30,83.4,2.42,1.0868,28024,70.85,98.18,GenLog,34.4,1.037,33.173,0.029,Wreake at Syston Mill,Wreake,413.8,52.70632,-1.09107,461510,312460,EA-EM,US
50,94.9,2.76,1.093,28024,79.72,112.97,GenLog,34.4,1.037,33.173,0.029,Wreake at Syston Mill,Wreake,413.8,52.70632,-1.09107,461510,312460,EA-EM,US
75,105,3.05,1.0985,28024,87.34,126.23,GenLog,34.4,1.037,33.173,0.029,Wreake at Syston Mill,Wreake,413.8,52.70632,-1.09107,461510,312460,EA-EM,US
100,113,3.27,1.1027,28024,93.3,136.87,GenLog,34.4,1.037,33.173,0.029,Wreake at Syston Mill,Wreake,413.8,52.70632,-1.09107,461510,312460,EA-EM,US
200,133,3.87,1.1141,28024,107.62,164.37,GenLog,34.4,1.037,33.173,0.029,Wreake at Syston Mill,Wreake,413.8,52.70632,-1.09107,461510,312460,EA-EM,US
500,166,4.82,1.1312,28024,130.37,211.37,GenLog,34.4,1.037,33.173,0.029,Wreake at Syston Mill,Wreake,413.8,52.70632,-1.09107,461510,312460,EA-EM,US
1000,195,5.68,1.1457,28024,149.37,254.57,GenLog,34.4,1.037,33.173,0.029,Wreake at Syston Mill,Wreake,413.8,52.70632,-1.09107,461510,312460,EA-EM,US
2,48.2,1,1.1329,28026,37.74,61.55,Kappa3,48.2,1.1422,42.198,0.0954,Anker at Polesworth,Anker,368,52.62719,-1.61319,426280,303340,EA-WM,C VA
5,66.2,1.37,1.134,28026,51.74,84.7,Kappa3,48.2,1.1422,42.198,0.0954,Anker at Polesworth,Anker,368,52.62719,-1.61319,426280,303340,EA-WM,C VA
10,79.7,1.65,1.136,28026,62.08,102.33,Kappa3,48.2,1.1422,42.198,0.0954,Anker at Polesworth,Anker,368,52.62719,-1.61319,426280,303340,EA-WM,C VA
20,94.2,1.96,1.1391,28026,72.98,121.59,Kappa3,48.2,1.1422,42.198,0.0954,Anker at Polesworth,Anker,368,52.62719,-1.61319,426280,303340,EA-WM,C VA
30,103,2.15,1.1416,28026,79.45,133.53,Kappa3,48.2,1.1422,42.198,0.0954,Anker at Polesworth,Anker,368,52.62719,-1.61319,426280,303340,EA-WM,C VA
50,116,2.4,1.1456,28026,88.87,151.41,Kappa3,48.2,1.1422,42.198,0.0954,Anker at Polesworth,Anker,368,52.62719,-1.61319,426280,303340,EA-WM,C VA
75,126,2.62,1.1493,28026,95.92,165.51,Kappa3,48.2,1.1422,42.198,0.0954,Anker at Polesworth,Anker,368,52.62719,-1.61319,426280,303340,EA-WM,C VA
100,134,2.79,1.1524,28026,101.48,176.95,Kappa3,48.2,1.1422,42.198,0.0954,Anker at Polesworth,Anker,368,52.62719,-1.61319,426280,303340,EA-WM,C VA
200,155,3.22,1.1609,28026,115.7,207.65,Kappa3,48.2,1.1422,42.198,0.0954,Anker at Polesworth,Anker,368,52.62719,-1.61319,426280,303340,EA-WM,C VA
500,187,3.88,1.1748,28026,136.37,256.43,Kappa3,48.2,1.1422,42.198,0.0954,Anker at Polesworth,Anker,368,52.62719,-1.61319,426280,303340,EA-WM,C VA
1000,214,4.45,1.1873,28026,152.85,299.61,Kappa3,48.2,1.1422,42.198,0.0954,Anker at Polesworth,Anker,368,52.62719,-1.61319,426280,303340,EA-WM,C VA
2,19.5,1,1.1196,28027,15.63,24.33,GenLog,19.5,1.2784,15.254,0.1877,Erewash at Sandiacre,Erewash,182.2,52.92312,-1.28377,448250,336430,EA-EM,IV
5,28.1,1.44,1.122,28027,22.42,35.21,GenLog,19.5,1.2784,15.254,0.1877,Erewash at Sandiacre,Erewash,182.2,52.92312,-1.28377,448250,336430,EA-EM,IV
10,34.8,1.78,1.125,28027,27.63,43.84,GenLog,19.5,1.2784,15.254,0.1877,Erewash at Sandiacre,Erewash,182.2,52.92312,-1.28377,448250,336430,EA-EM,IV
20,42.4,2.17,1.1293,28027,33.41,53.81,GenLog,19.5,1.2784,15.254,0.1877,Erewash at Sandiacre,Erewash,182.2,52.92312,-1.28377,448250,336430,EA-EM,IV
30,47.4,2.43,1.1324,28027,37.15,60.48,GenLog,19.5,1.2784,15.254,0.1877,Erewash at Sandiacre,Erewash,182.2,52.92312,-1.28377,448250,336430,EA-EM,IV
50,54.4,2.79,1.137,28027,42.3,69.97,GenLog,19.5,1.2784,15.254,0.1877,Erewash at Sandiacre,Erewash,182.2,52.92312,-1.28377,448250,336430,EA-EM,IV
75,60.6,3.11,1.1413,28027,46.77,78.52,GenLog,19.5,1.2784,15.254,0.1877,Erewash at Sandiacre,Erewash,182.2,52.92312,-1.28377,448250,336430,EA-EM,IV
100,65.5,3.36,1.1446,28027,50.27,85.35,GenLog,19.5,1.2784,15.254,0.1877,Erewash at Sandiacre,Erewash,182.2,52.92312,-1.28377,448250,336430,EA-EM,IV
200,78.7,4.04,1.1537,28027,59.47,104.15,GenLog,19.5,1.2784,15.254,0.1877,Erewash at Sandiacre,Erewash,182.2,52.92312,-1.28377,448250,336430,EA-EM,IV
500,100,5.15,1.1681,28027,73.75,135.6,GenLog,19.5,1.2784,15.254,0.1877,Erewash at Sandiacre,Erewash,182.2,52.92312,-1.28377,448250,336430,EA-EM,IV
1000,121,6.18,1.1805,28027,87.4,167.51,GenLog,19.5,1.2784,15.254,0.1877,Erewash at Sandiacre,Erewash,182.2,52.92312,-1.28377,448250,336430,EA-EM,IV
2,4.15,1,1.0523,28033,3.76,4.59,GenLog,4.15,1.0015,4.144,0.0013,Dove at Hollinsclough,Dove,8,53.19851,-1.90685,406320,366830,EA-WM,CC
5,5.52,1.33,1.0539,28033,4.98,6.12,GenLog,4.15,1.0015,4.144,0.0013,Dove at Hollinsclough,Dove,8,53.19851,-1.90685,406320,366830,EA-WM,CC
10,6.57,1.58,1.0578,28033,5.88,7.33,GenLog,4.15,1.0015,4.144,0.0013,Dove at Hollinsclough,Dove,8,53.19851,-1.90685,406320,366830,EA-WM,CC
20,7.75,1.87,1.064,28033,6.86,8.75,GenLog,4.15,1.0015,4.144,0.0013,Dove at Hollinsclough,Dove,8,53.19851,-1.90685,406320,366830,EA-WM,CC
30,8.53,2.05,1.0688,28033,7.49,9.72,GenLog,4.15,1.0015,4.144,0.0013,Dove at Hollinsclough,Dove,8,53.19851,-1.90685,406320,366830,EA-WM,CC
50,9.61,2.32,1.0759,28033,8.33,11.09,GenLog,4.15,1.0015,4.144,0.0013,Dove at Hollinsclough,Dove,8,53.19851,-1.90685,406320,366830,EA-WM,CC
75,10.6,2.55,1.0824,28033,9.08,12.38,GenLog,4.15,1.0015,4.144,0.0013,Dove at Hollinsclough,Dove,8,53.19851,-1.90685,406320,366830,EA-WM,CC
100,11.3,2.73,1.0874,28033,9.59,13.32,GenLog,4.15,1.0015,4.144,0.0013,Dove at Hollinsclough,Dove,8,53.19851,-1.90685,406320,366830,EA-WM,CC
200,13.3,3.22,1.1007,28033,11.02,16.05,GenLog,4.15,1.0015,4.144,0.0013,Dove at Hollinsclough,Dove,8,53.19851,-1.90685,406320,366830,EA-WM,CC
500,16.6,4,1.1208,28033,13.27,20.76,GenLog,4.15,1.0015,4.144,0.0013,Dove at Hollinsclough,Dove,8,53.19851,-1.90685,406320,366830,EA-WM,CC
1000,19.7,4.74,1.1376,28033,15.3,25.36,GenLog,4.15,1.0015,4.144,0.0013,Dove at Hollinsclough,Dove,8,53.19851,-1.90685,406320,366830,EA-WM,CC
2,13.4,1,1.0771,28035,11.58,15.5,Gumbel,13.4,2.0353,6.584,0.28,Leen at Triumph Road Nottingham,Leen,111,52.94819,-1.18334,454970,339290,EA-EM,IV
5,18.2,1.36,1.0777,28035,15.72,21.07,Gumbel,13.4,2.0353,6.584,0.28,Leen at Triumph Road Nottingham,Leen,111,52.94819,-1.18334,454970,339290,EA-EM,IV
10,21.4,1.59,1.079,28035,18.44,24.84,Gumbel,13.4,2.0353,6.584,0.28,Leen at Triumph Road Nottingham,Leen,111,52.94819,-1.18334,454970,339290,EA-EM,IV
20,24.4,1.82,1.0813,28035,20.93,28.44,Gumbel,13.4,2.0353,6.584,0.28,Leen at Triumph Road Nottingham,Leen,111,52.94819,-1.18334,454970,339290,EA-EM,IV
30,26.1,1.95,1.083,28035,22.32,30.51,Gumbel,13.4,2.0353,6.584,0.28,Leen at Triumph Road Nottingham,Leen,111,52.94819,-1.18334,454970,339290,EA-EM,IV
50,28.3,2.11,1.0858,28035,24.08,33.25,Gumbel,13.4,2.0353,6.584,0.28,Leen at Triumph Road Nottingham,Leen,111,52.94819,-1.18334,454970,339290,EA-EM,IV
75,30,2.24,1.0884,28035,25.41,35.42,Gumbel,13.4,2.0353,6.584,0.28,Leen at Triumph Road Nottingham,Leen,111,52.94819,-1.18334,454970,339290,EA-EM,IV
100,31.3,2.33,1.0904,28035,26.42,37.09,Gumbel,13.4,2.0353,6.584,0.28,Leen at Triumph Road Nottingham,Leen,111,52.94819,-1.18334,454970,339290,EA-EM,IV
200,34.2,2.55,1.0961,28035,28.57,40.94,Gumbel,13.4,2.0353,6.584,0.28,Leen at Triumph Road Nottingham,Leen,111,52.94819,-1.18334,454970,339290,EA-EM,IV
500,38.1,2.84,1.1053,28035,31.31,46.36,Gumbel,13.4,2.0353,6.584,0.28,Leen at Triumph Road Nottingham,Leen,111,52.94819,-1.18334,454970,339290,EA-EM,IV
1000,41,3.06,1.1134,28035,33.22,50.61,Gumbel,13.4,2.0353,6.584,0.28,Leen at Triumph Road Nottingham,Leen,111,52.94819,-1.18334,454970,339290,EA-EM,IV
2,31.9,1,1.0877,28039,27.05,37.61,GEV,31.9,2.0381,15.652,0.4611,Rea at Calthorpe Park,Rea,74,52.46029,-1.89737,407070,284710,EA-WM,C B
5,43.8,1.37,1.0886,28039,37.09,51.73,GEV,31.9,2.0381,15.652,0.4611,Rea at Calthorpe Park,Rea,74,52.46029,-1.89737,407070,284710,EA-WM,C B
10,52.2,1.63,1.0912,28039,43.99,61.94,GEV,31.9,2.0381,15.652,0.4611,Rea at Calthorpe Park,Rea,74,52.46029,-1.89737,407070,284710,EA-WM,C B
20,60.7,1.9,1.0952,28039,50.79,72.54,GEV,31.9,2.0381,15.652,0.4611,Rea at Calthorpe Park,Rea,74,52.46029,-1.89737,407070,284710,EA-WM,C B
30,65.7,2.06,1.0982,28039,54.68,78.94,GEV,31.9,2.0381,15.652,0.4611,Rea at Calthorpe Park,Rea,74,52.46029,-1.89737,407070,284710,EA-WM,C B
50,72.3,2.27,1.1026,28039,59.7,87.55,GEV,31.9,2.0381,15.652,0.4611,Rea at Calthorpe Park,Rea,74,52.46029,-1.89737,407070,284710,EA-WM,C B
75,77.7,2.44,1.1068,28039,63.69,94.8,GEV,31.9,2.0381,15.652,0.4611,Rea at Calthorpe Park,Rea,74,52.46029,-1.89737,407070,284710,EA-WM,C B
100,81.6,2.56,1.11,28039,66.51,100.12,GEV,31.9,2.0381,15.652,0.4611,Rea at Calthorpe Park,Rea,74,52.46029,-1.89737,407070,284710,EA-WM,C B
200,91.3,2.86,1.1187,28039,73.28,113.75,GEV,31.9,2.0381,15.652,0.4611,Rea at Calthorpe Park,Rea,74,52.46029,-1.89737,407070,284710,EA-WM,C B
500,105,3.29,1.1323,28039,82.3,133.95,GEV,31.9,2.0381,15.652,0.4611,Rea at Calthorpe Park,Rea,74,52.46029,-1.89737,407070,284710,EA-WM,C B
1000,116,3.63,1.1439,28039,89.13,150.97,GEV,31.9,2.0381,15.652,0.4611,Rea at Calthorpe Park,Rea,74,52.46029,-1.89737,407070,284710,EA-WM,C B
2,11.5,1,1.0825,28040,9.85,13.43,GEV,11.5,1.3009,8.84,0.2036,Trent at Stoke-On-Trent,Trent,53.2,53.01722,-2.16289,389170,346670,EA-WM,C
5,16.4,1.42,1.0858,28040,13.96,19.27,GEV,11.5,1.3009,8.84,0.2036,Trent at Stoke-On-Trent,Trent,53.2,53.01722,-2.16289,389170,346670,EA-WM,C
10,20,1.74,1.0903,28040,16.88,23.69,GEV,11.5,1.3009,8.84,0.2036,Trent at Stoke-On-Trent,Trent,53.2,53.01722,-2.16289,389170,346670,EA-WM,C
20,24,2.09,1.0968,28040,20.02,28.76,GEV,11.5,1.3009,8.84,0.2036,Trent at Stoke-On-Trent,Trent,53.2,53.01722,-2.16289,389170,346670,EA-WM,C
30,26.5,2.3,1.1015,28040,21.93,32.03,GEV,11.5,1.3009,8.84,0.2036,Trent at Stoke-On-Trent,Trent,53.2,53.01722,-2.16289,389170,346670,EA-WM,C
50,29.8,2.59,1.1084,28040,24.36,36.46,GEV,11.5,1.3009,8.84,0.2036,Trent at Stoke-On-Trent,Trent,53.2,53.01722,-2.16289,389170,346670,EA-WM,C
75,32.6,2.83,1.1146,28040,26.36,40.32,GEV,11.5,1.3009,8.84,0.2036,Trent at Stoke-On-Trent,Trent,53.2,53.01722,-2.16289,389170,346670,EA-WM,C
100,34.6,3.01,1.1194,28040,27.74,43.16,GEV,11.5,1.3009,8.84,0.2036,Trent at Stoke-On-Trent,Trent,53.2,53.01722,-2.16289,389170,346670,EA-WM,C
200,40,3.48,1.1323,28040,31.35,51.03,GEV,11.5,1.3009,8.84,0.2036,Trent at Stoke-On-Trent,Trent,53.2,53.01722,-2.16289,389170,346670,EA-WM,C
500,48.1,4.18,1.152,28040,36.45,63.47,GEV,11.5,1.3009,8.84,0.2036,Trent at Stoke-On-Trent,Trent,53.2,53.01722,-2.16289,389170,346670,EA-WM,C
1000,54.9,4.77,1.1685,28040,40.46,74.49,GEV,11.5,1.3009,8.84,0.2036,Trent at Stoke-On-Trent,Trent,53.2,53.01722,-2.16289,389170,346670,EA-WM,C
2,26.5,1,1.0652,28041,23.41,29.99,GEV,26.5,1.0066,26.327,0.0061,Hamps at Waterhouses,Hamps,35.13,53.04864,-1.87779,408290,350160,EA-WM,FV
5,35.4,1.34,1.0682,28041,31.11,40.29,GEV,26.5,1.0066,26.327,0.0061,Hamps at Waterhouses,Hamps,35.13,53.04864,-1.87779,408290,350160,EA-WM,FV
10,41.6,1.57,1.0721,28041,36.29,47.68,GEV,26.5,1.0066,26.327,0.0061,Hamps at Waterhouses,Hamps,35.13,53.04864,-1.87779,408290,350160,EA-WM,FV
20,47.8,1.8,1.0776,28041,41.29,55.34,GEV,26.5,1.0066,26.327,0.0061,Hamps at Waterhouses,Hamps,35.13,53.04864,-1.87779,408290,350160,EA-WM,FV
30,51.4,1.94,1.0816,28041,44.08,59.94,GEV,26.5,1.0066,26.327,0.0061,Hamps at Waterhouses,Hamps,35.13,53.04864,-1.87779,408290,350160,EA-WM,FV
50,56.2,2.12,1.0873,28041,47.7,66.22,GEV,26.5,1.0066,26.327,0.0061,Hamps at Waterhouses,Hamps,35.13,53.04864,-1.87779,408290,350160,EA-WM,FV
75,60,2.26,1.0926,28041,50.44,71.37,GEV,26.5,1.0066,26.327,0.0061,Hamps at Waterhouses,Hamps,35.13,53.04864,-1.87779,408290,350160,EA-WM,FV
100,62.7,2.37,1.0966,28041,52.33,75.12,GEV,26.5,1.0066,26.327,0.0061,Hamps at Waterhouses,Hamps,35.13,53.04864,-1.87779,408290,350160,EA-WM,FV
200,69.5,2.62,1.1074,28041,56.9,84.88,GEV,26.5,1.0066,26.327,0.0061,Hamps at Waterhouses,Hamps,35.13,53.04864,-1.87779,408290,350160,EA-WM,FV
500,78.9,2.98,1.1239,28041,62.76,99.2,GEV,26.5,1.0066,26.327,0.0061,Hamps at Waterhouses,Hamps,35.13,53.04864,-1.87779,408290,350160,EA-WM,FV
1000,86.3,3.26,1.1379,28041,67,111.17,GEV,26.5,1.0066,26.327,0.0061,Hamps at Waterhouses,Hamps,35.13,53.04864,-1.87779,408290,350160,EA-WM,FV
2,90.3,1,1.0741,28043,78.49,103.88,Gumbel,90.3,1.0122,89.212,0.009,Derwent at Chatsworth,Derwent,335,53.21167,-1.61124,426060,368360,EA-EM,VA
5,121,1.34,1.0756,28043,104.89,139.58,Gumbel,90.3,1.0122,89.212,0.009,Derwent at Chatsworth,Derwent,335,53.21167,-1.61124,426060,368360,EA-EM,VA
10,142,1.57,1.0781,28043,122.54,164.55,Gumbel,90.3,1.0122,89.212,0.009,Derwent at Chatsworth,Derwent,335,53.21167,-1.61124,426060,368360,EA-EM,VA
20,161,1.79,1.0821,28043,137.93,187.93,Gumbel,90.3,1.0122,89.212,0.009,Derwent at Chatsworth,Derwent,335,53.21167,-1.61124,426060,368360,EA-EM,VA
30,173,1.91,1.0851,28043,147.41,203.03,Gumbel,90.3,1.0122,89.212,0.009,Derwent at Chatsworth,Derwent,335,53.21167,-1.61124,426060,368360,EA-EM,VA
50,187,2.07,1.0897,28043,158.02,221.29,Gumbel,90.3,1.0122,89.212,0.009,Derwent at Chatsworth,Derwent,335,53.21167,-1.61124,426060,368360,EA-EM,VA
75,198,2.19,1.0939,28043,166.06,236.08,Gumbel,90.3,1.0122,89.212,0.009,Derwent at Chatsworth,Derwent,335,53.21167,-1.61124,426060,368360,EA-EM,VA
100,206,2.28,1.0972,28043,171.75,247.07,Gumbel,90.3,1.0122,89.212,0.009,Derwent at Chatsworth,Derwent,335,53.21167,-1.61124,426060,368360,EA-EM,VA
200,225,2.49,1.1063,28043,184.58,274.27,Gumbel,90.3,1.0122,89.212,0.009,Derwent at Chatsworth,Derwent,335,53.21167,-1.61124,426060,368360,EA-EM,VA
500,250,2.77,1.1205,28043,200.03,312.45,Gumbel,90.3,1.0122,89.212,0.009,Derwent at Chatsworth,Derwent,335,53.21167,-1.61124,426060,368360,EA-EM,VA
1000,269,2.98,1.1328,28043,210.67,343.47,Gumbel,90.3,1.0122,89.212,0.009,Derwent at Chatsworth,Derwent,335,53.21167,-1.61124,426060,368360,EA-EM,VA
2,5.77,1,1.0814,28049,4.95,6.73,GEV,5.77,1.3322,4.331,0.0951,Ryton at Worksop,Ryton,77,53.30924,-1.1382,457520,379490,EA-EM,FV
5,8.2,1.42,1.0837,28049,7,9.6,GEV,5.77,1.3322,4.331,0.0951,Ryton at Worksop,Ryton,77,53.30924,-1.1382,457520,379490,EA-EM,FV
10,9.72,1.68,1.0871,28049,8.25,11.45,GEV,5.77,1.3322,4.331,0.0951,Ryton at Worksop,Ryton,77,53.30924,-1.1382,457520,379490,EA-EM,FV
20,11.1,1.92,1.0918,28049,9.34,13.19,GEV,5.77,1.3322,4.331,0.0951,Ryton at Worksop,Ryton,77,53.30924,-1.1382,457520,379490,EA-EM,FV
30,11.9,2.06,1.0952,28049,9.96,14.22,GEV,5.77,1.3322,4.331,0.0951,Ryton at Worksop,Ryton,77,53.30924,-1.1382,457520,379490,EA-EM,FV
50,12.8,2.22,1.1,28049,10.62,15.43,GEV,5.77,1.3322,4.331,0.0951,Ryton at Worksop,Ryton,77,53.30924,-1.1382,457520,379490,EA-EM,FV
75,13.5,2.34,1.1043,28049,11.11,16.4,GEV,5.77,1.3322,4.331,0.0951,Ryton at Worksop,Ryton,77,53.30924,-1.1382,457520,379490,EA-EM,FV
100,14,2.43,1.1076,28049,11.46,17.1,GEV,5.77,1.3322,4.331,0.0951,Ryton at Worksop,Ryton,77,53.30924,-1.1382,457520,379490,EA-EM,FV
200,15.2,2.63,1.1164,28049,12.25,18.86,GEV,5.77,1.3322,4.331,0.0951,Ryton at Worksop,Ryton,77,53.30924,-1.1382,457520,379490,EA-EM,FV
500,16.6,2.88,1.1298,28049,13.07,21.09,GEV,5.77,1.3322,4.331,0.0951,Ryton at Worksop,Ryton,77,53.30924,-1.1382,457520,379490,EA-EM,FV
1000,17.6,3.06,1.1411,28049,13.59,22.8,GEV,5.77,1.3322,4.331,0.0951,Ryton at Worksop,Ryton,77,53.30924,-1.1382,457520,379490,EA-EM,FV
2,28.7,1,1.076,28053,24.86,33.13,Kappa3,28.7,1.1978,23.961,0.1196,Penk at Penkridge,Penk,272,52.72748,-2.11707,392191,314433,EA-WM,FVVA
5,38.9,1.36,1.0792,28053,33.5,45.17,Kappa3,28.7,1.1978,23.961,0.1196,Penk at Penkridge,Penk,272,52.72748,-2.11707,392191,314433,EA-WM,FVVA
10,46.7,1.63,1.0836,28053,39.9,54.66,Kappa3,28.7,1.1978,23.961,0.1196,Penk at Penkridge,Penk,272,52.72748,-2.11707,392191,314433,EA-WM,FVVA
20,55.3,1.93,1.0898,28053,46.72,65.45,Kappa3,28.7,1.1978,23.961,0.1196,Penk at Penkridge,Penk,272,52.72748,-2.11707,392191,314433,EA-WM,FVVA
30,60.8,2.12,1.0942,28053,50.97,72.53,Kappa3,28.7,1.1978,23.961,0.1196,Penk at Penkridge,Penk,272,52.72748,-2.11707,392191,314433,EA-WM,FVVA
50,68.2,2.38,1.1007,28053,56.51,82.31,Kappa3,28.7,1.1978,23.961,0.1196,Penk at Penkridge,Penk,272,52.72748,-2.11707,392191,314433,EA-WM,FVVA
75,74.7,2.6,1.1065,28053,61.26,91.09,Kappa3,28.7,1.1978,23.961,0.1196,Penk at Penkridge,Penk,272,52.72748,-2.11707,392191,314433,EA-WM,FVVA
100,79.6,2.77,1.111,28053,64.76,97.84,Kappa3,28.7,1.1978,23.961,0.1196,Penk at Penkridge,Penk,272,52.72748,-2.11707,392191,314433,EA-WM,FVVA
200,92.5,3.22,1.123,28053,73.69,116.11,Kappa3,28.7,1.1978,23.961,0.1196,Penk at Penkridge,Penk,272,52.72748,-2.11707,392191,314433,EA-WM,FVVA
500,112,3.92,1.141,28053,86.48,145.04,Kappa3,28.7,1.1978,23.961,0.1196,Penk at Penkridge,Penk,272,52.72748,-2.11707,392191,314433,EA-WM,FVVA
1000,130,4.54,1.1563,28053,97.8,172.81,Kappa3,28.7,1.1978,23.961,0.1196,Penk at Penkridge,Penk,272,52.72748,-2.11707,392191,314433,EA-WM,FVVA
2,12.1,1,1.0862,28056,10.29,14.23,Kappa3,12.1,1.1333,10.677,0.1091,Rothley Brook at Rothley,Rothley Brook,94,52.70374,-1.14218,458060,312130,EA-EM,FVVA
5,16.9,1.4,1.0882,28056,14.32,19.95,Kappa3,12.1,1.1333,10.677,0.1091,Rothley Brook at Rothley,Rothley Brook,94,52.70374,-1.14218,458060,312130,EA-EM,FVVA
10,20.3,1.68,1.0908,28056,17.12,24.07,Kappa3,12.1,1.1333,10.677,0.1091,Rothley Brook at Rothley,Rothley Brook,94,52.70374,-1.14218,458060,312130,EA-EM,FVVA
20,23.8,1.96,1.0943,28056,19.95,28.4,Kappa3,12.1,1.1333,10.677,0.1091,Rothley Brook at Rothley,Rothley Brook,94,52.70374,-1.14218,458060,312130,EA-EM,FVVA
30,25.8,2.14,1.097,28056,21.52,30.93,Kappa3,12.1,1.1333,10.677,0.1091,Rothley Brook at Rothley,Rothley Brook,94,52.70374,-1.14218,458060,312130,EA-EM,FVVA
50,28.6,2.36,1.101,28056,23.68,34.54,Kappa3,12.1,1.1333,10.677,0.1091,Rothley Brook at Rothley,Rothley Brook,94,52.70374,-1.14218,458060,312130,EA-EM,FVVA
75,30.8,2.55,1.1047,28056,25.34,37.44,Kappa3,12.1,1.1333,10.677,0.1091,Rothley Brook at Rothley,Rothley Brook,94,52.70374,-1.14218,458060,312130,EA-EM,FVVA
100,32.5,2.68,1.1076,28056,26.6,39.71,Kappa3,12.1,1.1333,10.677,0.1091,Rothley Brook at Rothley,Rothley Brook,94,52.70374,-1.14218,458060,312130,EA-EM,FVVA
200,36.6,3.03,1.1155,28056,29.54,45.34,Kappa3,12.1,1.1333,10.677,0.1091,Rothley Brook at Rothley,Rothley Brook,94,52.70374,-1.14218,458060,312130,EA-EM,FVVA
500,42.6,3.52,1.128,28056,33.64,53.94,Kappa3,12.1,1.1333,10.677,0.1091,Rothley Brook at Rothley,Rothley Brook,94,52.70374,-1.14218,458060,312130,EA-EM,FVVA
1000,47.5,3.93,1.139,28056,36.81,61.3,Kappa3,12.1,1.1333,10.677,0.1091,Rothley Brook at Rothley,Rothley Brook,94,52.70374,-1.14218,458060,312130,EA-EM,FVVA
2,10.6,1,1.1201,28058,8.49,13.24,GEV,10.6,1.0354,10.238,0.0245,Henmore Brook at Ashbourne,Henmore Brook,37.7,53.013,-1.74017,417530,346220,EA-WM,FV
5,15.7,1.48,1.1204,28058,12.56,19.62,GEV,10.6,1.0354,10.238,0.0245,Henmore Brook at Ashbourne,Henmore Brook,37.7,53.013,-1.74017,417530,346220,EA-WM,FV
10,19.4,1.83,1.1215,28058,15.5,24.29,GEV,10.6,1.0354,10.238,0.0245,Henmore Brook at Ashbourne,Henmore Brook,37.7,53.013,-1.74017,417530,346220,EA-WM,FV
20,23.1,2.18,1.1237,28058,18.38,29.03,GEV,10.6,1.0354,10.238,0.0245,Henmore Brook at Ashbourne,Henmore Brook,37.7,53.013,-1.74017,417530,346220,EA-WM,FV
30,25.4,2.4,1.1255,28058,20.15,32.02,GEV,10.6,1.0354,10.238,0.0245,Henmore Brook at Ashbourne,Henmore Brook,37.7,53.013,-1.74017,417530,346220,EA-WM,FV
50,28.3,2.67,1.1284,28058,22.33,35.86,GEV,10.6,1.0354,10.238,0.0245,Henmore Brook at Ashbourne,Henmore Brook,37.7,53.013,-1.74017,417530,346220,EA-WM,FV
75,30.7,2.9,1.1313,28058,24.11,39.1,GEV,10.6,1.0354,10.238,0.0245,Henmore Brook at Ashbourne,Henmore Brook,37.7,53.013,-1.74017,417530,346220,EA-WM,FV
100,32.5,3.07,1.1336,28058,25.42,41.56,GEV,10.6,1.0354,10.238,0.0245,Henmore Brook at Ashbourne,Henmore Brook,37.7,53.013,-1.74017,417530,346220,EA-WM,FV
200,36.9,3.48,1.1403,28058,28.53,47.73,GEV,10.6,1.0354,10.238,0.0245,Henmore Brook at Ashbourne,Henmore Brook,37.7,53.013,-1.74017,417530,346220,EA-WM,FV
500,43.1,4.07,1.1514,28058,32.69,56.82,GEV,10.6,1.0354,10.238,0.0245,Henmore Brook at Ashbourne,Henmore Brook,37.7,53.013,-1.74017,417530,346220,EA-WM,FV
1000,48.2,4.54,1.1614,28058,35.95,64.63,GEV,10.6,1.0354,10.238,0.0245,Henmore Brook at Ashbourne,Henmore Brook,37.7,53.013,-1.74017,417530,346220,EA-WM,FV
2,27.5,1,1.0578,28061,24.63,30.7,GEV,27.5,1.0589,25.971,0.0423,Churnet at Basford Bridge,Churnet,139,53.06497,-2.02781,398234,351970,EA-WM,FVVA
5,37.2,1.35,1.0592,28061,33.23,41.64,GEV,27.5,1.0589,25.971,0.0423,Churnet at Basford Bridge,Churnet,139,53.06497,-2.02781,398234,351970,EA-WM,FVVA
10,44.3,1.61,1.062,28061,39.37,49.84,GEV,27.5,1.0589,25.971,0.0423,Churnet at Basford Bridge,Churnet,139,53.06497,-2.02781,398234,351970,EA-WM,FVVA
20,51.7,1.88,1.0662,28061,45.6,58.62,GEV,27.5,1.0589,25.971,0.0423,Churnet at Basford Bridge,Churnet,139,53.06497,-2.02781,398234,351970,EA-WM,FVVA
30,56.3,2.05,1.0694,28061,49.36,64.21,GEV,27.5,1.0589,25.971,0.0423,Churnet at Basford Bridge,Churnet,139,53.06497,-2.02781,398234,351970,EA-WM,FVVA
50,62.3,2.26,1.0742,28061,54.15,71.68,GEV,27.5,1.0589,25.971,0.0423,Churnet at Basford Bridge,Churnet,139,53.06497,-2.02781,398234,351970,EA-WM,FVVA
75,67.2,2.44,1.0785,28061,57.95,77.93,GEV,27.5,1.0589,25.971,0.0423,Churnet at Basford Bridge,Churnet,139,53.06497,-2.02781,398234,351970,EA-WM,FVVA
100,70.9,2.58,1.0819,28061,60.76,82.73,GEV,27.5,1.0589,25.971,0.0423,Churnet at Basford Bridge,Churnet,139,53.06497,-2.02781,398234,351970,EA-WM,FVVA
200,80.1,2.91,1.091,28061,67.53,95.01,GEV,27.5,1.0589,25.971,0.0423,Churnet at Basford Bridge,Churnet,139,53.06497,-2.02781,398234,351970,EA-WM,FVVA
500,93.5,3.4,1.105,28061,76.88,113.71,GEV,27.5,1.0589,25.971,0.0423,Churnet at Basford Bridge,Churnet,139,53.06497,-2.02781,398234,351970,EA-WM,FVVA
1000,105,3.8,1.117,28061,84.53,130.43,GEV,27.5,1.0589,25.971,0.0423,Churnet at Basford Bridge,Churnet,139,53.06497,-2.02781,398234,351970,EA-WM,FVVA
2,117,1,1.0516,28080,106.01,129.13,GEV,117,1.7975,65.09,0.4065,Tame at Lea Marston Lakes,Tame,799,52.54076,-1.69475,420800,293700,EA-WM,MIS
5,148,1.27,1.0547,28080,133.33,164.28,GEV,117,1.7975,65.09,0.4065,Tame at Lea Marston Lakes,Tame,799,52.54076,-1.69475,420800,293700,EA-WM,MIS
10,171,1.46,1.0586,28080,152.94,191.19,GEV,117,1.7975,65.09,0.4065,Tame at Lea Marston Lakes,Tame,799,52.54076,-1.69475,420800,293700,EA-WM,MIS
20,194,1.66,1.0638,28080,171.85,219,GEV,117,1.7975,65.09,0.4065,Tame at Lea Marston Lakes,Tame,799,52.54076,-1.69475,420800,293700,EA-WM,MIS
30,208,1.78,1.0676,28080,182.97,236.45,GEV,117,1.7975,65.09,0.4065,Tame at Lea Marston Lakes,Tame,799,52.54076,-1.69475,420800,293700,EA-WM,MIS
50,226,1.93,1.0729,28080,196.88,259.42,GEV,117,1.7975,65.09,0.4065,Tame at Lea Marston Lakes,Tame,799,52.54076,-1.69475,420800,293700,EA-WM,MIS
75,241,2.06,1.0777,28080,208.12,279.07,GEV,117,1.7975,65.09,0.4065,Tame at Lea Marston Lakes,Tame,799,52.54076,-1.69475,420800,293700,EA-WM,MIS
100,252,2.15,1.0814,28080,216.17,293.77,GEV,117,1.7975,65.09,0.4065,Tame at Lea Marston Lakes,Tame,799,52.54076,-1.69475,420800,293700,EA-WM,MIS
200,279,2.38,1.0912,28080,235.13,331.05,GEV,117,1.7975,65.09,0.4065,Tame at Lea Marston Lakes,Tame,799,52.54076,-1.69475,420800,293700,EA-WM,MIS
500,317,2.71,1.106,28080,260.2,386.21,GEV,117,1.7975,65.09,0.4065,Tame at Lea Marston Lakes,Tame,799,52.54076,-1.69475,420800,293700,EA-WM,MIS
1000,348,2.98,1.1184,28080,279.47,433.34,GEV,117,1.7975,65.09,0.4065,Tame at Lea Marston Lakes,Tame,799,52.54076,-1.69475,420800,293700,EA-WM,MIS
2,16.3,1,1.0626,28082,14.47,18.36,GenLog,16.3,1.0885,14.975,0.06,Soar at Littlethorpe,Soar,183.9,52.57101,-1.20173,454200,297320,EA-EM,XC
5,22.6,1.39,1.0655,28082,19.96,25.59,GenLog,16.3,1.0885,14.975,0.06,Soar at Littlethorpe,Soar,183.9,52.57101,-1.20173,454200,297320,EA-EM,XC
10,27,1.66,1.0689,28082,23.69,30.77,GenLog,16.3,1.0885,14.975,0.06,Soar at Littlethorpe,Soar,183.9,52.57101,-1.20173,454200,297320,EA-EM,XC
20,31.7,1.94,1.0733,28082,27.6,36.41,GenLog,16.3,1.0885,14.975,0.06,Soar at Littlethorpe,Soar,183.9,52.57101,-1.20173,454200,297320,EA-EM,XC
30,34.5,2.12,1.0764,28082,29.86,39.86,GenLog,16.3,1.0885,14.975,0.06,Soar at Littlethorpe,Soar,183.9,52.57101,-1.20173,454200,297320,EA-EM,XC
50,38.4,2.35,1.0807,28082,32.98,44.71,GenLog,16.3,1.0885,14.975,0.06,Soar at Littlethorpe,Soar,183.9,52.57101,-1.20173,454200,297320,EA-EM,XC
75,41.6,2.55,1.0846,28082,35.48,48.78,GenLog,16.3,1.0885,14.975,0.06,Soar at Littlethorpe,Soar,183.9,52.57101,-1.20173,454200,297320,EA-EM,XC
100,44,2.7,1.0876,28082,37.32,51.87,GenLog,16.3,1.0885,14.975,0.06,Soar at Littlethorpe,Soar,183.9,52.57101,-1.20173,454200,297320,EA-EM,XC
200,50.4,3.09,1.0955,28082,42.15,60.27,GenLog,16.3,1.0885,14.975,0.06,Soar at Littlethorpe,Soar,183.9,52.57101,-1.20173,454200,297320,EA-EM,XC
500,59.8,3.67,1.1074,28082,48.96,73.04,GenLog,16.3,1.0885,14.975,0.06,Soar at Littlethorpe,Soar,183.9,52.57101,-1.20173,454200,297320,EA-EM,XC
1000,68,4.17,1.1175,28082,54.69,84.54,GenLog,16.3,1.0885,14.975,0.06,Soar at Littlethorpe,Soar,183.9,52.57101,-1.20173,454200,297320,EA-EM,XC
2,136,1,1.0335,28085,127.49,145.07,GEV,136,1.0638,127.846,0.0358,Derwent at St Mary's Bridge,Derwent,1054,52.92817,-1.47499,435390,336880,EA-EM,US
5,182,1.34,1.0346,28085,170.26,194.55,GEV,136,1.0638,127.846,0.0358,Derwent at St Mary's Bridge,Derwent,1054,52.92817,-1.47499,435390,336880,EA-EM,US
10,217,1.59,1.0378,28085,201.78,233.37,GEV,136,1.0638,127.846,0.0358,Derwent at St Mary's Bridge,Derwent,1054,52.92817,-1.47499,435390,336880,EA-EM,US
20,253,1.86,1.0437,28085,232.65,275.12,GEV,136,1.0638,127.846,0.0358,Derwent at St Mary's Bridge,Derwent,1054,52.92817,-1.47499,435390,336880,EA-EM,US
30,276,2.03,1.0483,28085,251.63,302.73,GEV,136,1.0638,127.846,0.0358,Derwent at St Mary's Bridge,Derwent,1054,52.92817,-1.47499,435390,336880,EA-EM,US
50,305,2.24,1.0553,28085,274.46,338.94,GEV,136,1.0638,127.846,0.0358,Derwent at St Mary's Bridge,Derwent,1054,52.92817,-1.47499,435390,336880,EA-EM,US
75,330,2.43,1.0617,28085,293.46,371.09,GEV,136,1.0638,127.846,0.0358,Derwent at St Mary's Bridge,Derwent,1054,52.92817,-1.47499,435390,336880,EA-EM,US
100,348,2.56,1.0666,28085,306.69,394.88,GEV,136,1.0638,127.846,0.0358,Derwent at St Mary's Bridge,Derwent,1054,52.92817,-1.47499,435390,336880,EA-EM,US
200,395,2.91,1.0797,28085,339.88,459.06,GEV,136,1.0638,127.846,0.0358,Derwent at St Mary's Bridge,Derwent,1054,52.92817,-1.47499,435390,336880,EA-EM,US
500,464,3.41,1.0995,28085,385.28,558.81,GEV,136,1.0638,127.846,0.0358,Derwent at St Mary's Bridge,Derwent,1054,52.92817,-1.47499,435390,336880,EA-EM,US
1000,521,3.83,1.1159,28085,420.23,645.93,GEV,136,1.0638,127.846,0.0358,Derwent at St Mary's Bridge,Derwent,1054,52.92817,-1.47499,435390,336880,EA-EM,US
2,21.4,1,1.1766,28086,15.56,29.43,Kappa3,21.4,1.0592,20.204,0.049,Sence at South Wigston,Sence,113,52.57377,-1.13365,458810,297680,EA-EM,IV
5,31.1,1.45,1.1764,28086,22.62,42.76,Kappa3,21.4,1.0592,20.204,0.049,Sence at South Wigston,Sence,113,52.57377,-1.13365,458810,297680,EA-EM,IV
10,37.9,1.77,1.1771,28086,27.53,52.17,Kappa3,21.4,1.0592,20.204,0.049,Sence at South Wigston,Sence,113,52.57377,-1.13365,458810,297680,EA-EM,IV
20,44.8,2.09,1.1786,28086,32.46,61.82,Kappa3,21.4,1.0592,20.204,0.049,Sence at South Wigston,Sence,113,52.57377,-1.13365,458810,297680,EA-EM,IV
30,49,2.29,1.1797,28086,35.44,67.74,Kappa3,21.4,1.0592,20.204,0.049,Sence at South Wigston,Sence,113,52.57377,-1.13365,458810,297680,EA-EM,IV
50,54.5,2.55,1.1816,28086,39.3,75.59,Kappa3,21.4,1.0592,20.204,0.049,Sence at South Wigston,Sence,113,52.57377,-1.13365,458810,297680,EA-EM,IV
75,59,2.76,1.1834,28086,42.41,82.07,Kappa3,21.4,1.0592,20.204,0.049,Sence at South Wigston,Sence,113,52.57377,-1.13365,458810,297680,EA-EM,IV
100,62.4,2.91,1.1848,28086,44.75,87,Kappa3,21.4,1.0592,20.204,0.049,Sence at South Wigston,Sence,113,52.57377,-1.13365,458810,297680,EA-EM,IV
200,70.8,3.31,1.189,28086,50.43,99.4,Kappa3,21.4,1.0592,20.204,0.049,Sence at South Wigston,Sence,113,52.57377,-1.13365,458810,297680,EA-EM,IV
500,82.8,3.87,1.1958,28086,58.32,117.55,Kappa3,21.4,1.0592,20.204,0.049,Sence at South Wigston,Sence,113,52.57377,-1.13365,458810,297680,EA-EM,IV
1000,92.7,4.33,1.2021,28086,64.62,132.97,Kappa3,21.4,1.0592,20.204,0.049,Sence at South Wigston,Sence,113,52.57377,-1.13365,458810,297680,EA-EM,IV
2,11.7,1,1.1094,28091,9.55,14.34,GenLog,11.7,1.3251,8.83,0.0926,Ryton at Blyth,Ryton,231,53.37724,-1.05227,463145,387128,EA-EM,IV
5,16.2,1.38,1.1126,28091,13.14,19.97,GenLog,11.7,1.3251,8.83,0.0926,Ryton at Blyth,Ryton,231,53.37724,-1.05227,463145,387128,EA-EM,IV
10,19.3,1.65,1.116,28091,15.56,23.93,GenLog,11.7,1.3251,8.83,0.0926,Ryton at Blyth,Ryton,231,53.37724,-1.05227,463145,387128,EA-EM,IV
20,22.6,1.93,1.1204,28091,18.09,28.24,GenLog,11.7,1.3251,8.83,0.0926,Ryton at Blyth,Ryton,231,53.37724,-1.05227,463145,387128,EA-EM,IV
30,24.7,2.11,1.1234,28091,19.66,31.03,GenLog,11.7,1.3251,8.83,0.0926,Ryton at Blyth,Ryton,231,53.37724,-1.05227,463145,387128,EA-EM,IV
50,27.5,2.35,1.1277,28091,21.73,34.8,GenLog,11.7,1.3251,8.83,0.0926,Ryton at Blyth,Ryton,231,53.37724,-1.05227,463145,387128,EA-EM,IV
75,29.9,2.55,1.1316,28091,23.47,38.1,GenLog,11.7,1.3251,8.83,0.0926,Ryton at Blyth,Ryton,231,53.37724,-1.05227,463145,387128,EA-EM,IV
100,31.6,2.7,1.1346,28091,24.67,40.47,GenLog,11.7,1.3251,8.83,0.0926,Ryton at Blyth,Ryton,231,53.37724,-1.05227,463145,387128,EA-EM,IV
200,36.3,3.1,1.1426,28091,27.95,47.14,GenLog,11.7,1.3251,8.83,0.0926,Ryton at Blyth,Ryton,231,53.37724,-1.05227,463145,387128,EA-EM,IV
500,43.3,3.7,1.1549,28091,32.65,57.42,GenLog,11.7,1.3251,8.83,0.0926,Ryton at Blyth,Ryton,231,53.37724,-1.05227,463145,387128,EA-EM,IV
1000,49.3,4.21,1.1655,28091,36.52,66.56,GenLog,11.7,1.3251,8.83,0.0926,Ryton at Blyth,Ryton,231,53.37724,-1.05227,463145,387128,EA-EM,IV
2,135,1,1.1221,28095,107.71,169.2,Kappa3,135,1.5033,89.8,0.2709,Tame at Hopwas Bridge,Tame,1421.66,52.64397,-1.73393,418100,305170,EA-WM,VA
5,171,1.26,1.1224,28095,136.37,214.43,Kappa3,135,1.5033,89.8,0.2709,Tame at Hopwas Bridge,Tame,1421.66,52.64397,-1.73393,418100,305170,EA-WM,VA
10,196,1.45,1.1232,28095,156.08,246.12,Kappa3,135,1.5033,89.8,0.2709,Tame at Hopwas Bridge,Tame,1421.66,52.64397,-1.73393,418100,305170,EA-WM,VA
20,222,1.64,1.1247,28095,176.33,279.5,Kappa3,135,1.5033,89.8,0.2709,Tame at Hopwas Bridge,Tame,1421.66,52.64397,-1.73393,418100,305170,EA-WM,VA
30,238,1.76,1.1259,28095,188.64,300.27,Kappa3,135,1.5033,89.8,0.2709,Tame at Hopwas Bridge,Tame,1421.66,52.64397,-1.73393,418100,305170,EA-WM,VA
50,258,1.91,1.1278,28095,203.82,326.58,Kappa3,135,1.5033,89.8,0.2709,Tame at Hopwas Bridge,Tame,1421.66,52.64397,-1.73393,418100,305170,EA-WM,VA
75,275,2.04,1.1297,28095,216.53,349.25,Kappa3,135,1.5033,89.8,0.2709,Tame at Hopwas Bridge,Tame,1421.66,52.64397,-1.73393,418100,305170,EA-WM,VA
100,288,2.13,1.1312,28095,226.18,366.72,Kappa3,135,1.5033,89.8,0.2709,Tame at Hopwas Bridge,Tame,1421.66,52.64397,-1.73393,418100,305170,EA-WM,VA
200,320,2.37,1.1355,28095,249.45,410.5,Kappa3,135,1.5033,89.8,0.2709,Tame at Hopwas Bridge,Tame,1421.66,52.64397,-1.73393,418100,305170,EA-WM,VA
500,366,2.71,1.1427,28095,281.8,475.37,Kappa3,135,1.5033,89.8,0.2709,Tame at Hopwas Bridge,Tame,1421.66,52.64397,-1.73393,418100,305170,EA-WM,VA
1000,405,3,1.1494,28095,308.27,532.08,Kappa3,135,1.5033,89.8,0.2709,Tame at Hopwas Bridge,Tame,1421.66,52.64397,-1.73393,418100,305170,EA-WM,VA
2,16.6,1,1.081,30003,14.25,19.34,Gumbel,16.6,1.0698,15.518,0.0161,Bain at Fulsby Lock,Bain,197.1,53.13146,-0.14689,524080,360970,EA-LN,B
5,23.6,1.42,1.0805,30003,20.28,27.47,Gumbel,16.6,1.0698,15.518,0.0161,Bain at Fulsby Lock,Bain,197.1,53.13146,-0.14689,524080,360970,EA-LN,B
10,28.3,1.7,1.0818,30003,24.26,33.02,Gumbel,16.6,1.0698,15.518,0.0161,Bain at Fulsby Lock,Bain,197.1,53.13146,-0.14689,524080,360970,EA-LN,B
20,32.7,1.97,1.0844,30003,27.9,38.33,Gumbel,16.6,1.0698,15.518,0.0161,Bain at Fulsby Lock,Bain,197.1,53.13146,-0.14689,524080,360970,EA-LN,B
30,35.3,2.12,1.0866,30003,30,41.54,Gumbel,16.6,1.0698,15.518,0.0161,Bain at Fulsby Lock,Bain,197.1,53.13146,-0.14689,524080,360970,EA-LN,B
50,38.5,2.32,1.09,30003,32.52,45.58,Gumbel,16.6,1.0698,15.518,0.0161,Bain at Fulsby Lock,Bain,197.1,53.13146,-0.14689,524080,360970,EA-LN,B
75,41,2.47,1.0933,30003,34.42,48.83,Gumbel,16.6,1.0698,15.518,0.0161,Bain at Fulsby Lock,Bain,197.1,53.13146,-0.14689,524080,360970,EA-LN,B
100,42.8,2.58,1.096,30003,35.76,51.22,Gumbel,16.6,1.0698,15.518,0.0161,Bain at Fulsby Lock,Bain,197.1,53.13146,-0.14689,524080,360970,EA-LN,B
200,47.1,2.84,1.1034,30003,38.84,57.12,Gumbel,16.6,1.0698,15.518,0.0161,Bain at Fulsby Lock,Bain,197.1,53.13146,-0.14689,524080,360970,EA-LN,B
500,52.8,3.18,1.1152,30003,42.64,65.38,Gumbel,16.6,1.0698,15.518,0.0161,Bain at Fulsby Lock,Bain,197.1,53.13146,-0.14689,524080,360970,EA-LN,B
1000,57.1,3.44,1.1256,30003,45.28,72,Gumbel,16.6,1.0698,15.518,0.0161,Bain at Fulsby Lock,Bain,197.1,53.13146,-0.14689,524080,360970,EA-LN,B
2,7.18,1,1.0933,30004,6.03,8.55,Kappa3,7.18,1.0183,7.051,0.0106,Lymn at Partney Mill,Lymn,61.6,53.18694,0.09633,540170,367590,EA-LN,C
5,10.6,1.48,1.0946,30004,8.88,12.65,Kappa3,7.18,1.0183,7.051,0.0106,Lymn at Partney Mill,Lymn,61.6,53.18694,0.09633,540170,367590,EA-LN,C
10,13,1.81,1.0964,30004,10.85,15.57,Kappa3,7.18,1.0183,7.051,0.0106,Lymn at Partney Mill,Lymn,61.6,53.18694,0.09633,540170,367590,EA-LN,C
20,15.4,2.14,1.0991,30004,12.8,18.53,Kappa3,7.18,1.0183,7.051,0.0106,Lymn at Partney Mill,Lymn,61.6,53.18694,0.09633,540170,367590,EA-LN,C
30,16.8,2.34,1.1012,30004,13.91,20.29,Kappa3,7.18,1.0183,7.051,0.0106,Lymn at Partney Mill,Lymn,61.6,53.18694,0.09633,540170,367590,EA-LN,C
50,18.7,2.6,1.1043,30004,15.4,22.71,Kappa3,7.18,1.0183,7.051,0.0106,Lymn at Partney Mill,Lymn,61.6,53.18694,0.09633,540170,367590,EA-LN,C
75,20.2,2.81,1.1072,30004,16.55,24.66,Kappa3,7.18,1.0183,7.051,0.0106,Lymn at Partney Mill,Lymn,61.6,53.18694,0.09633,540170,367590,EA-LN,C
100,21.3,2.96,1.1096,30004,17.37,26.12,Kappa3,7.18,1.0183,7.051,0.0106,Lymn at Partney Mill,Lymn,61.6,53.18694,0.09633,540170,367590,EA-LN,C
200,24,3.34,1.116,30004,19.35,29.76,Kappa3,7.18,1.0183,7.051,0.0106,Lymn at Partney Mill,Lymn,61.6,53.18694,0.09633,540170,367590,EA-LN,C
500,27.9,3.88,1.1262,30004,22.1,35.22,Kappa3,7.18,1.0183,7.051,0.0106,Lymn at Partney Mill,Lymn,61.6,53.18694,0.09633,540170,367590,EA-LN,C
1000,31,4.32,1.1352,30004,24.18,39.75,Kappa3,7.18,1.0183,7.051,0.0106,Lymn at Partney Mill,Lymn,61.6,53.18694,0.09633,540170,367590,EA-LN,C
2,1.84,1,1.1198,30006,1.47,2.3,GEV,1.84,1.3983,1.316,0.0896,Slea at Leasingham Mill,Slea,48.4,53.02211,-0.3794,508800,348430,EA-LN,TP
5,2.67,1.45,1.1219,30006,2.13,3.35,GEV,1.84,1.3983,1.316,0.0896,Slea at Leasingham Mill,Slea,48.4,53.02211,-0.3794,508800,348430,EA-LN,TP
10,3.19,1.73,1.1245,30006,2.53,4.01,GEV,1.84,1.3983,1.316,0.0896,Slea at Leasingham Mill,Slea,48.4,53.02211,-0.3794,508800,348430,EA-LN,TP
20,3.66,1.99,1.1277,30006,2.89,4.63,GEV,1.84,1.3983,1.316,0.0896,Slea at Leasingham Mill,Slea,48.4,53.02211,-0.3794,508800,348430,EA-LN,TP
30,3.93,2.13,1.1299,30006,3.09,4.99,GEV,1.84,1.3983,1.316,0.0896,Slea at Leasingham Mill,Slea,48.4,53.02211,-0.3794,508800,348430,EA-LN,TP
50,4.25,2.31,1.1331,30006,3.33,5.43,GEV,1.84,1.3983,1.316,0.0896,Slea at Leasingham Mill,Slea,48.4,53.02211,-0.3794,508800,348430,EA-LN,TP
75,4.49,2.44,1.1359,30006,3.5,5.76,GEV,1.84,1.3983,1.316,0.0896,Slea at Leasingham Mill,Slea,48.4,53.02211,-0.3794,508800,348430,EA-LN,TP
100,4.66,2.53,1.1381,30006,3.62,6,GEV,1.84,1.3983,1.316,0.0896,Slea at Leasingham Mill,Slea,48.4,53.02211,-0.3794,508800,348430,EA-LN,TP
200,5.06,2.75,1.1438,30006,3.89,6.58,GEV,1.84,1.3983,1.316,0.0896,Slea at Leasingham Mill,Slea,48.4,53.02211,-0.3794,508800,348430,EA-LN,TP
500,5.56,3.02,1.1527,30006,4.21,7.35,GEV,1.84,1.3983,1.316,0.0896,Slea at Leasingham Mill,Slea,48.4,53.02211,-0.3794,508800,348430,EA-LN,TP
1000,5.91,3.21,1.1603,30006,4.42,7.91,GEV,1.84,1.3983,1.316,0.0896,Slea at Leasingham Mill,Slea,48.4,53.02211,-0.3794,508800,348430,EA-LN,TP
2,0.648,1,1.1069,30013,0.53,0.79,Kappa3,0.648,1.868,0.347,0.1213,Heighington Beck at Heighington,Heighington Beck,21.2,53.21248,-0.44351,504040,369510,EA-LN,C
5,0.96,1.48,1.108,30013,0.79,1.17,Kappa3,0.648,1.868,0.347,0.1213,Heighington Beck at Heighington,Heighington Beck,21.2,53.21248,-0.44351,504040,369510,EA-LN,C
10,1.19,1.83,1.1116,30013,0.97,1.46,Kappa3,0.648,1.868,0.347,0.1213,Heighington Beck at Heighington,Heighington Beck,21.2,53.21248,-0.44351,504040,369510,EA-LN,C
20,1.43,2.21,1.117,30013,1.15,1.78,Kappa3,0.648,1.868,0.347,0.1213,Heighington Beck at Heighington,Heighington Beck,21.2,53.21248,-0.44351,504040,369510,EA-LN,C
30,1.58,2.44,1.121,30013,1.26,1.98,Kappa3,0.648,1.868,0.347,0.1213,Heighington Beck at Heighington,Heighington Beck,21.2,53.21248,-0.44351,504040,369510,EA-LN,C
50,1.78,2.75,1.1269,30013,1.41,2.25,Kappa3,0.648,1.868,0.347,0.1213,Heighington Beck at Heighington,Heighington Beck,21.2,53.21248,-0.44351,504040,369510,EA-LN,C
75,1.95,3.01,1.1323,30013,1.53,2.49,Kappa3,0.648,1.868,0.347,0.1213,Heighington Beck at Heighington,Heighington Beck,21.2,53.21248,-0.44351,504040,369510,EA-LN,C
100,2.07,3.2,1.1365,30013,1.61,2.66,Kappa3,0.648,1.868,0.347,0.1213,Heighington Beck at Heighington,Heighington Beck,21.2,53.21248,-0.44351,504040,369510,EA-LN,C
200,2.4,3.7,1.1476,30013,1.83,3.14,Kappa3,0.648,1.868,0.347,0.1213,Heighington Beck at Heighington,Heighington Beck,21.2,53.21248,-0.44351,504040,369510,EA-LN,C
500,2.88,4.45,1.1646,30013,2.14,3.88,Kappa3,0.648,1.868,0.347,0.1213,Heighington Beck at Heighington,Heighington Beck,21.2,53.21248,-0.44351,504040,369510,EA-LN,C
1000,3.3,5.09,1.1791,30013,2.39,4.56,Kappa3,0.648,1.868,0.347,0.1213,Heighington Beck at Heighington,Heighington Beck,21.2,53.21248,-0.44351,504040,369510,EA-LN,C
2,35,1,1.0806,31004,30.07,40.74,GEV,35,1.0389,33.69,0.0264,Welland at Tallington Total,Welland,717.4,52.65614,-0.38129,509590,307720,EA-LN,CB+2C
5,49.5,1.41,1.0817,31004,42.44,57.74,GEV,35,1.0389,33.69,0.0264,Welland at Tallington Total,Welland,717.4,52.65614,-0.38129,509590,307720,EA-LN,CB+2C
10,60.1,1.72,1.0844,31004,51.27,70.44,GEV,35,1.0389,33.69,0.0264,Welland at Tallington Total,Welland,717.4,52.65614,-0.38129,509590,307720,EA-LN,CB+2C
20,71.2,2.03,1.0886,31004,60.29,84.09,GEV,35,1.0389,33.69,0.0264,Welland at Tallington Total,Welland,717.4,52.65614,-0.38129,509590,307720,EA-LN,CB+2C
30,77.9,2.23,1.0918,31004,65.58,92.53,GEV,35,1.0389,33.69,0.0264,Welland at Tallington Total,Welland,717.4,52.65614,-0.38129,509590,307720,EA-LN,CB+2C
50,86.8,2.48,1.0966,31004,72.45,104,GEV,35,1.0389,33.69,0.0264,Welland at Tallington Total,Welland,717.4,52.65614,-0.38129,509590,307720,EA-LN,CB+2C
75,94.2,2.69,1.101,31004,78.01,113.75,GEV,35,1.0389,33.69,0.0264,Welland at Tallington Total,Welland,717.4,52.65614,-0.38129,509590,307720,EA-LN,CB+2C
100,99.6,2.85,1.1044,31004,81.98,121,GEV,35,1.0389,33.69,0.0264,Welland at Tallington Total,Welland,717.4,52.65614,-0.38129,509590,307720,EA-LN,CB+2C
200,113,3.24,1.1137,31004,91.5,139.55,GEV,35,1.0389,33.69,0.0264,Welland at Tallington Total,Welland,717.4,52.65614,-0.38129,509590,307720,EA-LN,CB+2C
500,133,3.8,1.1282,31004,105,168.47,GEV,35,1.0389,33.69,0.0264,Welland at Tallington Total,Welland,717.4,52.65614,-0.38129,509590,307720,EA-LN,CB+2C
1000,149,4.27,1.1406,31004,115.13,192.83,GEV,35,1.0389,33.69,0.0264,Welland at Tallington Total,Welland,717.4,52.65614,-0.38129,509590,307720,EA-LN,CB+2C
2,37.4,1,1.0659,31005,33,42.38,Kappa3,37.4,1.0243,36.513,0.0208,Welland at Tixover,Welland,417,52.58574,-0.56957,497010,299620,EA-LN,VA
5,54.8,1.47,1.0688,31005,48.1,62.43,Kappa3,37.4,1.0243,36.513,0.0208,Welland at Tixover,Welland,417,52.58574,-0.56957,497010,299620,EA-LN,VA
10,67.5,1.81,1.0735,31005,58.74,77.57,Kappa3,37.4,1.0243,36.513,0.0208,Welland at Tixover,Welland,417,52.58574,-0.56957,497010,299620,EA-LN,VA
20,80.9,2.16,1.08,31005,69.57,94.07,Kappa3,37.4,1.0243,36.513,0.0208,Welland at Tixover,Welland,417,52.58574,-0.56957,497010,299620,EA-LN,VA
30,89.1,2.38,1.0847,31005,75.98,104.49,Kappa3,37.4,1.0243,36.513,0.0208,Welland at Tixover,Welland,417,52.58574,-0.56957,497010,299620,EA-LN,VA
50,100,2.68,1.0915,31005,84.23,118.72,Kappa3,37.4,1.0243,36.513,0.0208,Welland at Tixover,Welland,417,52.58574,-0.56957,497010,299620,EA-LN,VA
75,109,2.93,1.0975,31005,90.83,130.8,Kappa3,37.4,1.0243,36.513,0.0208,Welland at Tixover,Welland,417,52.58574,-0.56957,497010,299620,EA-LN,VA
100,116,3.11,1.1021,31005,95.87,140.35,Kappa3,37.4,1.0243,36.513,0.0208,Welland at Tixover,Welland,417,52.58574,-0.56957,497010,299620,EA-LN,VA
200,134,3.59,1.1143,31005,108.39,165.66,Kappa3,37.4,1.0243,36.513,0.0208,Welland at Tixover,Welland,417,52.58574,-0.56957,497010,299620,EA-LN,VA
500,161,4.29,1.1325,31005,126.16,205.47,Kappa3,37.4,1.0243,36.513,0.0208,Welland at Tixover,Welland,417,52.58574,-0.56957,497010,299620,EA-LN,VA
1000,183,4.89,1.1476,31005,139.72,239.68,Kappa3,37.4,1.0243,36.513,0.0208,Welland at Tixover,Welland,417,52.58574,-0.56957,497010,299620,EA-LN,VA
2,62.3,1,1.0337,32010,58.38,66.48,GEV,62.3,1.1265,55.306,0.0747,Nene at Wansford,Nene,1530,52.58303,-0.40656,508060,299550,EA-LN,US
5,81.9,1.31,1.0358,32010,76.44,87.75,GEV,62.3,1.1265,55.306,0.0747,Nene at Wansford,Nene,1530,52.58303,-0.40656,508060,299550,EA-LN,US
10,95.4,1.53,1.0391,32010,88.49,102.85,GEV,62.3,1.1265,55.306,0.0747,Nene at Wansford,Nene,1530,52.58303,-0.40656,508060,299550,EA-LN,US
20,109,1.74,1.0439,32010,100.2,118.58,GEV,62.3,1.1265,55.306,0.0747,Nene at Wansford,Nene,1530,52.58303,-0.40656,508060,299550,EA-LN,US
30,116,1.87,1.0474,32010,105.93,127.02,GEV,62.3,1.1265,55.306,0.0747,Nene at Wansford,Nene,1530,52.58303,-0.40656,508060,299550,EA-LN,US
50,126,2.03,1.0524,32010,114,139.27,GEV,62.3,1.1265,55.306,0.0747,Nene at Wansford,Nene,1530,52.58303,-0.40656,508060,299550,EA-LN,US
75,134,2.15,1.0569,32010,120.23,149.35,GEV,62.3,1.1265,55.306,0.0747,Nene at Wansford,Nene,1530,52.58303,-0.40656,508060,299550,EA-LN,US
100,140,2.25,1.0604,32010,124.8,157.05,GEV,62.3,1.1265,55.306,0.0747,Nene at Wansford,Nene,1530,52.58303,-0.40656,508060,299550,EA-LN,US
200,154,2.47,1.0696,32010,134.97,175.71,GEV,62.3,1.1265,55.306,0.0747,Nene at Wansford,Nene,1530,52.58303,-0.40656,508060,299550,EA-LN,US
500,173,2.77,1.0834,32010,147.86,202.41,GEV,62.3,1.1265,55.306,0.0747,Nene at Wansford,Nene,1530,52.58303,-0.40656,508060,299550,EA-LN,US
1000,188,3.01,1.095,32010,157.36,224.6,GEV,62.3,1.1265,55.306,0.0747,Nene at Wansford,Nene,1530,52.58303,-0.40656,508060,299550,EA-LN,US
2,21.8,1,1.0576,33005,19.53,24.33,Kappa3,21.8,1.0382,20.998,0.0253,Bedford Ouse at Thornborough Mill,Bedford Ouse,388.5,52.0114,-0.93105,473463,235314,EA-EA,MIS
5,30.4,1.39,1.0598,33005,27.13,34.07,Kappa3,21.8,1.0382,20.998,0.0253,Bedford Ouse at Thornborough Mill,Bedford Ouse,388.5,52.0114,-0.93105,473463,235314,EA-EA,MIS
10,37,1.7,1.0639,33005,32.77,41.78,Kappa3,21.8,1.0382,20.998,0.0253,Bedford Ouse at Thornborough Mill,Bedford Ouse,388.5,52.0114,-0.93105,473463,235314,EA-EA,MIS
20,44.3,2.03,1.0697,33005,38.82,50.55,Kappa3,21.8,1.0382,20.998,0.0253,Bedford Ouse at Thornborough Mill,Bedford Ouse,388.5,52.0114,-0.93105,473463,235314,EA-EA,MIS
30,48.9,2.24,1.0739,33005,42.52,56.23,Kappa3,21.8,1.0382,20.998,0.0253,Bedford Ouse at Thornborough Mill,Bedford Ouse,388.5,52.0114,-0.93105,473463,235314,EA-EA,MIS
50,55.2,2.53,1.08,33005,47.47,64.19,Kappa3,21.8,1.0382,20.998,0.0253,Bedford Ouse at Thornborough Mill,Bedford Ouse,388.5,52.0114,-0.93105,473463,235314,EA-EA,MIS
75,60.7,2.79,1.0855,33005,51.68,71.29,Kappa3,21.8,1.0382,20.998,0.0253,Bedford Ouse at Thornborough Mill,Bedford Ouse,388.5,52.0114,-0.93105,473463,235314,EA-EA,MIS
100,64.9,2.98,1.0897,33005,54.84,76.8,Kappa3,21.8,1.0382,20.998,0.0253,Bedford Ouse at Thornborough Mill,Bedford Ouse,388.5,52.0114,-0.93105,473463,235314,EA-EA,MIS
200,75.9,3.48,1.1008,33005,62.88,91.62,Kappa3,21.8,1.0382,20.998,0.0253,Bedford Ouse at Thornborough Mill,Bedford Ouse,388.5,52.0114,-0.93105,473463,235314,EA-EA,MIS
500,93.1,4.27,1.1176,33005,74.87,115.77,Kappa3,21.8,1.0382,20.998,0.0253,Bedford Ouse at Thornborough Mill,Bedford Ouse,388.5,52.0114,-0.93105,473463,235314,EA-EA,MIS
1000,108,4.97,1.1318,33005,84.73,137.66,Kappa3,21.8,1.0382,20.998,0.0253,Bedford Ouse at Thornborough Mill,Bedford Ouse,388.5,52.0114,-0.93105,473463,235314,EA-EA,MIS
2,3.62,1,1.0692,33007,3.18,4.13,Gumbel,3.62,1.0717,3.378,0.0144,Nar at Marham,Nar,153.3,52.67807,0.54792,572348,311976,EA-EA,FLCB
5,5.06,1.4,1.0732,33007,4.41,5.81,Gumbel,3.62,1.0717,3.378,0.0144,Nar at Marham,Nar,153.3,52.67807,0.54792,572348,311976,EA-EA,FLCB
10,6.02,1.66,1.0773,33007,5.2,6.97,Gumbel,3.62,1.0717,3.378,0.0144,Nar at Marham,Nar,153.3,52.67807,0.54792,572348,311976,EA-EA,FLCB
20,6.93,1.92,1.0824,33007,5.93,8.09,Gumbel,3.62,1.0717,3.378,0.0144,Nar at Marham,Nar,153.3,52.67807,0.54792,572348,311976,EA-EA,FLCB
30,7.46,2.06,1.0859,33007,6.35,8.77,Gumbel,3.62,1.0717,3.378,0.0144,Nar at Marham,Nar,153.3,52.67807,0.54792,572348,311976,EA-EA,FLCB
50,8.12,2.24,1.0907,33007,6.85,9.63,Gumbel,3.62,1.0717,3.378,0.0144,Nar at Marham,Nar,153.3,52.67807,0.54792,572348,311976,EA-EA,FLCB
75,8.64,2.39,1.095,33007,7.23,10.32,Gumbel,3.62,1.0717,3.378,0.0144,Nar at Marham,Nar,153.3,52.67807,0.54792,572348,311976,EA-EA,FLCB
100,9.01,2.49,1.0982,33007,7.5,10.83,Gumbel,3.62,1.0717,3.378,0.0144,Nar at Marham,Nar,153.3,52.67807,0.54792,572348,311976,EA-EA,FLCB
200,9.89,2.73,1.1068,33007,8.11,12.07,Gumbel,3.62,1.0717,3.378,0.0144,Nar at Marham,Nar,153.3,52.67807,0.54792,572348,311976,EA-EA,FLCB
500,11.1,3.06,1.1196,33007,8.9,13.85,Gumbel,3.62,1.0717,3.378,0.0144,Nar at Marham,Nar,153.3,52.67807,0.54792,572348,311976,EA-EA,FLCB
1000,11.9,3.3,1.1304,33007,9.36,15.13,Gumbel,3.62,1.0717,3.378,0.0144,Nar at Marham,Nar,153.3,52.67807,0.54792,572348,311976,EA-EA,FLCB
2,4.14,1,1.0901,33011,3.5,4.9,GEV,4.14,1.049,3.947,0.0178,Little Ouse at County Bridge Euston,Little Ouse,128.7,52.38701,0.77941,589242,280188,EA-EA,CB
5,5.91,1.43,1.0923,33011,4.97,7.03,GEV,4.14,1.049,3.947,0.0178,Little Ouse at County Bridge Euston,Little Ouse,128.7,52.38701,0.77941,589242,280188,EA-EA,CB
10,6.99,1.69,1.0951,33011,5.85,8.35,GEV,4.14,1.049,3.947,0.0178,Little Ouse at County Bridge Euston,Little Ouse,128.7,52.38701,0.77941,589242,280188,EA-EA,CB
20,7.95,1.92,1.0988,33011,6.61,9.56,GEV,4.14,1.049,3.947,0.0178,Little Ouse at County Bridge Euston,Little Ouse,128.7,52.38701,0.77941,589242,280188,EA-EA,CB
30,8.48,2.05,1.1013,33011,7.02,10.25,GEV,4.14,1.049,3.947,0.0178,Little Ouse at County Bridge Euston,Little Ouse,128.7,52.38701,0.77941,589242,280188,EA-EA,CB
50,9.11,2.2,1.1048,33011,7.49,11.08,GEV,4.14,1.049,3.947,0.0178,Little Ouse at County Bridge Euston,Little Ouse,128.7,52.38701,0.77941,589242,280188,EA-EA,CB
75,9.59,2.32,1.108,33011,7.84,11.73,GEV,4.14,1.049,3.947,0.0178,Little Ouse at County Bridge Euston,Little Ouse,128.7,52.38701,0.77941,589242,280188,EA-EA,CB
100,9.92,2.4,1.1104,33011,8.08,12.18,GEV,4.14,1.049,3.947,0.0178,Little Ouse at County Bridge Euston,Little Ouse,128.7,52.38701,0.77941,589242,280188,EA-EA,CB
200,10.7,2.58,1.1168,33011,8.62,13.29,GEV,4.14,1.049,3.947,0.0178,Little Ouse at County Bridge Euston,Little Ouse,128.7,52.38701,0.77941,589242,280188,EA-EA,CB
500,11.6,2.8,1.1267,33011,9.18,14.66,GEV,4.14,1.049,3.947,0.0178,Little Ouse at County Bridge Euston,Little Ouse,128.7,52.38701,0.77941,589242,280188,EA-EA,CB
1000,12.2,2.96,1.135,33011,9.52,15.64,GEV,4.14,1.049,3.947,0.0178,Little Ouse at County Bridge Euston,Little Ouse,128.7,52.38701,0.77941,589242,280188,EA-EA,CB
2,7.72,1,1.0602,33014,6.88,8.66,GenLog,7.72,1.2469,6.192,0.0507,Lark at Temple,Lark,272,52.32642,0.57839,575805,272944,EA-EA,CB
5,10.5,1.36,1.0619,33014,9.33,11.81,GenLog,7.72,1.2469,6.192,0.0507,Lark at Temple,Lark,272,52.32642,0.57839,575805,272944,EA-EA,CB
10,12.3,1.6,1.065,33014,10.87,13.92,GenLog,7.72,1.2469,6.192,0.0507,Lark at Temple,Lark,272,52.32642,0.57839,575805,272944,EA-EA,CB
20,14.2,1.84,1.0693,33014,12.45,16.19,GenLog,7.72,1.2469,6.192,0.0507,Lark at Temple,Lark,272,52.32642,0.57839,575805,272944,EA-EA,CB
30,15.4,1.99,1.0724,33014,13.43,17.66,GenLog,7.72,1.2469,6.192,0.0507,Lark at Temple,Lark,272,52.32642,0.57839,575805,272944,EA-EA,CB
50,16.9,2.18,1.0767,33014,14.62,19.53,GenLog,7.72,1.2469,6.192,0.0507,Lark at Temple,Lark,272,52.32642,0.57839,575805,272944,EA-EA,CB
75,18.1,2.35,1.0806,33014,15.55,21.07,GenLog,7.72,1.2469,6.192,0.0507,Lark at Temple,Lark,272,52.32642,0.57839,575805,272944,EA-EA,CB
100,19,2.47,1.0836,33014,16.23,22.24,GenLog,7.72,1.2469,6.192,0.0507,Lark at Temple,Lark,272,52.32642,0.57839,575805,272944,EA-EA,CB
200,21.4,2.77,1.0914,33014,18.03,25.4,GenLog,7.72,1.2469,6.192,0.0507,Lark at Temple,Lark,272,52.32642,0.57839,575805,272944,EA-EA,CB
500,24.8,3.22,1.1032,33014,20.46,30.06,GenLog,7.72,1.2469,6.192,0.0507,Lark at Temple,Lark,272,52.32642,0.57839,575805,272944,EA-EA,CB
1000,27.7,3.59,1.1131,33014,22.45,34.17,GenLog,7.72,1.2469,6.192,0.0507,Lark at Temple,Lark,272,52.32642,0.57839,575805,272944,EA-EA,CB
2,7.33,1,1.083,33019,6.27,8.57,Kappa3,7.33,1.0891,6.731,0.0279,Thet at Melford Bridge,Thet,316,52.4127,0.76219,587961,283000,EA-EA,C
5,10.1,1.38,1.0843,33019,8.62,11.84,Kappa3,7.33,1.0891,6.731,0.0279,Thet at Melford Bridge,Thet,316,52.4127,0.76219,587961,283000,EA-EA,C
10,11.9,1.62,1.0862,33019,10.12,13.99,Kappa3,7.33,1.0891,6.731,0.0279,Thet at Melford Bridge,Thet,316,52.4127,0.76219,587961,283000,EA-EA,C
20,13.6,1.86,1.0891,33019,11.5,16.08,Kappa3,7.33,1.0891,6.731,0.0279,Thet at Melford Bridge,Thet,316,52.4127,0.76219,587961,283000,EA-EA,C
30,14.7,2,1.0913,33019,12.39,17.45,Kappa3,7.33,1.0891,6.731,0.0279,Thet at Melford Bridge,Thet,316,52.4127,0.76219,587961,283000,EA-EA,C
50,16,2.18,1.0946,33019,13.4,19.1,Kappa3,7.33,1.0891,6.731,0.0279,Thet at Melford Bridge,Thet,316,52.4127,0.76219,587961,283000,EA-EA,C
75,17,2.32,1.0978,33019,14.16,20.41,Kappa3,7.33,1.0891,6.731,0.0279,Thet at Melford Bridge,Thet,316,52.4127,0.76219,587961,283000,EA-EA,C
100,17.8,2.42,1.1003,33019,14.76,21.47,Kappa3,7.33,1.0891,6.731,0.0279,Thet at Melford Bridge,Thet,316,52.4127,0.76219,587961,283000,EA-EA,C
200,19.6,2.68,1.1072,33019,16.05,23.93,Kappa3,7.33,1.0891,6.731,0.0279,Thet at Melford Bridge,Thet,316,52.4127,0.76219,587961,283000,EA-EA,C
500,22.1,3.02,1.1183,33019,17.75,27.51,Kappa3,7.33,1.0891,6.731,0.0279,Thet at Melford Bridge,Thet,316,52.4127,0.76219,587961,283000,EA-EA,C
1000,24.1,3.29,1.1281,33019,19.03,30.52,Kappa3,7.33,1.0891,6.731,0.0279,Thet at Melford Bridge,Thet,316,52.4127,0.76219,587961,283000,EA-EA,C
2,2.72,1,1.0714,33029,2.38,3.11,Kappa3,2.72,1.15,2.365,0.0226,Stringside at Whitebridge,Stringside,98.8,52.57635,0.531,571602,300623,EA-EA,FL
5,3.76,1.38,1.0717,33029,3.28,4.31,Kappa3,2.72,1.15,2.365,0.0226,Stringside at Whitebridge,Stringside,98.8,52.57635,0.531,571602,300623,EA-EA,FL
10,4.42,1.62,1.073,33029,3.85,5.07,Kappa3,2.72,1.15,2.365,0.0226,Stringside at Whitebridge,Stringside,98.8,52.57635,0.531,571602,300623,EA-EA,FL
20,5.05,1.86,1.0751,33029,4.38,5.82,Kappa3,2.72,1.15,2.365,0.0226,Stringside at Whitebridge,Stringside,98.8,52.57635,0.531,571602,300623,EA-EA,FL
30,5.42,1.99,1.0768,33029,4.69,6.27,Kappa3,2.72,1.15,2.365,0.0226,Stringside at Whitebridge,Stringside,98.8,52.57635,0.531,571602,300623,EA-EA,FL
50,5.88,2.16,1.0793,33029,5.06,6.83,Kappa3,2.72,1.15,2.365,0.0226,Stringside at Whitebridge,Stringside,98.8,52.57635,0.531,571602,300623,EA-EA,FL
75,6.25,2.3,1.0818,33029,5.36,7.29,Kappa3,2.72,1.15,2.365,0.0226,Stringside at Whitebridge,Stringside,98.8,52.57635,0.531,571602,300623,EA-EA,FL
100,6.51,2.39,1.0837,33029,5.56,7.62,Kappa3,2.72,1.15,2.365,0.0226,Stringside at Whitebridge,Stringside,98.8,52.57635,0.531,571602,300623,EA-EA,FL
200,7.14,2.62,1.0892,33029,6.04,8.44,Kappa3,2.72,1.15,2.365,0.0226,Stringside at Whitebridge,Stringside,98.8,52.57635,0.531,571602,300623,EA-EA,FL
500,7.98,2.93,1.0979,33029,6.65,9.58,Kappa3,2.72,1.15,2.365,0.0226,Stringside at Whitebridge,Stringside,98.8,52.57635,0.531,571602,300623,EA-EA,FL
1000,8.62,3.17,1.1057,33029,7.08,10.5,Kappa3,2.72,1.15,2.365,0.0226,Stringside at Whitebridge,Stringside,98.8,52.57635,0.531,571602,300623,EA-EA,FL
2,12.9,1,1.0761,33031,11.17,14.89,Kappa3,12.9,1.1471,11.246,0.1029,Broughton Brook at Broughton,Broughton Brook,66.6,52.05949,-0.70566,488837,240914,EA-EA,FV
5,18,1.4,1.0794,33031,15.5,20.91,Kappa3,12.9,1.1471,11.246,0.1029,Broughton Brook at Broughton,Broughton Brook,66.6,52.05949,-0.70566,488837,240914,EA-EA,FV
10,21.6,1.67,1.0825,33031,18.49,25.23,Kappa3,12.9,1.1471,11.246,0.1029,Broughton Brook at Broughton,Broughton Brook,66.6,52.05949,-0.70566,488837,240914,EA-EA,FV
20,25.1,1.94,1.0861,33031,21.35,29.51,Kappa3,12.9,1.1471,11.246,0.1029,Broughton Brook at Broughton,Broughton Brook,66.6,52.05949,-0.70566,488837,240914,EA-EA,FV
30,27.2,2.11,1.0886,33031,23.03,32.12,Kappa3,12.9,1.1471,11.246,0.1029,Broughton Brook at Broughton,Broughton Brook,66.6,52.05949,-0.70566,488837,240914,EA-EA,FV
50,29.9,2.32,1.0921,33031,25.16,35.54,Kappa3,12.9,1.1471,11.246,0.1029,Broughton Brook at Broughton,Broughton Brook,66.6,52.05949,-0.70566,488837,240914,EA-EA,FV
75,32.1,2.49,1.0953,33031,26.85,38.37,Kappa3,12.9,1.1471,11.246,0.1029,Broughton Brook at Broughton,Broughton Brook,66.6,52.05949,-0.70566,488837,240914,EA-EA,FV
100,33.7,2.61,1.0978,33031,28.07,40.46,Kappa3,12.9,1.1471,11.246,0.1029,Broughton Brook at Broughton,Broughton Brook,66.6,52.05949,-0.70566,488837,240914,EA-EA,FV
200,37.8,2.93,1.1043,33031,31.12,45.91,Kappa3,12.9,1.1471,11.246,0.1029,Broughton Brook at Broughton,Broughton Brook,66.6,52.05949,-0.70566,488837,240914,EA-EA,FV
500,43.4,3.37,1.1143,33031,35.1,53.66,Kappa3,12.9,1.1471,11.246,0.1029,Broughton Brook at Broughton,Broughton Brook,66.6,52.05949,-0.70566,488837,240914,EA-EA,FV
1000,48,3.72,1.123,33031,38.24,60.25,Kappa3,12.9,1.1471,11.246,0.1029,Broughton Brook at Broughton,Broughton Brook,66.6,52.05949,-0.70566,488837,240914,EA-EA,FV
2,0.442,1,1.0815,33032,0.38,0.52,GEV,0.442,1.0702,0.413,0.0074,Heacham at Heacham,Heacham,59,52.90836,0.50453,568523,337484,EA-EA,C+C
5,0.636,1.44,1.0806,33032,0.55,0.74,GEV,0.442,1.0702,0.413,0.0074,Heacham at Heacham,Heacham,59,52.90836,0.50453,568523,337484,EA-EA,C+C
10,0.757,1.71,1.0822,33032,0.65,0.88,GEV,0.442,1.0702,0.413,0.0074,Heacham at Heacham,Heacham,59,52.90836,0.50453,568523,337484,EA-EA,C+C
20,0.868,1.96,1.0852,33032,0.74,1.02,GEV,0.442,1.0702,0.413,0.0074,Heacham at Heacham,Heacham,59,52.90836,0.50453,568523,337484,EA-EA,C+C
30,0.929,2.1,1.0877,33032,0.79,1.1,GEV,0.442,1.0702,0.413,0.0074,Heacham at Heacham,Heacham,59,52.90836,0.50453,568523,337484,EA-EA,C+C
50,1,2.27,1.0914,33032,0.84,1.19,GEV,0.442,1.0702,0.413,0.0074,Heacham at Heacham,Heacham,59,52.90836,0.50453,568523,337484,EA-EA,C+C
75,1.06,2.4,1.095,33032,0.89,1.27,GEV,0.442,1.0702,0.413,0.0074,Heacham at Heacham,Heacham,59,52.90836,0.50453,568523,337484,EA-EA,C+C
100,1.1,2.49,1.0977,33032,0.92,1.32,GEV,0.442,1.0702,0.413,0.0074,Heacham at Heacham,Heacham,59,52.90836,0.50453,568523,337484,EA-EA,C+C
200,1.19,2.69,1.1054,33032,0.98,1.45,GEV,0.442,1.0702,0.413,0.0074,Heacham at Heacham,Heacham,59,52.90836,0.50453,568523,337484,EA-EA,C+C
500,1.31,2.95,1.1174,33032,1.05,1.63,GEV,0.442,1.0702,0.413,0.0074,Heacham at Heacham,Heacham,59,52.90836,0.50453,568523,337484,EA-EA,C+C
1000,1.39,3.14,1.1278,33032,1.1,1.76,GEV,0.442,1.0702,0.413,0.0074,Heacham at Heacham,Heacham,59,52.90836,0.50453,568523,337484,EA-EA,C+C
2,15.6,1,1.0829,33034,13.35,18.24,GenLog,15.6,1.0947,14.25,0.0295,Little Ouse at Abbey Heath,Little Ouse,688.5,52.42591,0.72077,585089,284362,EA-EA,C
5,21.4,1.37,1.0841,33034,18.27,25.07,GenLog,15.6,1.0947,14.25,0.0295,Little Ouse at Abbey Heath,Little Ouse,688.5,52.42591,0.72077,585089,284362,EA-EA,C
10,25.5,1.63,1.0863,33034,21.68,29.99,GenLog,15.6,1.0947,14.25,0.0295,Little Ouse at Abbey Heath,Little Ouse,688.5,52.42591,0.72077,585089,284362,EA-EA,C
20,29.8,1.91,1.0897,33034,25.18,35.26,GenLog,15.6,1.0947,14.25,0.0295,Little Ouse at Abbey Heath,Little Ouse,688.5,52.42591,0.72077,585089,284362,EA-EA,C
30,32.5,2.08,1.0923,33034,27.34,38.64,GenLog,15.6,1.0947,14.25,0.0295,Little Ouse at Abbey Heath,Little Ouse,688.5,52.42591,0.72077,585089,284362,EA-EA,C
50,36.1,2.32,1.0962,33034,30.15,43.22,GenLog,15.6,1.0947,14.25,0.0295,Little Ouse at Abbey Heath,Little Ouse,688.5,52.42591,0.72077,585089,284362,EA-EA,C
75,39.2,2.52,1.0999,33034,32.53,47.24,GenLog,15.6,1.0947,14.25,0.0295,Little Ouse at Abbey Heath,Little Ouse,688.5,52.42591,0.72077,585089,284362,EA-EA,C
100,41.6,2.66,1.1029,33034,34.33,50.4,GenLog,15.6,1.0947,14.25,0.0295,Little Ouse at Abbey Heath,Little Ouse,688.5,52.42591,0.72077,585089,284362,EA-EA,C
200,47.7,3.06,1.1111,33034,38.8,58.64,GenLog,15.6,1.0947,14.25,0.0295,Little Ouse at Abbey Heath,Little Ouse,688.5,52.42591,0.72077,585089,284362,EA-EA,C
500,57,3.65,1.1242,33034,45.31,71.7,GenLog,15.6,1.0947,14.25,0.0295,Little Ouse at Abbey Heath,Little Ouse,688.5,52.42591,0.72077,585089,284362,EA-EA,C
1000,65,4.17,1.1357,33034,50.65,83.41,GenLog,15.6,1.0947,14.25,0.0295,Little Ouse at Abbey Heath,Little Ouse,688.5,52.42591,0.72077,585089,284362,EA-EA,C
2,1.34,1,1.1312,33050,1.05,1.71,GEV,1.34,1.3522,0.991,0.0773,Snail at Fordham,Snail,60.6,52.30591,0.39225,563197,270227,EA-EA,FV
5,1.93,1.44,1.1306,33050,1.52,2.45,GEV,1.34,1.3522,0.991,0.0773,Snail at Fordham,Snail,60.6,52.30591,0.39225,563197,270227,EA-EA,FV
10,2.29,1.71,1.1316,33050,1.8,2.92,GEV,1.34,1.3522,0.991,0.0773,Snail at Fordham,Snail,60.6,52.30591,0.39225,563197,270227,EA-EA,FV
20,2.62,1.95,1.1333,33050,2.05,3.35,GEV,1.34,1.3522,0.991,0.0773,Snail at Fordham,Snail,60.6,52.30591,0.39225,563197,270227,EA-EA,FV
30,2.8,2.09,1.1347,33050,2.19,3.59,GEV,1.34,1.3522,0.991,0.0773,Snail at Fordham,Snail,60.6,52.30591,0.39225,563197,270227,EA-EA,FV
50,3.02,2.25,1.1368,33050,2.35,3.88,GEV,1.34,1.3522,0.991,0.0773,Snail at Fordham,Snail,60.6,52.30591,0.39225,563197,270227,EA-EA,FV
75,3.18,2.37,1.1388,33050,2.46,4.1,GEV,1.34,1.3522,0.991,0.0773,Snail at Fordham,Snail,60.6,52.30591,0.39225,563197,270227,EA-EA,FV
100,3.3,2.46,1.1404,33050,2.55,4.27,GEV,1.34,1.3522,0.991,0.0773,Snail at Fordham,Snail,60.6,52.30591,0.39225,563197,270227,EA-EA,FV
200,3.56,2.66,1.1448,33050,2.73,4.64,GEV,1.34,1.3522,0.991,0.0773,Snail at Fordham,Snail,60.6,52.30591,0.39225,563197,270227,EA-EA,FV
500,3.88,2.9,1.1519,33050,2.94,5.12,GEV,1.34,1.3522,0.991,0.0773,Snail at Fordham,Snail,60.6,52.30591,0.39225,563197,270227,EA-EA,FV
1000,4.11,3.07,1.1583,33050,3.08,5.48,GEV,1.34,1.3522,0.991,0.0773,Snail at Fordham,Snail,60.6,52.30591,0.39225,563197,270227,EA-EA,FV
2,7.9,1,1.0488,33051,7.2,8.67,Kappa3,7.9,1.0795,7.318,0.0335,Cam at Chesterford,Cam,141,52.06174,0.19427,550523,242645,EA-EA,CB
5,11.3,1.43,1.051,33051,10.25,12.46,Kappa3,7.9,1.0795,7.318,0.0335,Cam at Chesterford,Cam,141,52.06174,0.19427,550523,242645,EA-EA,CB
10,13.5,1.7,1.0537,33051,12.18,14.96,Kappa3,7.9,1.0795,7.318,0.0335,Cam at Chesterford,Cam,141,52.06174,0.19427,550523,242645,EA-EA,CB
20,15.5,1.96,1.0571,33051,13.9,17.28,Kappa3,7.9,1.0795,7.318,0.0335,Cam at Chesterford,Cam,141,52.06174,0.19427,550523,242645,EA-EA,CB
30,16.7,2.11,1.0595,33051,14.91,18.7,Kappa3,7.9,1.0795,7.318,0.0335,Cam at Chesterford,Cam,141,52.06174,0.19427,550523,242645,EA-EA,CB
50,18.2,2.3,1.0629,33051,16.15,20.51,Kappa3,7.9,1.0795,7.318,0.0335,Cam at Chesterford,Cam,141,52.06174,0.19427,550523,242645,EA-EA,CB
75,19.3,2.44,1.0659,33051,17.03,21.87,Kappa3,7.9,1.0795,7.318,0.0335,Cam at Chesterford,Cam,141,52.06174,0.19427,550523,242645,EA-EA,CB
100,20.1,2.55,1.0682,33051,17.66,22.87,Kappa3,7.9,1.0795,7.318,0.0335,Cam at Chesterford,Cam,141,52.06174,0.19427,550523,242645,EA-EA,CB
200,22.1,2.8,1.0742,33051,19.21,25.43,Kappa3,7.9,1.0795,7.318,0.0335,Cam at Chesterford,Cam,141,52.06174,0.19427,550523,242645,EA-EA,CB
500,24.8,3.13,1.0833,33051,21.2,29.01,Kappa3,7.9,1.0795,7.318,0.0335,Cam at Chesterford,Cam,141,52.06174,0.19427,550523,242645,EA-EA,CB
1000,26.8,3.39,1.0908,33051,22.6,31.78,Kappa3,7.9,1.0795,7.318,0.0335,Cam at Chesterford,Cam,141,52.06174,0.19427,550523,242645,EA-EA,CB
2,1.13,1,1.0575,33054,1.01,1.26,GEV,1.13,1.1083,1.02,0.015,Babingley at Castle Rising,Babingley,47.7,52.79877,0.49057,568007,325264,EA-EA,FV
5,1.63,1.45,1.0619,33054,1.45,1.83,GEV,1.13,1.1083,1.02,0.015,Babingley at Castle Rising,Babingley,47.7,52.79877,0.49057,568007,325264,EA-EA,FV
10,1.96,1.73,1.0681,33054,1.72,2.23,GEV,1.13,1.1083,1.02,0.015,Babingley at Castle Rising,Babingley,47.7,52.79877,0.49057,568007,325264,EA-EA,FV
20,2.26,2,1.0761,33054,1.96,2.61,GEV,1.13,1.1083,1.02,0.015,Babingley at Castle Rising,Babingley,47.7,52.79877,0.49057,568007,325264,EA-EA,FV
30,2.44,2.16,1.0816,33054,2.09,2.85,GEV,1.13,1.1083,1.02,0.015,Babingley at Castle Rising,Babingley,47.7,52.79877,0.49057,568007,325264,EA-EA,FV
50,2.65,2.35,1.0892,33054,2.24,3.13,GEV,1.13,1.1083,1.02,0.015,Babingley at Castle Rising,Babingley,47.7,52.79877,0.49057,568007,325264,EA-EA,FV
75,2.82,2.5,1.0958,33054,2.36,3.37,GEV,1.13,1.1083,1.02,0.015,Babingley at Castle Rising,Babingley,47.7,52.79877,0.49057,568007,325264,EA-EA,FV
100,2.94,2.6,1.1008,33054,2.44,3.55,GEV,1.13,1.1083,1.02,0.015,Babingley at Castle Rising,Babingley,47.7,52.79877,0.49057,568007,325264,EA-EA,FV
200,3.22,2.85,1.1138,33054,2.61,3.98,GEV,1.13,1.1083,1.02,0.015,Babingley at Castle Rising,Babingley,47.7,52.79877,0.49057,568007,325264,EA-EA,FV
500,3.58,3.17,1.1327,33054,2.8,4.57,GEV,1.13,1.1083,1.02,0.015,Babingley at Castle Rising,Babingley,47.7,52.79877,0.49057,568007,325264,EA-EA,FV
1000,3.85,3.4,1.1483,33054,2.94,5.05,GEV,1.13,1.1083,1.02,0.015,Babingley at Castle Rising,Babingley,47.7,52.79877,0.49057,568007,325264,EA-EA,FV
2,3.13,1,1.1033,34005,2.58,3.8,Kappa3,3.13,1.1315,2.766,0.0595,Tud at Costessey Park,Tud,73.2,52.65577,1.20643,616966,311275,EA-EA,CFL
5,4.41,1.41,1.1041,34005,3.63,5.35,Kappa3,3.13,1.1315,2.766,0.0595,Tud at Costessey Park,Tud,73.2,52.65577,1.20643,616966,311275,EA-EA,CFL
10,5.3,1.69,1.1059,34005,4.35,6.46,Kappa3,3.13,1.1315,2.766,0.0595,Tud at Costessey Park,Tud,73.2,52.65577,1.20643,616966,311275,EA-EA,CFL
20,6.21,1.98,1.1086,34005,5.07,7.6,Kappa3,3.13,1.1315,2.766,0.0595,Tud at Costessey Park,Tud,73.2,52.65577,1.20643,616966,311275,EA-EA,CFL
30,6.75,2.16,1.1107,34005,5.49,8.29,Kappa3,3.13,1.1315,2.766,0.0595,Tud at Costessey Park,Tud,73.2,52.65577,1.20643,616966,311275,EA-EA,CFL
50,7.47,2.39,1.1138,34005,6.05,9.23,Kappa3,3.13,1.1315,2.766,0.0595,Tud at Costessey Park,Tud,73.2,52.65577,1.20643,616966,311275,EA-EA,CFL
75,8.05,2.57,1.1168,34005,6.48,10,Kappa3,3.13,1.1315,2.766,0.0595,Tud at Costessey Park,Tud,73.2,52.65577,1.20643,616966,311275,EA-EA,CFL
100,8.48,2.71,1.1191,34005,6.8,10.57,Kappa3,3.13,1.1315,2.766,0.0595,Tud at Costessey Park,Tud,73.2,52.65577,1.20643,616966,311275,EA-EA,CFL
200,9.56,3.06,1.1256,34005,7.58,12.06,Kappa3,3.13,1.1315,2.766,0.0595,Tud at Costessey Park,Tud,73.2,52.65577,1.20643,616966,311275,EA-EA,CFL
500,11.1,3.55,1.136,34005,8.65,14.25,Kappa3,3.13,1.1315,2.766,0.0595,Tud at Costessey Park,Tud,73.2,52.65577,1.20643,616966,311275,EA-EA,CFL
1000,12.4,3.95,1.1452,34005,9.51,16.17,Kappa3,3.13,1.1315,2.766,0.0595,Tud at Costessey Park,Tud,73.2,52.65577,1.20643,616966,311275,EA-EA,CFL
2,1.03,1,1.0662,34012,0.91,1.17,GEV,1.03,1.1425,0.902,0.0149,Burn at Burnham Overy,Burn,80,52.95043,0.74032,584198,342742,EA-EA,CC
5,1.44,1.4,1.0694,34012,1.26,1.64,GEV,1.03,1.1425,0.902,0.0149,Burn at Burnham Overy,Burn,80,52.95043,0.74032,584198,342742,EA-EA,CC
10,1.68,1.63,1.0732,34012,1.46,1.93,GEV,1.03,1.1425,0.902,0.0149,Burn at Burnham Overy,Burn,80,52.95043,0.74032,584198,342742,EA-EA,CC
20,1.89,1.84,1.0778,34012,1.63,2.19,GEV,1.03,1.1425,0.902,0.0149,Burn at Burnham Overy,Burn,80,52.95043,0.74032,584198,342742,EA-EA,CC
30,2,1.95,1.081,34012,1.72,2.33,GEV,1.03,1.1425,0.902,0.0149,Burn at Burnham Overy,Burn,80,52.95043,0.74032,584198,342742,EA-EA,CC
50,2.14,2.08,1.0854,34012,1.82,2.51,GEV,1.03,1.1425,0.902,0.0149,Burn at Burnham Overy,Burn,80,52.95043,0.74032,584198,342742,EA-EA,CC
75,2.24,2.17,1.0892,34012,1.89,2.65,GEV,1.03,1.1425,0.902,0.0149,Burn at Burnham Overy,Burn,80,52.95043,0.74032,584198,342742,EA-EA,CC
100,2.31,2.24,1.0921,34012,1.94,2.75,GEV,1.03,1.1425,0.902,0.0149,Burn at Burnham Overy,Burn,80,52.95043,0.74032,584198,342742,EA-EA,CC
200,2.46,2.39,1.0997,34012,2.04,2.96,GEV,1.03,1.1425,0.902,0.0149,Burn at Burnham Overy,Burn,80,52.95043,0.74032,584198,342742,EA-EA,CC
500,2.64,2.56,1.1109,34012,2.15,3.24,GEV,1.03,1.1425,0.902,0.0149,Burn at Burnham Overy,Burn,80,52.95043,0.74032,584198,342742,EA-EA,CC
1000,2.76,2.68,1.1201,34012,2.21,3.45,GEV,1.03,1.1425,0.902,0.0149,Burn at Burnham Overy,Burn,80,52.95043,0.74032,584198,342742,EA-EA,CC
2,14.7,1,1.1139,35008,11.9,18.16,GenLog,14.7,1.0497,14.004,0.0383,Gipping at Stowmarket,Gipping,128.9,52.18132,1.00816,605756,257940,EA-EA,CC
5,20.9,1.42,1.115,35008,16.88,25.87,GenLog,14.7,1.0497,14.004,0.0383,Gipping at Stowmarket,Gipping,128.9,52.18132,1.00816,605756,257940,EA-EA,CC
10,25.2,1.72,1.1168,35008,20.29,31.29,GenLog,14.7,1.0497,14.004,0.0383,Gipping at Stowmarket,Gipping,128.9,52.18132,1.00816,605756,257940,EA-EA,CC
20,29.8,2.03,1.1196,35008,23.88,37.19,GenLog,14.7,1.0497,14.004,0.0383,Gipping at Stowmarket,Gipping,128.9,52.18132,1.00816,605756,257940,EA-EA,CC
30,32.7,2.22,1.1216,35008,26.11,40.95,GenLog,14.7,1.0497,14.004,0.0383,Gipping at Stowmarket,Gipping,128.9,52.18132,1.00816,605756,257940,EA-EA,CC
50,36.5,2.49,1.1247,35008,28.99,45.95,GenLog,14.7,1.0497,14.004,0.0383,Gipping at Stowmarket,Gipping,128.9,52.18132,1.00816,605756,257940,EA-EA,CC
75,39.8,2.71,1.1276,35008,31.45,50.36,GenLog,14.7,1.0497,14.004,0.0383,Gipping at Stowmarket,Gipping,128.9,52.18132,1.00816,605756,257940,EA-EA,CC
100,42.3,2.88,1.1299,35008,33.3,53.74,GenLog,14.7,1.0497,14.004,0.0383,Gipping at Stowmarket,Gipping,128.9,52.18132,1.00816,605756,257940,EA-EA,CC
200,48.7,3.31,1.1362,35008,37.92,62.55,GenLog,14.7,1.0497,14.004,0.0383,Gipping at Stowmarket,Gipping,128.9,52.18132,1.00816,605756,257940,EA-EA,CC
500,58.4,3.97,1.1463,35008,44.69,76.32,GenLog,14.7,1.0497,14.004,0.0383,Gipping at Stowmarket,Gipping,128.9,52.18132,1.00816,605756,257940,EA-EA,CC
1000,66.8,4.54,1.1552,35008,50.35,88.63,GenLog,14.7,1.0497,14.004,0.0383,Gipping at Stowmarket,Gipping,128.9,52.18132,1.00816,605756,257940,EA-EA,CC
2,3.88,1,1.0827,36003,3.32,4.53,Gumbel,3.88,1.0366,3.743,0.0199,Box at Polstead,Box,53.9,52.00386,0.89091,598528,237881,EA-EA,FL
5,5.7,1.47,1.0823,36003,4.88,6.66,Gumbel,3.88,1.0366,3.743,0.0199,Box at Polstead,Box,53.9,52.00386,0.89091,598528,237881,EA-EA,FL
10,6.91,1.78,1.0841,36003,5.9,8.09,Gumbel,3.88,1.0366,3.743,0.0199,Box at Polstead,Box,53.9,52.00386,0.89091,598528,237881,EA-EA,FL
20,8.06,2.08,1.0874,36003,6.84,9.5,Gumbel,3.88,1.0366,3.743,0.0199,Box at Polstead,Box,53.9,52.00386,0.89091,598528,237881,EA-EA,FL
30,8.73,2.25,1.0898,36003,7.38,10.33,Gumbel,3.88,1.0366,3.743,0.0199,Box at Polstead,Box,53.9,52.00386,0.89091,598528,237881,EA-EA,FL
50,9.56,2.46,1.0936,36003,8.02,11.39,Gumbel,3.88,1.0366,3.743,0.0199,Box at Polstead,Box,53.9,52.00386,0.89091,598528,237881,EA-EA,FL
75,10.2,2.63,1.0971,36003,8.51,12.23,Gumbel,3.88,1.0366,3.743,0.0199,Box at Polstead,Box,53.9,52.00386,0.89091,598528,237881,EA-EA,FL
100,10.7,2.75,1.0999,36003,8.88,12.9,Gumbel,3.88,1.0366,3.743,0.0199,Box at Polstead,Box,53.9,52.00386,0.89091,598528,237881,EA-EA,FL
200,11.8,3.04,1.1073,36003,9.66,14.41,Gumbel,3.88,1.0366,3.743,0.0199,Box at Polstead,Box,53.9,52.00386,0.89091,598528,237881,EA-EA,FL
500,13.3,3.42,1.119,36003,10.67,16.58,Gumbel,3.88,1.0366,3.743,0.0199,Box at Polstead,Box,53.9,52.00386,0.89091,598528,237881,EA-EA,FL
1000,14.4,3.71,1.129,36003,11.35,18.27,Gumbel,3.88,1.0366,3.743,0.0199,Box at Polstead,Box,53.9,52.00386,0.89091,598528,237881,EA-EA,FL
2,4.81,1,1.0586,36004,4.3,5.38,Kappa3,4.81,1.0223,4.705,0.0152,Chad Brook at Long Melford,Chad Brook,47.4,52.0803,0.72445,586785,245940,EA-EA,EW
5,7.08,1.47,1.0612,36004,6.3,7.95,Kappa3,4.81,1.0223,4.705,0.0152,Chad Brook at Long Melford,Chad Brook,47.4,52.0803,0.72445,586785,245940,EA-EA,EW
10,8.65,1.8,1.065,36004,7.65,9.79,Kappa3,4.81,1.0223,4.705,0.0152,Chad Brook at Long Melford,Chad Brook,47.4,52.0803,0.72445,586785,245940,EA-EA,EW
20,10.2,2.13,1.07,36004,8.93,11.65,Kappa3,4.81,1.0223,4.705,0.0152,Chad Brook at Long Melford,Chad Brook,47.4,52.0803,0.72445,586785,245940,EA-EA,EW
30,11.2,2.33,1.0735,36004,9.75,12.87,Kappa3,4.81,1.0223,4.705,0.0152,Chad Brook at Long Melford,Chad Brook,47.4,52.0803,0.72445,586785,245940,EA-EA,EW
50,12.4,2.58,1.0785,36004,10.69,14.38,Kappa3,4.81,1.0223,4.705,0.0152,Chad Brook at Long Melford,Chad Brook,47.4,52.0803,0.72445,586785,245940,EA-EA,EW
75,13.4,2.8,1.0829,36004,11.46,15.66,Kappa3,4.81,1.0223,4.705,0.0152,Chad Brook at Long Melford,Chad Brook,47.4,52.0803,0.72445,586785,245940,EA-EA,EW
100,14.2,2.95,1.0862,36004,12.08,16.7,Kappa3,4.81,1.0223,4.705,0.0152,Chad Brook at Long Melford,Chad Brook,47.4,52.0803,0.72445,586785,245940,EA-EA,EW
200,16.1,3.34,1.095,36004,13.48,19.23,Kappa3,4.81,1.0223,4.705,0.0152,Chad Brook at Long Melford,Chad Brook,47.4,52.0803,0.72445,586785,245940,EA-EA,EW
500,18.7,3.89,1.108,36004,15.29,22.86,Kappa3,4.81,1.0223,4.705,0.0152,Chad Brook at Long Melford,Chad Brook,47.4,52.0803,0.72445,586785,245940,EA-EA,EW
1000,20.9,4.34,1.1188,36004,16.77,26.04,Kappa3,4.81,1.0223,4.705,0.0152,Chad Brook at Long Melford,Chad Brook,47.4,52.0803,0.72445,586785,245940,EA-EA,EW
2,4.63,1,1.1764,36007,3.37,6.37,Gumbel,4.63,1.0174,4.551,0.01,Belchamp Brook at Bardfield Bridge,Belchamp Brook,58.6,52.04699,0.69325,584785,242156,EA-EA,FL
5,6.9,1.49,1.1784,36007,5,9.52,Gumbel,4.63,1.0174,4.551,0.01,Belchamp Brook at Bardfield Bridge,Belchamp Brook,58.6,52.04699,0.69325,584785,242156,EA-EA,FL
10,8.41,1.82,1.1808,36007,6.07,11.65,Gumbel,4.63,1.0174,4.551,0.01,Belchamp Brook at Bardfield Bridge,Belchamp Brook,58.6,52.04699,0.69325,584785,242156,EA-EA,FL
20,9.86,2.13,1.1839,36007,7.08,13.73,Gumbel,4.63,1.0174,4.551,0.01,Belchamp Brook at Bardfield Bridge,Belchamp Brook,58.6,52.04699,0.69325,584785,242156,EA-EA,FL
30,10.7,2.31,1.1861,36007,7.66,14.95,Gumbel,4.63,1.0174,4.551,0.01,Belchamp Brook at Bardfield Bridge,Belchamp Brook,58.6,52.04699,0.69325,584785,242156,EA-EA,FL
50,11.7,2.53,1.1892,36007,8.33,16.43,Gumbel,4.63,1.0174,4.551,0.01,Belchamp Brook at Bardfield Bridge,Belchamp Brook,58.6,52.04699,0.69325,584785,242156,EA-EA,FL
75,12.5,2.71,1.1921,36007,8.86,17.64,Gumbel,4.63,1.0174,4.551,0.01,Belchamp Brook at Bardfield Bridge,Belchamp Brook,58.6,52.04699,0.69325,584785,242156,EA-EA,FL
100,13.1,2.84,1.1942,36007,9.25,18.55,Gumbel,4.63,1.0174,4.551,0.01,Belchamp Brook at Bardfield Bridge,Belchamp Brook,58.6,52.04699,0.69325,584785,242156,EA-EA,FL
200,14.5,3.14,1.2001,36007,10.14,20.73,Gumbel,4.63,1.0174,4.551,0.01,Belchamp Brook at Bardfield Bridge,Belchamp Brook,58.6,52.04699,0.69325,584785,242156,EA-EA,FL
500,16.4,3.53,1.2093,36007,11.3,23.8,Gumbel,4.63,1.0174,4.551,0.01,Belchamp Brook at Bardfield Bridge,Belchamp Brook,58.6,52.04699,0.69325,584785,242156,EA-EA,FL
1000,17.8,3.84,1.2173,36007,12.11,26.17,Gumbel,4.63,1.0174,4.551,0.01,Belchamp Brook at Bardfield Bridge,Belchamp Brook,58.6,52.04699,0.69325,584785,242156,EA-EA,FL
2,16,1,1.0719,36008,13.96,18.33,GenLog,16,1.0423,15.35,0.0325,Stour at Westmill,Stour,224.5,52.08525,0.6656,582733,246341,EA-EA,FL
5,22.9,1.43,1.0721,36008,19.98,26.25,GenLog,16,1.0423,15.35,0.0325,Stour at Westmill,Stour,224.5,52.08525,0.6656,582733,246341,EA-EA,FL
10,27.7,1.73,1.074,36008,24.08,31.86,GenLog,16,1.0423,15.35,0.0325,Stour at Westmill,Stour,224.5,52.08525,0.6656,582733,246341,EA-EA,FL
20,32.8,2.05,1.0773,36008,28.35,37.95,GenLog,16,1.0423,15.35,0.0325,Stour at Westmill,Stour,224.5,52.08525,0.6656,582733,246341,EA-EA,FL
30,35.9,2.25,1.08,36008,30.87,41.75,GenLog,16,1.0423,15.35,0.0325,Stour at Westmill,Stour,224.5,52.08525,0.6656,582733,246341,EA-EA,FL
50,40.2,2.51,1.084,36008,34.32,47.09,GenLog,16,1.0423,15.35,0.0325,Stour at Westmill,Stour,224.5,52.08525,0.6656,582733,246341,EA-EA,FL
75,43.8,2.74,1.0877,36008,37.15,51.65,GenLog,16,1.0423,15.35,0.0325,Stour at Westmill,Stour,224.5,52.08525,0.6656,582733,246341,EA-EA,FL
100,46.5,2.91,1.0906,36008,39.23,55.12,GenLog,16,1.0423,15.35,0.0325,Stour at Westmill,Stour,224.5,52.08525,0.6656,582733,246341,EA-EA,FL
200,53.5,3.35,1.0987,36008,44.49,64.34,GenLog,16,1.0423,15.35,0.0325,Stour at Westmill,Stour,224.5,52.08525,0.6656,582733,246341,EA-EA,FL
500,64.2,4.01,1.1112,36008,52.21,78.94,GenLog,16,1.0423,15.35,0.0325,Stour at Westmill,Stour,224.5,52.08525,0.6656,582733,246341,EA-EA,FL
1000,73.4,4.59,1.1221,36008,58.56,91.99,GenLog,16,1.0423,15.35,0.0325,Stour at Westmill,Stour,224.5,52.08525,0.6656,582733,246341,EA-EA,FL
2,8.12,1,1.0996,36010,6.74,9.78,Kappa3,8.12,1.0215,7.949,0.0177,Bumpstead Brook at Broad Green,Bumpstead Brook,28.3,52.04908,0.46197,568920,241826,EA-EA,EW
5,11.8,1.45,1.1011,36010,9.77,14.25,Kappa3,8.12,1.0215,7.949,0.0177,Bumpstead Brook at Broad Green,Bumpstead Brook,28.3,52.04908,0.46197,568920,241826,EA-EA,EW
10,14.3,1.77,1.1037,36010,11.79,17.35,Kappa3,8.12,1.0215,7.949,0.0177,Bumpstead Brook at Broad Green,Bumpstead Brook,28.3,52.04908,0.46197,568920,241826,EA-EA,EW
20,16.9,2.08,1.1072,36010,13.84,20.63,Kappa3,8.12,1.0215,7.949,0.0177,Bumpstead Brook at Broad Green,Bumpstead Brook,28.3,52.04908,0.46197,568920,241826,EA-EA,EW
30,18.4,2.27,1.1097,36010,15,22.56,Kappa3,8.12,1.0215,7.949,0.0177,Bumpstead Brook at Broad Green,Bumpstead Brook,28.3,52.04908,0.46197,568920,241826,EA-EA,EW
50,20.4,2.51,1.1133,36010,16.53,25.18,Kappa3,8.12,1.0215,7.949,0.0177,Bumpstead Brook at Broad Green,Bumpstead Brook,28.3,52.04908,0.46197,568920,241826,EA-EA,EW
75,22,2.71,1.1166,36010,17.72,27.31,Kappa3,8.12,1.0215,7.949,0.0177,Bumpstead Brook at Broad Green,Bumpstead Brook,28.3,52.04908,0.46197,568920,241826,EA-EA,EW
100,23.2,2.85,1.1191,36010,18.61,28.92,Kappa3,8.12,1.0215,7.949,0.0177,Bumpstead Brook at Broad Green,Bumpstead Brook,28.3,52.04908,0.46197,568920,241826,EA-EA,EW
200,26.1,3.22,1.1259,36010,20.69,32.93,Kappa3,8.12,1.0215,7.949,0.0177,Bumpstead Brook at Broad Green,Bumpstead Brook,28.3,52.04908,0.46197,568920,241826,EA-EA,EW
500,30.3,3.73,1.1364,36010,23.58,38.93,Kappa3,8.12,1.0215,7.949,0.0177,Bumpstead Brook at Broad Green,Bumpstead Brook,28.3,52.04908,0.46197,568920,241826,EA-EA,EW
1000,33.7,4.15,1.1454,36010,25.83,43.97,Kappa3,8.12,1.0215,7.949,0.0177,Bumpstead Brook at Broad Green,Bumpstead Brook,28.3,52.04908,0.46197,568920,241826,EA-EA,EW
2,6.79,1,1.0518,36011,6.15,7.5,Kappa3,6.79,1.1636,5.835,0.1287,Stour Brook at Sturmer,Stour Brook,34.5,52.06927,0.47359,569640,244098,EA-EA,EW
5,9.65,1.42,1.0542,36011,8.7,10.7,Kappa3,6.79,1.1636,5.835,0.1287,Stour Brook at Sturmer,Stour Brook,34.5,52.06927,0.47359,569640,244098,EA-EA,EW
10,11.6,1.71,1.0577,36011,10.39,12.95,Kappa3,6.79,1.1636,5.835,0.1287,Stour Brook at Sturmer,Stour Brook,34.5,52.06927,0.47359,569640,244098,EA-EA,EW
20,13.5,1.99,1.0625,36011,11.99,15.2,Kappa3,6.79,1.1636,5.835,0.1287,Stour Brook at Sturmer,Stour Brook,34.5,52.06927,0.47359,569640,244098,EA-EA,EW
30,14.7,2.16,1.0658,36011,12.97,16.66,Kappa3,6.79,1.1636,5.835,0.1287,Stour Brook at Sturmer,Stour Brook,34.5,52.06927,0.47359,569640,244098,EA-EA,EW
50,16.2,2.38,1.0706,36011,14.17,18.52,Kappa3,6.79,1.1636,5.835,0.1287,Stour Brook at Sturmer,Stour Brook,34.5,52.06927,0.47359,569640,244098,EA-EA,EW
75,17.4,2.56,1.0749,36011,15.1,20.05,Kappa3,6.79,1.1636,5.835,0.1287,Stour Brook at Sturmer,Stour Brook,34.5,52.06927,0.47359,569640,244098,EA-EA,EW
100,18.3,2.69,1.0781,36011,15.79,21.21,Kappa3,6.79,1.1636,5.835,0.1287,Stour Brook at Sturmer,Stour Brook,34.5,52.06927,0.47359,569640,244098,EA-EA,EW
200,20.5,3.02,1.0866,36011,17.42,24.12,Kappa3,6.79,1.1636,5.835,0.1287,Stour Brook at Sturmer,Stour Brook,34.5,52.06927,0.47359,569640,244098,EA-EA,EW
500,23.6,3.47,1.0994,36011,19.6,28.42,Kappa3,6.79,1.1636,5.835,0.1287,Stour Brook at Sturmer,Stour Brook,34.5,52.06927,0.47359,569640,244098,EA-EA,EW
1000,26,3.84,1.1101,36011,21.19,31.91,Kappa3,6.79,1.1636,5.835,0.1287,Stour Brook at Sturmer,Stour Brook,34.5,52.06927,0.47359,569640,244098,EA-EA,EW
2,12,1,1.0621,37005,10.66,13.5,GenLog,12,1.074,11.173,0.0419,Colne at Lexden,Colne,238.2,51.89899,0.85104,596249,226113,EA-EA,FL
5,16.9,1.41,1.0636,37005,14.98,19.07,GenLog,12,1.074,11.173,0.0419,Colne at Lexden,Colne,238.2,51.89899,0.85104,596249,226113,EA-EA,FL
10,20.4,1.7,1.0662,37005,17.99,23.13,GenLog,12,1.074,11.173,0.0419,Colne at Lexden,Colne,238.2,51.89899,0.85104,596249,226113,EA-EA,FL
20,24.1,2.01,1.0701,37005,21.1,27.52,GenLog,12,1.074,11.173,0.0419,Colne at Lexden,Colne,238.2,51.89899,0.85104,596249,226113,EA-EA,FL
30,26.5,2.2,1.0728,37005,23.09,30.41,GenLog,12,1.074,11.173,0.0419,Colne at Lexden,Colne,238.2,51.89899,0.85104,596249,226113,EA-EA,FL
50,29.6,2.47,1.0769,37005,25.6,34.23,GenLog,12,1.074,11.173,0.0419,Colne at Lexden,Colne,238.2,51.89899,0.85104,596249,226113,EA-EA,FL
75,32.3,2.69,1.0805,37005,27.75,37.59,GenLog,12,1.074,11.173,0.0419,Colne at Lexden,Colne,238.2,51.89899,0.85104,596249,226113,EA-EA,FL
100,34.3,2.86,1.0833,37005,29.32,40.12,GenLog,12,1.074,11.173,0.0419,Colne at Lexden,Colne,238.2,51.89899,0.85104,596249,226113,EA-EA,FL
200,39.5,3.3,1.0908,37005,33.31,46.84,GenLog,12,1.074,11.173,0.0419,Colne at Lexden,Colne,238.2,51.89899,0.85104,596249,226113,EA-EA,FL
500,47.6,3.96,1.1022,37005,39.33,57.6,GenLog,12,1.074,11.173,0.0419,Colne at Lexden,Colne,238.2,51.89899,0.85104,596249,226113,EA-EA,FL
1000,54.5,4.54,1.1119,37005,44.27,67.09,GenLog,12,1.074,11.173,0.0419,Colne at Lexden,Colne,238.2,51.89899,0.85104,596249,226113,EA-EA,FL
2,14.6,1,1.0847,37007,12.45,17.12,GEV,14.6,1.0951,13.332,0.093,Wid at Writtle,Wid,136.3,51.72743,0.44096,568679,206010,EA-EA,EW
5,21.3,1.46,1.0881,37007,18.05,25.13,GEV,14.6,1.0951,13.332,0.093,Wid at Writtle,Wid,136.3,51.72743,0.44096,568679,206010,EA-EA,EW
10,25.8,1.77,1.0915,37007,21.73,30.63,GEV,14.6,1.0951,13.332,0.093,Wid at Writtle,Wid,136.3,51.72743,0.44096,568679,206010,EA-EA,EW
20,30.3,2.07,1.0957,37007,25.33,36.24,GEV,14.6,1.0951,13.332,0.093,Wid at Writtle,Wid,136.3,51.72743,0.44096,568679,206010,EA-EA,EW
30,32.8,2.25,1.0987,37007,27.27,39.45,GEV,14.6,1.0951,13.332,0.093,Wid at Writtle,Wid,136.3,51.72743,0.44096,568679,206010,EA-EA,EW
50,36,2.47,1.1029,37007,29.71,43.62,GEV,14.6,1.0951,13.332,0.093,Wid at Writtle,Wid,136.3,51.72743,0.44096,568679,206010,EA-EA,EW
75,38.6,2.64,1.1067,37007,31.64,47.09,GEV,14.6,1.0951,13.332,0.093,Wid at Writtle,Wid,136.3,51.72743,0.44096,568679,206010,EA-EA,EW
100,40.5,2.77,1.1096,37007,33.03,49.66,GEV,14.6,1.0951,13.332,0.093,Wid at Writtle,Wid,136.3,51.72743,0.44096,568679,206010,EA-EA,EW
200,44.9,3.08,1.1175,37007,36.11,55.82,GEV,14.6,1.0951,13.332,0.093,Wid at Writtle,Wid,136.3,51.72743,0.44096,568679,206010,EA-EA,EW
500,50.9,3.48,1.1297,37007,40.08,64.64,GEV,14.6,1.0951,13.332,0.093,Wid at Writtle,Wid,136.3,51.72743,0.44096,568679,206010,EA-EA,EW
1000,55.4,3.8,1.1401,37007,42.85,71.63,GEV,14.6,1.0951,13.332,0.093,Wid at Writtle,Wid,136.3,51.72743,0.44096,568679,206010,EA-EA,EW
2,14.4,1,1.0677,37008,12.66,16.37,GenLog,14.4,1.0681,13.482,0.0436,Chelmer at Springfield,Chelmer,190.3,51.73666,0.47947,571303,207126,EA-EA,EW
5,20.6,1.43,1.0691,37008,18.07,23.48,GenLog,14.4,1.0681,13.482,0.0436,Chelmer at Springfield,Chelmer,190.3,51.73666,0.47947,571303,207126,EA-EA,EW
10,25,1.73,1.072,37008,21.82,28.65,GenLog,14.4,1.0681,13.482,0.0436,Chelmer at Springfield,Chelmer,190.3,51.73666,0.47947,571303,207126,EA-EA,EW
20,29.7,2.06,1.076,37008,25.73,34.29,GenLog,14.4,1.0681,13.482,0.0436,Chelmer at Springfield,Chelmer,190.3,51.73666,0.47947,571303,207126,EA-EA,EW
30,32.6,2.26,1.0788,37008,28.1,37.83,GenLog,14.4,1.0681,13.482,0.0436,Chelmer at Springfield,Chelmer,190.3,51.73666,0.47947,571303,207126,EA-EA,EW
50,36.6,2.54,1.0828,37008,31.32,42.78,GenLog,14.4,1.0681,13.482,0.0436,Chelmer at Springfield,Chelmer,190.3,51.73666,0.47947,571303,207126,EA-EA,EW
75,40,2.78,1.0863,37008,34.01,47.05,GenLog,14.4,1.0681,13.482,0.0436,Chelmer at Springfield,Chelmer,190.3,51.73666,0.47947,571303,207126,EA-EA,EW
100,42.5,2.95,1.089,37008,35.96,50.23,GenLog,14.4,1.0681,13.482,0.0436,Chelmer at Springfield,Chelmer,190.3,51.73666,0.47947,571303,207126,EA-EA,EW
200,49.3,3.42,1.0962,37008,41.18,59.02,GenLog,14.4,1.0681,13.482,0.0436,Chelmer at Springfield,Chelmer,190.3,51.73666,0.47947,571303,207126,EA-EA,EW
500,59.6,4.14,1.1069,37008,48.84,72.73,GenLog,14.4,1.0681,13.482,0.0436,Chelmer at Springfield,Chelmer,190.3,51.73666,0.47947,571303,207126,EA-EA,EW
1000,68.5,4.76,1.1159,37008,55.25,84.93,GenLog,14.4,1.0681,13.482,0.0436,Chelmer at Springfield,Chelmer,190.3,51.73666,0.47947,571303,207126,EA-EA,EW
2,3.9,1,1.0978,37009,3.25,4.68,Gumbel,3.9,1.1731,3.324,0.0956,Brain at Guithavon Valley,Brain,60.7,51.80183,0.63462,581753,214748,EA-EA,EW
5,5.82,1.49,1.0985,37009,4.84,7,Gumbel,3.9,1.1731,3.324,0.0956,Brain at Guithavon Valley,Brain,60.7,51.80183,0.63462,581753,214748,EA-EA,EW
10,7.1,1.82,1.1018,37009,5.87,8.59,Gumbel,3.9,1.1731,3.324,0.0956,Brain at Guithavon Valley,Brain,60.7,51.80183,0.63462,581753,214748,EA-EA,EW
20,8.32,2.13,1.1067,37009,6.82,10.15,Gumbel,3.9,1.1731,3.324,0.0956,Brain at Guithavon Valley,Brain,60.7,51.80183,0.63462,581753,214748,EA-EA,EW
30,9.02,2.31,1.1103,37009,7.35,11.07,Gumbel,3.9,1.1731,3.324,0.0956,Brain at Guithavon Valley,Brain,60.7,51.80183,0.63462,581753,214748,EA-EA,EW
50,9.9,2.54,1.1155,37009,7.99,12.27,Gumbel,3.9,1.1731,3.324,0.0956,Brain at Guithavon Valley,Brain,60.7,51.80183,0.63462,581753,214748,EA-EA,EW
75,10.6,2.72,1.1202,37009,8.49,13.24,Gumbel,3.9,1.1731,3.324,0.0956,Brain at Guithavon Valley,Brain,60.7,51.80183,0.63462,581753,214748,EA-EA,EW
100,11.1,2.84,1.1238,37009,8.83,13.95,Gumbel,3.9,1.1731,3.324,0.0956,Brain at Guithavon Valley,Brain,60.7,51.80183,0.63462,581753,214748,EA-EA,EW
200,12.3,3.14,1.1335,37009,9.62,15.72,Gumbel,3.9,1.1731,3.324,0.0956,Brain at Guithavon Valley,Brain,60.7,51.80183,0.63462,581753,214748,EA-EA,EW
500,13.8,3.54,1.1482,37009,10.53,18.09,Gumbel,3.9,1.1731,3.324,0.0956,Brain at Guithavon Valley,Brain,60.7,51.80183,0.63462,581753,214748,EA-EA,EW
1000,15,3.85,1.1608,37009,11.2,20.09,Gumbel,3.9,1.1731,3.324,0.0956,Brain at Guithavon Valley,Brain,60.7,51.80183,0.63462,581753,214748,EA-EA,EW
2,12.8,1,1.0652,37010,11.31,14.49,GenLog,12.8,1.0487,12.206,0.0324,Blackwater at Appleford Bridge,Blackwater,247.3,51.81054,0.67445,584463,215816,EA-EA,FL
5,18.4,1.44,1.0677,37010,16.18,20.92,GenLog,12.8,1.0487,12.206,0.0324,Blackwater at Appleford Bridge,Blackwater,247.3,51.81054,0.67445,584463,215816,EA-EA,FL
10,22.4,1.75,1.0709,37010,19.59,25.62,GenLog,12.8,1.0487,12.206,0.0324,Blackwater at Appleford Bridge,Blackwater,247.3,51.81054,0.67445,584463,215816,EA-EA,FL
20,26.8,2.09,1.0752,37010,23.25,30.89,GenLog,12.8,1.0487,12.206,0.0324,Blackwater at Appleford Bridge,Blackwater,247.3,51.81054,0.67445,584463,215816,EA-EA,FL
30,29.5,2.3,1.0783,37010,25.45,34.2,GenLog,12.8,1.0487,12.206,0.0324,Blackwater at Appleford Bridge,Blackwater,247.3,51.81054,0.67445,584463,215816,EA-EA,FL
50,33.2,2.6,1.0828,37010,28.41,38.8,GenLog,12.8,1.0487,12.206,0.0324,Blackwater at Appleford Bridge,Blackwater,247.3,51.81054,0.67445,584463,215816,EA-EA,FL
75,36.4,2.85,1.0869,37010,30.92,42.86,GenLog,12.8,1.0487,12.206,0.0324,Blackwater at Appleford Bridge,Blackwater,247.3,51.81054,0.67445,584463,215816,EA-EA,FL
100,38.9,3.04,1.0901,37010,32.85,46.07,GenLog,12.8,1.0487,12.206,0.0324,Blackwater at Appleford Bridge,Blackwater,247.3,51.81054,0.67445,584463,215816,EA-EA,FL
200,45.3,3.54,1.0985,37010,37.68,54.46,GenLog,12.8,1.0487,12.206,0.0324,Blackwater at Appleford Bridge,Blackwater,247.3,51.81054,0.67445,584463,215816,EA-EA,FL
500,55.1,4.31,1.1114,37010,44.8,67.77,GenLog,12.8,1.0487,12.206,0.0324,Blackwater at Appleford Bridge,Blackwater,247.3,51.81054,0.67445,584463,215816,EA-EA,FL
1000,63.8,4.98,1.1224,37010,50.88,80,GenLog,12.8,1.0487,12.206,0.0324,Blackwater at Appleford Bridge,Blackwater,247.3,51.81054,0.67445,584463,215816,EA-EA,FL
2,11.1,1,1.0657,37014,9.8,12.57,Kappa3,11.1,1.0224,10.857,0.0181,Roding at High Ongar,Roding,95.1,51.71389,0.25917,556172,204100,EA-HNL,US
5,15.7,1.41,1.0677,37014,13.81,17.85,Kappa3,11.1,1.0224,10.857,0.0181,Roding at High Ongar,Roding,95.1,51.71389,0.25917,556172,204100,EA-HNL,US
10,18.6,1.68,1.0709,37014,16.26,21.27,Kappa3,11.1,1.0224,10.857,0.0181,Roding at High Ongar,Roding,95.1,51.71389,0.25917,556172,204100,EA-HNL,US
20,21.5,1.94,1.0751,37014,18.66,24.78,Kappa3,11.1,1.0224,10.857,0.0181,Roding at High Ongar,Roding,95.1,51.71389,0.25917,556172,204100,EA-HNL,US
30,23.2,2.09,1.078,37014,20.02,26.88,Kappa3,11.1,1.0224,10.857,0.0181,Roding at High Ongar,Roding,95.1,51.71389,0.25917,556172,204100,EA-HNL,US
50,25.3,2.28,1.0821,37014,21.67,29.53,Kappa3,11.1,1.0224,10.857,0.0181,Roding at High Ongar,Roding,95.1,51.71389,0.25917,556172,204100,EA-HNL,US
75,27,2.43,1.0857,37014,22.98,31.72,Kappa3,11.1,1.0224,10.857,0.0181,Roding at High Ongar,Roding,95.1,51.71389,0.25917,556172,204100,EA-HNL,US
100,28.2,2.54,1.0884,37014,23.89,33.29,Kappa3,11.1,1.0224,10.857,0.0181,Roding at High Ongar,Roding,95.1,51.71389,0.25917,556172,204100,EA-HNL,US
200,31.2,2.81,1.0956,37014,26.09,37.31,Kappa3,11.1,1.0224,10.857,0.0181,Roding at High Ongar,Roding,95.1,51.71389,0.25917,556172,204100,EA-HNL,US
500,35.2,3.17,1.1064,37014,28.87,42.92,Kappa3,11.1,1.0224,10.857,0.0181,Roding at High Ongar,Roding,95.1,51.71389,0.25917,556172,204100,EA-HNL,US
1000,38.3,3.45,1.1155,37014,30.91,47.45,Kappa3,11.1,1.0224,10.857,0.0181,Roding at High Ongar,Roding,95.1,51.71389,0.25917,556172,204100,EA-HNL,US
2,7.47,1,1.0819,37016,6.4,8.72,Gumbel,7.47,1.0181,7.337,0.0144,Pant at Copford Hall,Pant,62.5,51.95528,0.42692,566865,231314,EA-EA,EW
5,11,1.47,1.0835,37016,9.4,12.87,Gumbel,7.47,1.0181,7.337,0.0144,Pant at Copford Hall,Pant,62.5,51.95528,0.42692,566865,231314,EA-EA,EW
10,13.3,1.78,1.0859,37016,11.32,15.63,Gumbel,7.47,1.0181,7.337,0.0144,Pant at Copford Hall,Pant,62.5,51.95528,0.42692,566865,231314,EA-EA,EW
20,15.5,2.07,1.0891,37016,13.11,18.32,Gumbel,7.47,1.0181,7.337,0.0144,Pant at Copford Hall,Pant,62.5,51.95528,0.42692,566865,231314,EA-EA,EW
30,16.8,2.25,1.0914,37016,14.15,19.94,Gumbel,7.47,1.0181,7.337,0.0144,Pant at Copford Hall,Pant,62.5,51.95528,0.42692,566865,231314,EA-EA,EW
50,18.4,2.46,1.0946,37016,15.41,21.97,Gumbel,7.47,1.0181,7.337,0.0144,Pant at Copford Hall,Pant,62.5,51.95528,0.42692,566865,231314,EA-EA,EW
75,19.6,2.63,1.0975,37016,16.33,23.52,Gumbel,7.47,1.0181,7.337,0.0144,Pant at Copford Hall,Pant,62.5,51.95528,0.42692,566865,231314,EA-EA,EW
100,20.5,2.75,1.0998000000000001,37016,17.01,24.7,Gumbel,7.47,1.0181,7.337,0.0144,Pant at Copford Hall,Pant,62.5,51.95528,0.42692,566865,231314,EA-EA,EW
200,22.7,3.03,1.1059,37016,18.64,27.65,Gumbel,7.47,1.0181,7.337,0.0144,Pant at Copford Hall,Pant,62.5,51.95528,0.42692,566865,231314,EA-EA,EW
500,25.5,3.41,1.1152,37016,20.59,31.58,Gumbel,7.47,1.0181,7.337,0.0144,Pant at Copford Hall,Pant,62.5,51.95528,0.42692,566865,231314,EA-EA,EW
1000,27.6,3.7,1.1232,37016,21.98,34.66,Gumbel,7.47,1.0181,7.337,0.0144,Pant at Copford Hall,Pant,62.5,51.95528,0.42692,566865,231314,EA-EA,EW
2,12.8,1,1.0617,37020,11.38,14.39,GenLog,12.8,1.0436,12.266,0.0298,Chelmer at Felsted,Chelmer,132.1,51.84783,0.42437,567088,219360,EA-EA,EW
5,18.5,1.44,1.0637,37020,16.39,20.88,GenLog,12.8,1.0436,12.266,0.0298,Chelmer at Felsted,Chelmer,132.1,51.84783,0.42437,567088,219360,EA-EA,EW
10,22.5,1.76,1.0669,37020,19.82,25.54,GenLog,12.8,1.0436,12.266,0.0298,Chelmer at Felsted,Chelmer,132.1,51.84783,0.42437,567088,219360,EA-EA,EW
20,26.9,2.1,1.0713,37020,23.5,30.79,GenLog,12.8,1.0436,12.266,0.0298,Chelmer at Felsted,Chelmer,132.1,51.84783,0.42437,567088,219360,EA-EA,EW
30,29.6,2.32,1.0745,37020,25.71,34.08,GenLog,12.8,1.0436,12.266,0.0298,Chelmer at Felsted,Chelmer,132.1,51.84783,0.42437,567088,219360,EA-EA,EW
50,33.4,2.61,1.0791,37020,28.77,38.77,GenLog,12.8,1.0436,12.266,0.0298,Chelmer at Felsted,Chelmer,132.1,51.84783,0.42437,567088,219360,EA-EA,EW
75,36.6,2.86,1.0833,37020,31.29,42.81,GenLog,12.8,1.0436,12.266,0.0298,Chelmer at Felsted,Chelmer,132.1,51.84783,0.42437,567088,219360,EA-EA,EW
100,39,3.05,1.0865,37020,33.15,45.89,GenLog,12.8,1.0436,12.266,0.0298,Chelmer at Felsted,Chelmer,132.1,51.84783,0.42437,567088,219360,EA-EA,EW
200,45.4,3.55,1.095,37020,38,54.24,GenLog,12.8,1.0436,12.266,0.0298,Chelmer at Felsted,Chelmer,132.1,51.84783,0.42437,567088,219360,EA-EA,EW
500,55.2,4.31,1.1079,37020,45.16,67.48,GenLog,12.8,1.0436,12.266,0.0298,Chelmer at Felsted,Chelmer,132.1,51.84783,0.42437,567088,219360,EA-EA,EW
1000,63.9,4.99,1.1188,37020,51.28,79.63,GenLog,12.8,1.0436,12.266,0.0298,Chelmer at Felsted,Chelmer,132.1,51.84783,0.42437,567088,219360,EA-EA,EW
2,6.74,1,1.0526,38002,6.1,7.45,Kappa3,6.74,1.0453,6.448,0.0246,Ash at Mardock,Ash,78.7,51.81482,0.0203,539360,214840,EA-HNL,FV
5,9.99,1.48,1.0546,38002,9,11.09,Kappa3,6.74,1.0453,6.448,0.0246,Ash at Mardock,Ash,78.7,51.81482,0.0203,539360,214840,EA-HNL,FV
10,12.2,1.82,1.0578,38002,10.93,13.62,Kappa3,6.74,1.0453,6.448,0.0246,Ash at Mardock,Ash,78.7,51.81482,0.0203,539360,214840,EA-HNL,FV
20,14.5,2.15,1.0623,38002,12.88,16.32,Kappa3,6.74,1.0453,6.448,0.0246,Ash at Mardock,Ash,78.7,51.81482,0.0203,539360,214840,EA-HNL,FV
30,15.9,2.35,1.0656,38002,14.04,18.01,Kappa3,6.74,1.0453,6.448,0.0246,Ash at Mardock,Ash,78.7,51.81482,0.0203,539360,214840,EA-HNL,FV
50,17.6,2.62,1.0704,38002,15.4,20.11,Kappa3,6.74,1.0453,6.448,0.0246,Ash at Mardock,Ash,78.7,51.81482,0.0203,539360,214840,EA-HNL,FV
75,19.1,2.83,1.0747,38002,16.58,22,Kappa3,6.74,1.0453,6.448,0.0246,Ash at Mardock,Ash,78.7,51.81482,0.0203,539360,214840,EA-HNL,FV
100,20.2,2.99,1.078,38002,17.43,23.4,Kappa3,6.74,1.0453,6.448,0.0246,Ash at Mardock,Ash,78.7,51.81482,0.0203,539360,214840,EA-HNL,FV
200,22.8,3.39,1.0867,38002,19.37,26.84,Kappa3,6.74,1.0453,6.448,0.0246,Ash at Mardock,Ash,78.7,51.81482,0.0203,539360,214840,EA-HNL,FV
500,26.6,3.95,1.0998000000000001,38002,22.08,32.05,Kappa3,6.74,1.0453,6.448,0.0246,Ash at Mardock,Ash,78.7,51.81482,0.0203,539360,214840,EA-HNL,FV
1000,29.7,4.41,1.1108,38002,24.17,36.49,Kappa3,6.74,1.0453,6.448,0.0246,Ash at Mardock,Ash,78.7,51.81482,0.0203,539360,214840,EA-HNL,FV
2,2.01,1,1.0518,38003,1.82,2.22,Kappa3,2.01,1.3071,1.538,0.0771,Mimram at Panshanger Park,Mimram,133.9,51.80342,-0.14127,528256,213276,EA-HNL,FL
5,2.83,1.41,1.0544,38003,2.55,3.14,Kappa3,2.01,1.3071,1.538,0.0771,Mimram at Panshanger Park,Mimram,133.9,51.80342,-0.14127,528256,213276,EA-HNL,FL
10,3.4,1.69,1.0585,38003,3.04,3.8,Kappa3,2.01,1.3071,1.538,0.0771,Mimram at Panshanger Park,Mimram,133.9,51.80342,-0.14127,528256,213276,EA-HNL,FL
20,3.98,1.98,1.0642,38003,3.52,4.5,Kappa3,2.01,1.3071,1.538,0.0771,Mimram at Panshanger Park,Mimram,133.9,51.80342,-0.14127,528256,213276,EA-HNL,FL
30,4.33,2.15,1.0684,38003,3.8,4.93,Kappa3,2.01,1.3071,1.538,0.0771,Mimram at Panshanger Park,Mimram,133.9,51.80342,-0.14127,528256,213276,EA-HNL,FL
50,4.78,2.38,1.0744,38003,4.15,5.5,Kappa3,2.01,1.3071,1.538,0.0771,Mimram at Panshanger Park,Mimram,133.9,51.80342,-0.14127,528256,213276,EA-HNL,FL
75,5.16,2.57,1.0798,38003,4.44,6,Kappa3,2.01,1.3071,1.538,0.0771,Mimram at Panshanger Park,Mimram,133.9,51.80342,-0.14127,528256,213276,EA-HNL,FL
100,5.44,2.7,1.0839,38003,4.65,6.37,Kappa3,2.01,1.3071,1.538,0.0771,Mimram at Panshanger Park,Mimram,133.9,51.80342,-0.14127,528256,213276,EA-HNL,FL
200,6.13,3.05,1.0948,38003,5.13,7.32,Kappa3,2.01,1.3071,1.538,0.0771,Mimram at Panshanger Park,Mimram,133.9,51.80342,-0.14127,528256,213276,EA-HNL,FL
500,7.13,3.55,1.1111,38003,5.8,8.77,Kappa3,2.01,1.3071,1.538,0.0771,Mimram at Panshanger Park,Mimram,133.9,51.80342,-0.14127,528256,213276,EA-HNL,FL
1000,7.94,3.95,1.1247,38003,6.31,10,Kappa3,2.01,1.3071,1.538,0.0771,Mimram at Panshanger Park,Mimram,133.9,51.80342,-0.14127,528256,213276,EA-HNL,FL
2,11.6,1,1.0667,38004,10.22,13.17,Gumbel,11.6,1.0319,11.242,0.0197,Rib at Wadesmill,Rib,136.5,51.83905,-0.02754,535990,217444,EA-HNL,FL+C
5,17.4,1.5,1.0673,38004,15.31,19.77,Gumbel,11.6,1.0319,11.242,0.0197,Rib at Wadesmill,Rib,136.5,51.83905,-0.02754,535990,217444,EA-HNL,FL+C
10,21.3,1.83,1.0699,38004,18.66,24.32,Gumbel,11.6,1.0319,11.242,0.0197,Rib at Wadesmill,Rib,136.5,51.83905,-0.02754,535990,217444,EA-HNL,FL+C
20,25,2.15,1.0743,38004,21.72,28.77,Gumbel,11.6,1.0319,11.242,0.0197,Rib at Wadesmill,Rib,136.5,51.83905,-0.02754,535990,217444,EA-HNL,FL+C
30,27.1,2.33,1.0777,38004,23.4,31.38,Gumbel,11.6,1.0319,11.242,0.0197,Rib at Wadesmill,Rib,136.5,51.83905,-0.02754,535990,217444,EA-HNL,FL+C
50,29.7,2.56,1.0828,38004,25.41,34.71,Gumbel,11.6,1.0319,11.242,0.0197,Rib at Wadesmill,Rib,136.5,51.83905,-0.02754,535990,217444,EA-HNL,FL+C
75,31.8,2.74,1.0875,38004,26.98,37.48,Gumbel,11.6,1.0319,11.242,0.0197,Rib at Wadesmill,Rib,136.5,51.83905,-0.02754,535990,217444,EA-HNL,FL+C
100,33.3,2.87,1.0912,38004,28.06,39.51,Gumbel,11.6,1.0319,11.242,0.0197,Rib at Wadesmill,Rib,136.5,51.83905,-0.02754,535990,217444,EA-HNL,FL+C
200,36.9,3.18,1.1011,38004,30.55,44.57,Gumbel,11.6,1.0319,11.242,0.0197,Rib at Wadesmill,Rib,136.5,51.83905,-0.02754,535990,217444,EA-HNL,FL+C
500,41.6,3.59,1.1162,38004,33.54,51.6,Gumbel,11.6,1.0319,11.242,0.0197,Rib at Wadesmill,Rib,136.5,51.83905,-0.02754,535990,217444,EA-HNL,FL+C
1000,45.2,3.89,1.1291,38004,35.63,57.34,Gumbel,11.6,1.0319,11.242,0.0197,Rib at Wadesmill,Rib,136.5,51.83905,-0.02754,535990,217444,EA-HNL,FL+C
2,7.47,1,1.0517,38020,6.77,8.25,Kappa3,7.47,1.0755,6.945,0.0776,Cobbins Brook at Sewardstone Road,Cobbins Brook,38.4,51.68148,0.00495,538710,199982,EA-HNL,FL
5,10.4,1.39,1.059,38020,9.29,11.64,Kappa3,7.47,1.0755,6.945,0.0776,Cobbins Brook at Sewardstone Road,Cobbins Brook,38.4,51.68148,0.00495,538710,199982,EA-HNL,FL
10,12.6,1.69,1.0673,38020,11.09,14.32,Kappa3,7.47,1.0755,6.945,0.0776,Cobbins Brook at Sewardstone Road,Cobbins Brook,38.4,51.68148,0.00495,538710,199982,EA-HNL,FL
20,15,2.01,1.0772,38020,12.97,17.35,Kappa3,7.47,1.0755,6.945,0.0776,Cobbins Brook at Sewardstone Road,Cobbins Brook,38.4,51.68148,0.00495,538710,199982,EA-HNL,FL
30,16.5,2.21,1.0836,38020,14.1,19.31,Kappa3,7.47,1.0755,6.945,0.0776,Cobbins Brook at Sewardstone Road,Cobbins Brook,38.4,51.68148,0.00495,538710,199982,EA-HNL,FL
50,18.5,2.48,1.0923,38020,15.56,21.99,Kappa3,7.47,1.0755,6.945,0.0776,Cobbins Brook at Sewardstone Road,Cobbins Brook,38.4,51.68148,0.00495,538710,199982,EA-HNL,FL
75,20.3,2.71,1.0997,38020,16.85,24.46,Kappa3,7.47,1.0755,6.945,0.0776,Cobbins Brook at Sewardstone Road,Cobbins Brook,38.4,51.68148,0.00495,538710,199982,EA-HNL,FL
100,21.6,2.89,1.1052,38020,17.75,26.28,Kappa3,7.47,1.0755,6.945,0.0776,Cobbins Brook at Sewardstone Road,Cobbins Brook,38.4,51.68148,0.00495,538710,199982,EA-HNL,FL
200,25,3.35,1.1192,38020,20.05,31.17,Kappa3,7.47,1.0755,6.945,0.0776,Cobbins Brook at Sewardstone Road,Cobbins Brook,38.4,51.68148,0.00495,538710,199982,EA-HNL,FL
500,30.2,4.04,1.1393,38020,23.39,39,Kappa3,7.47,1.0755,6.945,0.0776,Cobbins Brook at Sewardstone Road,Cobbins Brook,38.4,51.68148,0.00495,538710,199982,EA-HNL,FL
1000,34.7,4.65,1.1557,38020,26.13,46.08,Kappa3,7.47,1.0755,6.945,0.0776,Cobbins Brook at Sewardstone Road,Cobbins Brook,38.4,51.68148,0.00495,538710,199982,EA-HNL,FL
2,19.4,1,1.0438,38022,17.84,21.1,Gumbel,19.4,1.6008,12.119,0.5048,Pymmes Brook at Edmonton Silver Street,Pymmes Brook,42.6,51.61573,-0.06526,534050,192540,EA-HNL,C
5,24.9,1.28,1.046,38022,22.8,27.19,Gumbel,19.4,1.6008,12.119,0.5048,Pymmes Brook at Edmonton Silver Street,Pymmes Brook,42.6,51.61573,-0.06526,534050,192540,EA-HNL,C
10,28.5,1.47,1.0495,38022,25.93,31.33,Gumbel,19.4,1.6008,12.119,0.5048,Pymmes Brook at Edmonton Silver Street,Pymmes Brook,42.6,51.61573,-0.06526,534050,192540,EA-HNL,C
20,32,1.65,1.0545,38022,28.84,35.51,Gumbel,19.4,1.6008,12.119,0.5048,Pymmes Brook at Edmonton Silver Street,Pymmes Brook,42.6,51.61573,-0.06526,534050,192540,EA-HNL,C
30,34,1.75,1.0581,38022,30.44,37.98,Gumbel,19.4,1.6008,12.119,0.5048,Pymmes Brook at Edmonton Silver Street,Pymmes Brook,42.6,51.61573,-0.06526,534050,192540,EA-HNL,C
50,36.5,1.88,1.0633,38022,32.36,41.17,Gumbel,19.4,1.6008,12.119,0.5048,Pymmes Brook at Edmonton Silver Street,Pymmes Brook,42.6,51.61573,-0.06526,534050,192540,EA-HNL,C
75,38.5,1.98,1.068,38022,33.84,43.8,Gumbel,19.4,1.6008,12.119,0.5048,Pymmes Brook at Edmonton Silver Street,Pymmes Brook,42.6,51.61573,-0.06526,534050,192540,EA-HNL,C
100,39.8,2.05,1.0716,38022,34.76,45.58,Gumbel,19.4,1.6008,12.119,0.5048,Pymmes Brook at Edmonton Silver Street,Pymmes Brook,42.6,51.61573,-0.06526,534050,192540,EA-HNL,C
200,43.2,2.23,1.0812,38022,37.07,50.34,Gumbel,19.4,1.6008,12.119,0.5048,Pymmes Brook at Edmonton Silver Street,Pymmes Brook,42.6,51.61573,-0.06526,534050,192540,EA-HNL,C
500,47.6,2.46,1.0955,38022,39.81,56.92,Gumbel,19.4,1.6008,12.119,0.5048,Pymmes Brook at Edmonton Silver Street,Pymmes Brook,42.6,51.61573,-0.06526,534050,192540,EA-HNL,C
1000,51,2.63,1.1076,38022,41.74,62.31,Gumbel,19.4,1.6008,12.119,0.5048,Pymmes Brook at Edmonton Silver Street,Pymmes Brook,42.6,51.61573,-0.06526,534050,192540,EA-HNL,C
2,317,1,1.0296,39001,299.38,335.65,GEV,317,1.2235,259.091,0.0792,Thames at Kingston,Thames,9948,51.41544,-0.30771,517780,169850,EA-T,US
5,408,1.29,1.0327,39001,383.06,434.56,GEV,317,1.2235,259.091,0.0792,Thames at Kingston,Thames,9948,51.41544,-0.30771,517780,169850,EA-T,US
10,466,1.47,1.0365,39001,434.38,499.92,GEV,317,1.2235,259.091,0.0792,Thames at Kingston,Thames,9948,51.41544,-0.30771,517780,169850,EA-T,US
20,520,1.64,1.0413,39001,480.35,562.93,GEV,317,1.2235,259.091,0.0792,Thames at Kingston,Thames,9948,51.41544,-0.30771,517780,169850,EA-T,US
30,551,1.74,1.0447,39001,505.74,600.31,GEV,317,1.2235,259.091,0.0792,Thames at Kingston,Thames,9948,51.41544,-0.30771,517780,169850,EA-T,US
50,588,1.86,1.0495,39001,534.87,646.4,GEV,317,1.2235,259.091,0.0792,Thames at Kingston,Thames,9948,51.41544,-0.30771,517780,169850,EA-T,US
75,617,1.95,1.0537,39001,556.88,683.61,GEV,317,1.2235,259.091,0.0792,Thames at Kingston,Thames,9948,51.41544,-0.30771,517780,169850,EA-T,US
100,638,2.01,1.0568,39001,572.53,710.96,GEV,317,1.2235,259.091,0.0792,Thames at Kingston,Thames,9948,51.41544,-0.30771,517780,169850,EA-T,US
200,686,2.16,1.0652,39001,606.12,776.41,GEV,317,1.2235,259.091,0.0792,Thames at Kingston,Thames,9948,51.41544,-0.30771,517780,169850,EA-T,US
500,748,2.36,1.0775,39001,646.2,865.84,GEV,317,1.2235,259.091,0.0792,Thames at Kingston,Thames,9948,51.41544,-0.30771,517780,169850,EA-T,US
1000,793,2.5,1.0877,39001,672.54,935.04,GEV,317,1.2235,259.091,0.0792,Thames at Kingston,Thames,9948,51.41544,-0.30771,517780,169850,EA-T,US
2,144,1,1.0578,39002,128.98,160.77,GEV,144,1.1021,130.655,0.0418,Thames at Days Weir,Thames,3444.7,51.63852,-1.17947,456880,193620,EA-T,MIS
5,187,1.3,1.0601,39002,166.79,209.66,GEV,144,1.1021,130.655,0.0418,Thames at Days Weir,Thames,3444.7,51.63852,-1.17947,456880,193620,EA-T,MIS
10,216,1.5,1.0622,39002,191.91,243.12,GEV,144,1.1021,130.655,0.0418,Thames at Days Weir,Thames,3444.7,51.63852,-1.17947,456880,193620,EA-T,MIS
20,243,1.69,1.0651,39002,214.74,274.97,GEV,144,1.1021,130.655,0.0418,Thames at Days Weir,Thames,3444.7,51.63852,-1.17947,456880,193620,EA-T,MIS
30,259,1.8,1.0673,39002,227.96,294.27,GEV,144,1.1021,130.655,0.0418,Thames at Days Weir,Thames,3444.7,51.63852,-1.17947,456880,193620,EA-T,MIS
50,278,1.93,1.0705,39002,243.25,317.71,GEV,144,1.1021,130.655,0.0418,Thames at Days Weir,Thames,3444.7,51.63852,-1.17947,456880,193620,EA-T,MIS
75,293,2.04,1.0735,39002,254.97,336.7,GEV,144,1.1021,130.655,0.0418,Thames at Days Weir,Thames,3444.7,51.63852,-1.17947,456880,193620,EA-T,MIS
100,304,2.11,1.0758,39002,263.44,350.81,GEV,144,1.1021,130.655,0.0418,Thames at Days Weir,Thames,3444.7,51.63852,-1.17947,456880,193620,EA-T,MIS
200,330,2.29,1.0824,39002,282.56,385.4,GEV,144,1.1021,130.655,0.0418,Thames at Days Weir,Thames,3444.7,51.63852,-1.17947,456880,193620,EA-T,MIS
500,365,2.53,1.0928,39002,306.73,434.34,GEV,144,1.1021,130.655,0.0418,Thames at Days Weir,Thames,3444.7,51.63852,-1.17947,456880,193620,EA-T,MIS
1000,390,2.71,1.1019,39002,322.45,471.7,GEV,144,1.1021,130.655,0.0418,Thames at Days Weir,Thames,3444.7,51.63852,-1.17947,456880,193620,EA-T,MIS
2,11.1,1,1.0638,39005,9.83,12.53,Gumbel,11.1,2.2869,4.854,0.486,Beverley Brook at Wimbledon Common,Beverley Brook,43.5,51.43167,-0.25195,521614,171745,EA-KSL,FL
5,14.8,1.33,1.0649,39005,13.08,16.74,Gumbel,11.1,2.2869,4.854,0.486,Beverley Brook at Wimbledon Common,Beverley Brook,43.5,51.43167,-0.25195,521614,171745,EA-KSL,FL
10,17.3,1.56,1.0677,39005,15.22,19.67,Gumbel,11.1,2.2869,4.854,0.486,Beverley Brook at Wimbledon Common,Beverley Brook,43.5,51.43167,-0.25195,521614,171745,EA-KSL,FL
20,19.6,1.77,1.0718,39005,17.11,22.45,Gumbel,11.1,2.2869,4.854,0.486,Beverley Brook at Wimbledon Common,Beverley Brook,43.5,51.43167,-0.25195,521614,171745,EA-KSL,FL
30,21,1.89,1.0747,39005,18.23,24.18,Gumbel,11.1,2.2869,4.854,0.486,Beverley Brook at Wimbledon Common,Beverley Brook,43.5,51.43167,-0.25195,521614,171745,EA-KSL,FL
50,22.7,2.04,1.079,39005,19.56,26.35,Gumbel,11.1,2.2869,4.854,0.486,Beverley Brook at Wimbledon Common,Beverley Brook,43.5,51.43167,-0.25195,521614,171745,EA-KSL,FL
75,24,2.16,1.0828,39005,20.54,28.05,Gumbel,11.1,2.2869,4.854,0.486,Beverley Brook at Wimbledon Common,Beverley Brook,43.5,51.43167,-0.25195,521614,171745,EA-KSL,FL
100,25,2.25,1.0857,39005,21.28,29.37,Gumbel,11.1,2.2869,4.854,0.486,Beverley Brook at Wimbledon Common,Beverley Brook,43.5,51.43167,-0.25195,521614,171745,EA-KSL,FL
200,27.2,2.45,1.0935,39005,22.83,32.41,Gumbel,11.1,2.2869,4.854,0.486,Beverley Brook at Wimbledon Common,Beverley Brook,43.5,51.43167,-0.25195,521614,171745,EA-KSL,FL
500,30.2,2.72,1.1052,39005,24.82,36.74,Gumbel,11.1,2.2869,4.854,0.486,Beverley Brook at Wimbledon Common,Beverley Brook,43.5,51.43167,-0.25195,521614,171745,EA-KSL,FL
1000,32.5,2.93,1.1151,39005,26.25,40.24,Gumbel,11.1,2.2869,4.854,0.486,Beverley Brook at Wimbledon Common,Beverley Brook,43.5,51.43167,-0.25195,521614,171745,EA-KSL,FL
2,11.2,1,1.0687,39006,9.83,12.76,GEV,11.2,1.0781,10.388,0.0213,Windrush at Newbridge,Windrush,362.6,51.71402,-1.41984,440179,201858,EA-T,US
5,15.9,1.42,1.0698,39006,13.93,18.15,GEV,11.2,1.0781,10.388,0.0213,Windrush at Newbridge,Windrush,362.6,51.71402,-1.41984,440179,201858,EA-T,US
10,19.1,1.71,1.0723,39006,16.66,21.9,GEV,11.2,1.0781,10.388,0.0213,Windrush at Newbridge,Windrush,362.6,51.71402,-1.41984,440179,201858,EA-T,US
20,22.3,1.99,1.0763,39006,19.31,25.76,GEV,11.2,1.0781,10.388,0.0213,Windrush at Newbridge,Windrush,362.6,51.71402,-1.41984,440179,201858,EA-T,US
30,24.3,2.17,1.0795,39006,20.92,28.23,GEV,11.2,1.0781,10.388,0.0213,Windrush at Newbridge,Windrush,362.6,51.71402,-1.41984,440179,201858,EA-T,US
50,26.7,2.38,1.0844,39006,22.78,31.3,GEV,11.2,1.0781,10.388,0.0213,Windrush at Newbridge,Windrush,362.6,51.71402,-1.41984,440179,201858,EA-T,US
75,28.7,2.56,1.089,39006,24.28,33.92,GEV,11.2,1.0781,10.388,0.0213,Windrush at Newbridge,Windrush,362.6,51.71402,-1.41984,440179,201858,EA-T,US
100,30.1,2.69,1.0926,39006,25.3,35.81,GEV,11.2,1.0781,10.388,0.0213,Windrush at Newbridge,Windrush,362.6,51.71402,-1.41984,440179,201858,EA-T,US
200,33.6,3,1.1025,39006,27.75,40.68,GEV,11.2,1.0781,10.388,0.0213,Windrush at Newbridge,Windrush,362.6,51.71402,-1.41984,440179,201858,EA-T,US
500,38.5,3.43,1.118,39006,30.94,47.91,GEV,11.2,1.0781,10.388,0.0213,Windrush at Newbridge,Windrush,362.6,51.71402,-1.41984,440179,201858,EA-T,US
1000,42.3,3.77,1.1313,39006,33.21,53.87,GEV,11.2,1.0781,10.388,0.0213,Windrush at Newbridge,Windrush,362.6,51.71402,-1.41984,440179,201858,EA-T,US
2,22.3,1,1.0261,39007,21.2,23.46,GenLog,22.3,1.3896,16.048,0.1333,Blackwater at Swallowfield,Blackwater,354.8,51.37738,-0.95124,473090,164780,EA-T,CC
5,28.8,1.29,1.0277,39007,27.3,30.38,GenLog,22.3,1.3896,16.048,0.1333,Blackwater at Swallowfield,Blackwater,354.8,51.37738,-0.95124,473090,164780,EA-T,CC
10,33.4,1.5,1.0319,39007,31.41,35.52,GenLog,22.3,1.3896,16.048,0.1333,Blackwater at Swallowfield,Blackwater,354.8,51.37738,-0.95124,473090,164780,EA-T,CC
20,38,1.71,1.038,39007,35.32,40.88,GenLog,22.3,1.3896,16.048,0.1333,Blackwater at Swallowfield,Blackwater,354.8,51.37738,-0.95124,473090,164780,EA-T,CC
30,40.9,1.83,1.0424,39007,37.7,44.37,GenLog,22.3,1.3896,16.048,0.1333,Blackwater at Swallowfield,Blackwater,354.8,51.37738,-0.95124,473090,164780,EA-T,CC
50,44.8,2.01,1.0486,39007,40.82,49.17,GenLog,22.3,1.3896,16.048,0.1333,Blackwater at Swallowfield,Blackwater,354.8,51.37738,-0.95124,473090,164780,EA-T,CC
75,48,2.15,1.054,39007,43.3,53.21,GenLog,22.3,1.3896,16.048,0.1333,Blackwater at Swallowfield,Blackwater,354.8,51.37738,-0.95124,473090,164780,EA-T,CC
100,50.4,2.26,1.0582,39007,45.11,56.31,GenLog,22.3,1.3896,16.048,0.1333,Blackwater at Swallowfield,Blackwater,354.8,51.37738,-0.95124,473090,164780,EA-T,CC
200,56.6,2.54,1.0688,39007,49.68,64.48,GenLog,22.3,1.3896,16.048,0.1333,Blackwater at Swallowfield,Blackwater,354.8,51.37738,-0.95124,473090,164780,EA-T,CC
500,65.9,2.95,1.0845,39007,56.21,77.26,GenLog,22.3,1.3896,16.048,0.1333,Blackwater at Swallowfield,Blackwater,354.8,51.37738,-0.95124,473090,164780,EA-T,CC
1000,73.7,3.31,1.0974,39007,61.43,88.43,GenLog,22.3,1.3896,16.048,0.1333,Blackwater at Swallowfield,Blackwater,354.8,51.37738,-0.95124,473090,164780,EA-T,CC
2,1.23,1,1.0424,39014,1.13,1.33,Kappa3,1.23,1.3787,0.892,0.1165,Ver at Hansteads,Ver,132,51.70467,-0.33606,515077,201969,EA-HNL,CC
5,1.7,1.38,1.0447,39014,1.56,1.85,Kappa3,1.23,1.3787,0.892,0.1165,Ver at Hansteads,Ver,132,51.70467,-0.33606,515077,201969,EA-HNL,CC
10,2.02,1.64,1.0488,39014,1.84,2.22,Kappa3,1.23,1.3787,0.892,0.1165,Ver at Hansteads,Ver,132,51.70467,-0.33606,515077,201969,EA-HNL,CC
20,2.33,1.9,1.0546,39014,2.1,2.59,Kappa3,1.23,1.3787,0.892,0.1165,Ver at Hansteads,Ver,132,51.70467,-0.33606,515077,201969,EA-HNL,CC
30,2.52,2.05,1.0586,39014,2.25,2.82,Kappa3,1.23,1.3787,0.892,0.1165,Ver at Hansteads,Ver,132,51.70467,-0.33606,515077,201969,EA-HNL,CC
50,2.76,2.24,1.0642,39014,2.44,3.12,Kappa3,1.23,1.3787,0.892,0.1165,Ver at Hansteads,Ver,132,51.70467,-0.33606,515077,201969,EA-HNL,CC
75,2.96,2.4,1.0692,39014,2.6,3.37,Kappa3,1.23,1.3787,0.892,0.1165,Ver at Hansteads,Ver,132,51.70467,-0.33606,515077,201969,EA-HNL,CC
100,3.1,2.52,1.073,39014,2.7,3.56,Kappa3,1.23,1.3787,0.892,0.1165,Ver at Hansteads,Ver,132,51.70467,-0.33606,515077,201969,EA-HNL,CC
200,3.45,2.8,1.0827,39014,2.95,4.03,Kappa3,1.23,1.3787,0.892,0.1165,Ver at Hansteads,Ver,132,51.70467,-0.33606,515077,201969,EA-HNL,CC
500,3.94,3.2,1.0971,39014,3.29,4.72,Kappa3,1.23,1.3787,0.892,0.1165,Ver at Hansteads,Ver,132,51.70467,-0.33606,515077,201969,EA-HNL,CC
1000,4.33,3.52,1.109,39014,3.54,5.3,Kappa3,1.23,1.3787,0.892,0.1165,Ver at Hansteads,Ver,132,51.70467,-0.33606,515077,201969,EA-HNL,CC
2,38.2,1,1.0573,39016,34.25,42.61,GEV,38.2,1.1203,34.098,0.0253,Kennet at Theale,Kennet,1033.4,51.43274,-1.06695,464959,170828,EA-T,C
5,52.1,1.36,1.059,39016,46.56,58.3,GEV,38.2,1.1203,34.098,0.0253,Kennet at Theale,Kennet,1033.4,51.43274,-1.06695,464959,170828,EA-T,C
10,61.3,1.6,1.0621,39016,54.47,68.98,GEV,38.2,1.1203,34.098,0.0253,Kennet at Theale,Kennet,1033.4,51.43274,-1.06695,464959,170828,EA-T,C
20,70.1,1.84,1.0666,39016,61.78,79.54,GEV,38.2,1.1203,34.098,0.0253,Kennet at Theale,Kennet,1033.4,51.43274,-1.06695,464959,170828,EA-T,C
30,75.2,1.97,1.07,39016,65.86,85.86,GEV,38.2,1.1203,34.098,0.0253,Kennet at Theale,Kennet,1033.4,51.43274,-1.06695,464959,170828,EA-T,C
50,81.5,2.13,1.0751,39016,70.72,93.93,GEV,38.2,1.1203,34.098,0.0253,Kennet at Theale,Kennet,1033.4,51.43274,-1.06695,464959,170828,EA-T,C
75,86.5,2.26,1.0796,39016,74.44,100.51,GEV,38.2,1.1203,34.098,0.0253,Kennet at Theale,Kennet,1033.4,51.43274,-1.06695,464959,170828,EA-T,C
100,90,2.36,1.0832,39016,76.95,105.26,GEV,38.2,1.1203,34.098,0.0253,Kennet at Theale,Kennet,1033.4,51.43274,-1.06695,464959,170828,EA-T,C
200,98.5,2.58,1.0928,39016,82.77,117.21,GEV,38.2,1.1203,34.098,0.0253,Kennet at Theale,Kennet,1033.4,51.43274,-1.06695,464959,170828,EA-T,C
500,110,2.87,1.1074,39016,90.06,134.35,GEV,38.2,1.1203,34.098,0.0253,Kennet at Theale,Kennet,1033.4,51.43274,-1.06695,464959,170828,EA-T,C
1000,118,3.09,1.1198,39016,94.53,147.3,GEV,38.2,1.1203,34.098,0.0253,Kennet at Theale,Kennet,1033.4,51.43274,-1.06695,464959,170828,EA-T,C
2,3.5,1,1.083,39019,2.99,4.09,Gumbel,3.5,1.0601,3.302,0.0103,Lambourn at Shaw,Lambourn,234.1,51.41105,-1.32514,447033,168219,EA-T,C
5,4.94,1.41,1.0835,39019,4.22,5.78,Gumbel,3.5,1.0601,3.302,0.0103,Lambourn at Shaw,Lambourn,234.1,51.41105,-1.32514,447033,168219,EA-T,C
10,5.89,1.68,1.0856,39019,5.01,6.92,Gumbel,3.5,1.0601,3.302,0.0103,Lambourn at Shaw,Lambourn,234.1,51.41105,-1.32514,447033,168219,EA-T,C
20,6.8,1.94,1.089,39019,5.75,8.04,Gumbel,3.5,1.0601,3.302,0.0103,Lambourn at Shaw,Lambourn,234.1,51.41105,-1.32514,447033,168219,EA-T,C
30,7.32,2.09,1.0915,39019,6.17,8.69,Gumbel,3.5,1.0601,3.302,0.0103,Lambourn at Shaw,Lambourn,234.1,51.41105,-1.32514,447033,168219,EA-T,C
50,7.98,2.28,1.0954,39019,6.67,9.54,Gumbel,3.5,1.0601,3.302,0.0103,Lambourn at Shaw,Lambourn,234.1,51.41105,-1.32514,447033,168219,EA-T,C
75,8.5,2.43,1.099,39019,7.06,10.23,Gumbel,3.5,1.0601,3.302,0.0103,Lambourn at Shaw,Lambourn,234.1,51.41105,-1.32514,447033,168219,EA-T,C
100,8.87,2.53,1.1018,39019,7.34,10.73,Gumbel,3.5,1.0601,3.302,0.0103,Lambourn at Shaw,Lambourn,234.1,51.41105,-1.32514,447033,168219,EA-T,C
200,9.75,2.78,1.1096,39019,7.95,11.95,Gumbel,3.5,1.0601,3.302,0.0103,Lambourn at Shaw,Lambourn,234.1,51.41105,-1.32514,447033,168219,EA-T,C
500,10.9,3.12,1.1217,39019,8.7,13.65,Gumbel,3.5,1.0601,3.302,0.0103,Lambourn at Shaw,Lambourn,234.1,51.41105,-1.32514,447033,168219,EA-T,C
1000,11.8,3.37,1.1323,39019,9.25,15.05,Gumbel,3.5,1.0601,3.302,0.0103,Lambourn at Shaw,Lambourn,234.1,51.41105,-1.32514,447033,168219,EA-T,C
2,3.61,1,1.0558,39020,3.25,4.02,Kappa3,3.61,1.034,3.491,0.0077,Coln at Bibury,Coln,106.7,51.75461,-1.82543,412147,206228,EA-T,C
5,5.04,1.4,1.0583,39020,4.51,5.63,Kappa3,3.61,1.034,3.491,0.0077,Coln at Bibury,Coln,106.7,51.75461,-1.82543,412147,206228,EA-T,C
10,6.02,1.67,1.0619,39020,5.35,6.77,Kappa3,3.61,1.034,3.491,0.0077,Coln at Bibury,Coln,106.7,51.75461,-1.82543,412147,206228,EA-T,C
20,7,1.94,1.0669,39020,6.17,7.95,Kappa3,3.61,1.034,3.491,0.0077,Coln at Bibury,Coln,106.7,51.75461,-1.82543,412147,206228,EA-T,C
30,7.59,2.1,1.0705,39020,6.64,8.67,Kappa3,3.61,1.034,3.491,0.0077,Coln at Bibury,Coln,106.7,51.75461,-1.82543,412147,206228,EA-T,C
50,8.35,2.31,1.0756,39020,7.24,9.63,Kappa3,3.61,1.034,3.491,0.0077,Coln at Bibury,Coln,106.7,51.75461,-1.82543,412147,206228,EA-T,C
75,8.98,2.49,1.0802,39020,7.72,10.45,Kappa3,3.61,1.034,3.491,0.0077,Coln at Bibury,Coln,106.7,51.75461,-1.82543,412147,206228,EA-T,C
100,9.43,2.61,1.0836,39020,8.06,11.04,Kappa3,3.61,1.034,3.491,0.0077,Coln at Bibury,Coln,106.7,51.75461,-1.82543,412147,206228,EA-T,C
200,10.6,2.93,1.0929,39020,8.91,12.62,Kappa3,3.61,1.034,3.491,0.0077,Coln at Bibury,Coln,106.7,51.75461,-1.82543,412147,206228,EA-T,C
500,12.2,3.37,1.1068,39020,10,14.88,Kappa3,3.61,1.034,3.491,0.0077,Coln at Bibury,Coln,106.7,51.75461,-1.82543,412147,206228,EA-T,C
1000,13.5,3.73,1.1185,39020,10.84,16.81,Kappa3,3.61,1.034,3.491,0.0077,Coln at Bibury,Coln,106.7,51.75461,-1.82543,412147,206228,EA-T,C
2,19.3,1,1.0245,39021,18.41,20.24,GenLog,19.3,1.0604,18.201,0.0318,Cherwell at Enslow Mill,Cherwell,551.7,51.86134,-1.30137,448207,218315,EA-T,CC+CB
5,27.5,1.43,1.0316,39021,25.87,29.23,GenLog,19.3,1.0604,18.201,0.0318,Cherwell at Enslow Mill,Cherwell,551.7,51.86134,-1.30137,448207,218315,EA-T,CC+CB
10,33.8,1.75,1.0439,39021,31.07,36.77,GenLog,19.3,1.0604,18.201,0.0318,Cherwell at Enslow Mill,Cherwell,551.7,51.86134,-1.30137,448207,218315,EA-T,CC+CB
20,41,2.12,1.0587,39021,36.66,45.85,GenLog,19.3,1.0604,18.201,0.0318,Cherwell at Enslow Mill,Cherwell,551.7,51.86134,-1.30137,448207,218315,EA-T,CC+CB
30,45.6,2.36,1.0683,39021,40.06,51.9,GenLog,19.3,1.0604,18.201,0.0318,Cherwell at Enslow Mill,Cherwell,551.7,51.86134,-1.30137,448207,218315,EA-T,CC+CB
50,52.2,2.7,1.0811,39021,44.8,60.82,GenLog,19.3,1.0604,18.201,0.0318,Cherwell at Enslow Mill,Cherwell,551.7,51.86134,-1.30137,448207,218315,EA-T,CC+CB
75,58,3,1.0919,39021,48.82,68.91,GenLog,19.3,1.0604,18.201,0.0318,Cherwell at Enslow Mill,Cherwell,551.7,51.86134,-1.30137,448207,218315,EA-T,CC+CB
100,62.5,3.24,1.0998000000000001,39021,51.87,75.31,GenLog,19.3,1.0604,18.201,0.0318,Cherwell at Enslow Mill,Cherwell,551.7,51.86134,-1.30137,448207,218315,EA-T,CC+CB
200,74.6,3.87,1.1197,39021,59.77,93.11,GenLog,19.3,1.0604,18.201,0.0318,Cherwell at Enslow Mill,Cherwell,551.7,51.86134,-1.30137,448207,218315,EA-T,CC+CB
500,94.4,4.89,1.148,39021,72.03,123.73,GenLog,19.3,1.0604,18.201,0.0318,Cherwell at Enslow Mill,Cherwell,551.7,51.86134,-1.30137,448207,218315,EA-T,CC+CB
1000,113,5.84,1.1707,39021,82.97,153.9,GenLog,19.3,1.0604,18.201,0.0318,Cherwell at Enslow Mill,Cherwell,551.7,51.86134,-1.30137,448207,218315,EA-T,CC+CB
2,16.4,1,1.0626,39022,14.56,18.47,Gumbel,16.4,1.2773,12.839,0.1008,Loddon at Sheepbridge,Loddon,164.5,51.38183,-0.96665,472011,165260,EA-T,C
5,22.8,1.39,1.0642,39022,20.18,25.76,Gumbel,16.4,1.2773,12.839,0.1008,Loddon at Sheepbridge,Loddon,164.5,51.38183,-0.96665,472011,165260,EA-T,C
10,27,1.65,1.0664,39022,23.8,30.63,Gumbel,16.4,1.2773,12.839,0.1008,Loddon at Sheepbridge,Loddon,164.5,51.38183,-0.96665,472011,165260,EA-T,C
20,31.1,1.9,1.0697,39022,27.25,35.49,Gumbel,16.4,1.2773,12.839,0.1008,Loddon at Sheepbridge,Loddon,164.5,51.38183,-0.96665,472011,165260,EA-T,C
30,33.4,2.04,1.072,39022,29.15,38.28,Gumbel,16.4,1.2773,12.839,0.1008,Loddon at Sheepbridge,Loddon,164.5,51.38183,-0.96665,472011,165260,EA-T,C
50,36.3,2.22,1.0756,39022,31.47,41.87,Gumbel,16.4,1.2773,12.839,0.1008,Loddon at Sheepbridge,Loddon,164.5,51.38183,-0.96665,472011,165260,EA-T,C
75,38.6,2.36,1.0788,39022,33.27,44.79,Gumbel,16.4,1.2773,12.839,0.1008,Loddon at Sheepbridge,Loddon,164.5,51.38183,-0.96665,472011,165260,EA-T,C
100,40.3,2.46,1.0813,39022,34.58,46.97,Gumbel,16.4,1.2773,12.839,0.1008,Loddon at Sheepbridge,Loddon,164.5,51.38183,-0.96665,472011,165260,EA-T,C
200,44.2,2.69,1.0882,39022,37.45,52.16,Gumbel,16.4,1.2773,12.839,0.1008,Loddon at Sheepbridge,Loddon,164.5,51.38183,-0.96665,472011,165260,EA-T,C
500,49.4,3.01,1.0989,39022,41.06,59.43,Gumbel,16.4,1.2773,12.839,0.1008,Loddon at Sheepbridge,Loddon,164.5,51.38183,-0.96665,472011,165260,EA-T,C
1000,53.3,3.25,1.1081,39022,43.59,65.18,Gumbel,16.4,1.2773,12.839,0.1008,Loddon at Sheepbridge,Loddon,164.5,51.38183,-0.96665,472011,165260,EA-T,C
2,2.74,1,1.0381,39023,2.55,2.95,Gumbel,2.74,1.7524,1.564,0.1203,Wye at Bourne End Hedsor,Wye,137.3,51.57187,-0.70859,489597,186679,EA-T,C
5,3.71,1.35,1.0383,39023,3.45,3.99,Gumbel,2.74,1.7524,1.564,0.1203,Wye at Bourne End Hedsor,Wye,137.3,51.57187,-0.70859,489597,186679,EA-T,C
10,4.35,1.59,1.0407,39023,4.02,4.7,Gumbel,2.74,1.7524,1.564,0.1203,Wye at Bourne End Hedsor,Wye,137.3,51.57187,-0.70859,489597,186679,EA-T,C
20,4.96,1.81,1.0449,39023,4.55,5.41,Gumbel,2.74,1.7524,1.564,0.1203,Wye at Bourne End Hedsor,Wye,137.3,51.57187,-0.70859,489597,186679,EA-T,C
30,5.31,1.94,1.0482,39023,4.84,5.82,Gumbel,2.74,1.7524,1.564,0.1203,Wye at Bourne End Hedsor,Wye,137.3,51.57187,-0.70859,489597,186679,EA-T,C
50,5.75,2.1,1.0531,39023,5.2,6.36,Gumbel,2.74,1.7524,1.564,0.1203,Wye at Bourne End Hedsor,Wye,137.3,51.57187,-0.70859,489597,186679,EA-T,C
75,6.1,2.23,1.0576,39023,5.47,6.81,Gumbel,2.74,1.7524,1.564,0.1203,Wye at Bourne End Hedsor,Wye,137.3,51.57187,-0.70859,489597,186679,EA-T,C
100,6.35,2.32,1.0611,39023,5.65,7.13,Gumbel,2.74,1.7524,1.564,0.1203,Wye at Bourne End Hedsor,Wye,137.3,51.57187,-0.70859,489597,186679,EA-T,C
200,6.94,2.53,1.0703,39023,6.07,7.93,Gumbel,2.74,1.7524,1.564,0.1203,Wye at Bourne End Hedsor,Wye,137.3,51.57187,-0.70859,489597,186679,EA-T,C
500,7.72,2.82,1.0843,39023,6.59,9.05,Gumbel,2.74,1.7524,1.564,0.1203,Wye at Bourne End Hedsor,Wye,137.3,51.57187,-0.70859,489597,186679,EA-T,C
1000,8.32,3.03,1.096,39023,6.95,9.96,Gumbel,2.74,1.7524,1.564,0.1203,Wye at Bourne End Hedsor,Wye,137.3,51.57187,-0.70859,489597,186679,EA-T,C
2,16.6,1,1.0657,39025,14.65,18.8,Gumbel,16.6,1.0608,15.648,0.0316,Enborne at Brimpton,Enborne,147.6,51.37917,-1.18551,456783,164772,EA-T,CC
5,24,1.45,1.067,39025,21.14,27.25,Gumbel,16.6,1.0608,15.648,0.0316,Enborne at Brimpton,Enborne,147.6,51.37917,-1.18551,456783,164772,EA-T,CC
10,28.9,1.74,1.0698,39025,25.32,32.99,Gumbel,16.6,1.0608,15.648,0.0316,Enborne at Brimpton,Enborne,147.6,51.37917,-1.18551,456783,164772,EA-T,CC
20,33.6,2.03,1.0742,39025,29.2,38.66,Gumbel,16.6,1.0608,15.648,0.0316,Enborne at Brimpton,Enborne,147.6,51.37917,-1.18551,456783,164772,EA-T,CC
30,36.3,2.19,1.0775,39025,31.36,42.02,Gumbel,16.6,1.0608,15.648,0.0316,Enborne at Brimpton,Enborne,147.6,51.37917,-1.18551,456783,164772,EA-T,CC
50,39.7,2.39,1.0825,39025,33.99,46.37,Gumbel,16.6,1.0608,15.648,0.0316,Enborne at Brimpton,Enborne,147.6,51.37917,-1.18551,456783,164772,EA-T,CC
75,42.4,2.55,1.0871,39025,36,49.94,Gumbel,16.6,1.0608,15.648,0.0316,Enborne at Brimpton,Enborne,147.6,51.37917,-1.18551,456783,164772,EA-T,CC
100,44.3,2.67,1.0907,39025,37.37,52.52,Gumbel,16.6,1.0608,15.648,0.0316,Enborne at Brimpton,Enborne,147.6,51.37917,-1.18551,456783,164772,EA-T,CC
200,48.8,2.94,1.1003,39025,40.46,58.85,Gumbel,16.6,1.0608,15.648,0.0316,Enborne at Brimpton,Enborne,147.6,51.37917,-1.18551,456783,164772,EA-T,CC
500,54.8,3.3,1.1152,39025,44.26,67.86,Gumbel,16.6,1.0608,15.648,0.0316,Enborne at Brimpton,Enborne,147.6,51.37917,-1.18551,456783,164772,EA-T,CC
1000,59.4,3.58,1.1277,39025,46.93,75.18,Gumbel,16.6,1.0608,15.648,0.0316,Enborne at Brimpton,Enborne,147.6,51.37917,-1.18551,456783,164772,EA-T,CC
2,2.16,1,1.066,39028,1.91,2.45,Kappa3,2.16,1.0245,2.108,0.0059,Dun at Hungerford,Dun,101.3,51.414790000000004,-1.53938,432130,168520,EA-T,C
5,3,1.39,1.0682,39028,2.64,3.41,Kappa3,2.16,1.0245,2.108,0.0059,Dun at Hungerford,Dun,101.3,51.414790000000004,-1.53938,432130,168520,EA-T,C
10,3.55,1.65,1.071,39028,3.1,4.06,Kappa3,2.16,1.0245,2.108,0.0059,Dun at Hungerford,Dun,101.3,51.414790000000004,-1.53938,432130,168520,EA-T,C
20,4.11,1.9,1.0747,39028,3.57,4.73,Kappa3,2.16,1.0245,2.108,0.0059,Dun at Hungerford,Dun,101.3,51.414790000000004,-1.53938,432130,168520,EA-T,C
30,4.43,2.05,1.0773,39028,3.83,5.13,Kappa3,2.16,1.0245,2.108,0.0059,Dun at Hungerford,Dun,101.3,51.414790000000004,-1.53938,432130,168520,EA-T,C
50,4.85,2.25,1.0812,39028,4.16,5.65,Kappa3,2.16,1.0245,2.108,0.0059,Dun at Hungerford,Dun,101.3,51.414790000000004,-1.53938,432130,168520,EA-T,C
75,5.19,2.4,1.0848,39028,4.42,6.09,Kappa3,2.16,1.0245,2.108,0.0059,Dun at Hungerford,Dun,101.3,51.414790000000004,-1.53938,432130,168520,EA-T,C
100,5.44,2.52,1.0875,39028,4.62,6.41,Kappa3,2.16,1.0245,2.108,0.0059,Dun at Hungerford,Dun,101.3,51.414790000000004,-1.53938,432130,168520,EA-T,C
200,6.04,2.8,1.0949,39028,5.06,7.21,Kappa3,2.16,1.0245,2.108,0.0059,Dun at Hungerford,Dun,101.3,51.414790000000004,-1.53938,432130,168520,EA-T,C
500,6.88,3.19,1.1062,39028,5.65,8.38,Kappa3,2.16,1.0245,2.108,0.0059,Dun at Hungerford,Dun,101.3,51.414790000000004,-1.53938,432130,168520,EA-T,C
1000,7.55,3.5,1.1159,39028,6.09,9.36,Kappa3,2.16,1.0245,2.108,0.0059,Dun at Hungerford,Dun,101.3,51.414790000000004,-1.53938,432130,168520,EA-T,C
2,0.401,1,1.0688,39033,0.35,0.46,GEV,0.401,1.0373000000000001,0.387,0.0084,Winterbourne Stream at Bagnor,Winterbourne Stream,49.2,51.42247,-1.35038,445266,169473,EA-T,C
5,0.599,1.49,1.0747,39033,0.52,0.69,GEV,0.401,1.0373000000000001,0.387,0.0084,Winterbourne Stream at Bagnor,Winterbourne Stream,49.2,51.42247,-1.35038,445266,169473,EA-T,C
10,0.74,1.85,1.0817,39033,0.63,0.86,GEV,0.401,1.0373000000000001,0.387,0.0084,Winterbourne Stream at Bagnor,Winterbourne Stream,49.2,51.42247,-1.35038,445266,169473,EA-T,C
20,0.884,2.2,1.0908,39033,0.75,1.05,GEV,0.401,1.0373000000000001,0.387,0.0084,Winterbourne Stream at Bagnor,Winterbourne Stream,49.2,51.42247,-1.35038,445266,169473,EA-T,C
30,0.971,2.42,1.0971,39033,0.81,1.16,GEV,0.401,1.0373000000000001,0.387,0.0084,Winterbourne Stream at Bagnor,Winterbourne Stream,49.2,51.42247,-1.35038,445266,169473,EA-T,C
50,1.08,2.7,1.1059,39033,0.89,1.32,GEV,0.401,1.0373000000000001,0.387,0.0084,Winterbourne Stream at Bagnor,Winterbourne Stream,49.2,51.42247,-1.35038,445266,169473,EA-T,C
75,1.18,2.93,1.1136,39033,0.96,1.46,GEV,0.401,1.0373000000000001,0.387,0.0084,Winterbourne Stream at Bagnor,Winterbourne Stream,49.2,51.42247,-1.35038,445266,169473,EA-T,C
100,1.24,3.1,1.1194,39033,0.99,1.55,GEV,0.401,1.0373000000000001,0.387,0.0084,Winterbourne Stream at Bagnor,Winterbourne Stream,49.2,51.42247,-1.35038,445266,169473,EA-T,C
200,1.41,3.52,1.1345,39033,1.1,1.81,GEV,0.401,1.0373000000000001,0.387,0.0084,Winterbourne Stream at Bagnor,Winterbourne Stream,49.2,51.42247,-1.35038,445266,169473,EA-T,C
500,1.65,4.11,1.1568,39033,1.24,2.2,GEV,0.401,1.0373000000000001,0.387,0.0084,Winterbourne Stream at Bagnor,Winterbourne Stream,49.2,51.42247,-1.35038,445266,169473,EA-T,C
1000,1.84,4.59,1.1752,39033,1.34,2.52,GEV,0.401,1.0373000000000001,0.387,0.0084,Winterbourne Stream at Bagnor,Winterbourne Stream,49.2,51.42247,-1.35038,445266,169473,EA-T,C
2,20.4,1,1.0432,39034,18.78,22.16,GEV,20.4,1.052,19.392,0.0199,Evenlode at Cassington Mill,Evenlode,430,51.78627,-1.35169,444816,209933,EA-T,CC+CB
5,29,1.42,1.0456,39034,26.57,31.65,GEV,20.4,1.052,19.392,0.0199,Evenlode at Cassington Mill,Evenlode,430,51.78627,-1.35169,444816,209933,EA-T,CC+CB
10,34.7,1.7,1.0497,39034,31.55,38.16,GEV,20.4,1.052,19.392,0.0199,Evenlode at Cassington Mill,Evenlode,430,51.78627,-1.35169,444816,209933,EA-T,CC+CB
20,40.3,1.98,1.0557,39034,36.24,44.82,GEV,20.4,1.052,19.392,0.0199,Evenlode at Cassington Mill,Evenlode,430,51.78627,-1.35169,444816,209933,EA-T,CC+CB
30,43.6,2.14,1.0601,39034,38.89,48.88,GEV,20.4,1.052,19.392,0.0199,Evenlode at Cassington Mill,Evenlode,430,51.78627,-1.35169,444816,209933,EA-T,CC+CB
50,47.6,2.34,1.0665,39034,41.96,54,GEV,20.4,1.052,19.392,0.0199,Evenlode at Cassington Mill,Evenlode,430,51.78627,-1.35169,444816,209933,EA-T,CC+CB
75,50.9,2.5,1.0723,39034,44.39,58.36,GEV,20.4,1.052,19.392,0.0199,Evenlode at Cassington Mill,Evenlode,430,51.78627,-1.35169,444816,209933,EA-T,CC+CB
100,53.2,2.61,1.0767,39034,46.03,61.49,GEV,20.4,1.052,19.392,0.0199,Evenlode at Cassington Mill,Evenlode,430,51.78627,-1.35169,444816,209933,EA-T,CC+CB
200,58.8,2.88,1.0884,39034,49.8,69.42,GEV,20.4,1.052,19.392,0.0199,Evenlode at Cassington Mill,Evenlode,430,51.78627,-1.35169,444816,209933,EA-T,CC+CB
500,66.3,3.25,1.1059,39034,54.43,80.76,GEV,20.4,1.052,19.392,0.0199,Evenlode at Cassington Mill,Evenlode,430,51.78627,-1.35169,444816,209933,EA-T,CC+CB
1000,72.1,3.53,1.1205,39034,57.69,90.11,GEV,20.4,1.052,19.392,0.0199,Evenlode at Cassington Mill,Evenlode,430,51.78627,-1.35169,444816,209933,EA-T,CC+CB
2,3.46,1,1.0462,39035,3.17,3.78,Kappa3,3.46,1.1327,3.055,0.0309,Churn at Cerney Wick,Churn,124.3,51.66536,-1.89189,407574,196292,EA-T,CC
5,4.65,1.35,1.0468,39035,4.25,5.09,Kappa3,3.46,1.1327,3.055,0.0309,Churn at Cerney Wick,Churn,124.3,51.66536,-1.89189,407574,196292,EA-T,CC
10,5.42,1.57,1.0482,39035,4.94,5.94,Kappa3,3.46,1.1327,3.055,0.0309,Churn at Cerney Wick,Churn,124.3,51.66536,-1.89189,407574,196292,EA-T,CC
20,6.16,1.78,1.0503,39035,5.6,6.78,Kappa3,3.46,1.1327,3.055,0.0309,Churn at Cerney Wick,Churn,124.3,51.66536,-1.89189,407574,196292,EA-T,CC
30,6.59,1.91,1.052,39035,5.97,7.28,Kappa3,3.46,1.1327,3.055,0.0309,Churn at Cerney Wick,Churn,124.3,51.66536,-1.89189,407574,196292,EA-T,CC
50,7.13,2.06,1.0547,39035,6.42,7.91,Kappa3,3.46,1.1327,3.055,0.0309,Churn at Cerney Wick,Churn,124.3,51.66536,-1.89189,407574,196292,EA-T,CC
75,7.56,2.19,1.0572,39035,6.78,8.43,Kappa3,3.46,1.1327,3.055,0.0309,Churn at Cerney Wick,Churn,124.3,51.66536,-1.89189,407574,196292,EA-T,CC
100,7.87,2.27,1.0592,39035,7.03,8.81,Kappa3,3.46,1.1327,3.055,0.0309,Churn at Cerney Wick,Churn,124.3,51.66536,-1.89189,407574,196292,EA-T,CC
200,8.61,2.49,1.0648,39035,7.61,9.74,Kappa3,3.46,1.1327,3.055,0.0309,Churn at Cerney Wick,Churn,124.3,51.66536,-1.89189,407574,196292,EA-T,CC
500,9.61,2.78,1.0736,39035,8.36,11.05,Kappa3,3.46,1.1327,3.055,0.0309,Churn at Cerney Wick,Churn,124.3,51.66536,-1.89189,407574,196292,EA-T,CC
1000,10.4,3,1.0814,39035,8.92,12.12,Kappa3,3.46,1.1327,3.055,0.0309,Churn at Cerney Wick,Churn,124.3,51.66536,-1.89189,407574,196292,EA-T,CC
2,3.2,1,1.0613,39042,2.85,3.6,Gumbel,3.2,1.0313,3.103,0.0068,Leach at Priory Mill Lechlade,Leach,76.9,51.69218,-1.673,422700,199320,EA-T,C
5,4.48,1.4,1.0628,39042,3.98,5.05,Gumbel,3.2,1.0313,3.103,0.0068,Leach at Priory Mill Lechlade,Leach,76.9,51.69218,-1.673,422700,199320,EA-T,C
10,5.33,1.67,1.0654,39042,4.71,6.03,Gumbel,3.2,1.0313,3.103,0.0068,Leach at Priory Mill Lechlade,Leach,76.9,51.69218,-1.673,422700,199320,EA-T,C
20,6.15,1.92,1.0691,39042,5.4,7.01,Gumbel,3.2,1.0313,3.103,0.0068,Leach at Priory Mill Lechlade,Leach,76.9,51.69218,-1.673,422700,199320,EA-T,C
30,6.62,2.07,1.0717,39042,5.78,7.58,Gumbel,3.2,1.0313,3.103,0.0068,Leach at Priory Mill Lechlade,Leach,76.9,51.69218,-1.673,422700,199320,EA-T,C
50,7.2,2.25,1.0756,39042,6.24,8.31,Gumbel,3.2,1.0313,3.103,0.0068,Leach at Priory Mill Lechlade,Leach,76.9,51.69218,-1.673,422700,199320,EA-T,C
75,7.66,2.4,1.0791,39042,6.6,8.89,Gumbel,3.2,1.0313,3.103,0.0068,Leach at Priory Mill Lechlade,Leach,76.9,51.69218,-1.673,422700,199320,EA-T,C
100,7.99,2.5,1.0819,39042,6.85,9.32,Gumbel,3.2,1.0313,3.103,0.0068,Leach at Priory Mill Lechlade,Leach,76.9,51.69218,-1.673,422700,199320,EA-T,C
200,8.78,2.74,1.0891,39042,7.43,10.38,Gumbel,3.2,1.0313,3.103,0.0068,Leach at Priory Mill Lechlade,Leach,76.9,51.69218,-1.673,422700,199320,EA-T,C
500,9.82,3.07,1.1003,39042,8.14,11.84,Gumbel,3.2,1.0313,3.103,0.0068,Leach at Priory Mill Lechlade,Leach,76.9,51.69218,-1.673,422700,199320,EA-T,C
1000,10.6,3.31,1.1098,39042,8.64,13,Gumbel,3.2,1.0313,3.103,0.0068,Leach at Priory Mill Lechlade,Leach,76.9,51.69218,-1.673,422700,199320,EA-T,C
2,4.11,1,1.2728,39055,2.56,6.59,GEV,4.11,1.4666,2.802,0.4515,Yeading Brook West at North Hillingdon,Yeading Brook West,17.6,51.54991,-0.43946,508300,184600,EA-HNL,FV
5,5.37,1.31,1.2719,39055,3.35,8.6,GEV,4.11,1.4666,2.802,0.4515,Yeading Brook West at North Hillingdon,Yeading Brook West,17.6,51.54991,-0.43946,508300,184600,EA-HNL,FV
10,6.22,1.51,1.272,39055,3.88,9.97,GEV,4.11,1.4666,2.802,0.4515,Yeading Brook West at North Hillingdon,Yeading Brook West,17.6,51.54991,-0.43946,508300,184600,EA-HNL,FV
20,7.04,1.71,1.2725,39055,4.39,11.29,GEV,4.11,1.4666,2.802,0.4515,Yeading Brook West at North Hillingdon,Yeading Brook West,17.6,51.54991,-0.43946,508300,184600,EA-HNL,FV
30,7.52,1.83,1.273,39055,4.69,12.07,GEV,4.11,1.4666,2.802,0.4515,Yeading Brook West at North Hillingdon,Yeading Brook West,17.6,51.54991,-0.43946,508300,184600,EA-HNL,FV
50,8.13,1.98,1.274,39055,5.06,13.07,GEV,4.11,1.4666,2.802,0.4515,Yeading Brook West at North Hillingdon,Yeading Brook West,17.6,51.54991,-0.43946,508300,184600,EA-HNL,FV
75,8.62,2.1,1.2749,39055,5.36,13.88,GEV,4.11,1.4666,2.802,0.4515,Yeading Brook West at North Hillingdon,Yeading Brook West,17.6,51.54991,-0.43946,508300,184600,EA-HNL,FV
100,8.96,2.18,1.2757,39055,5.56,14.44,GEV,4.11,1.4666,2.802,0.4515,Yeading Brook West at North Hillingdon,Yeading Brook West,17.6,51.54991,-0.43946,508300,184600,EA-HNL,FV
200,9.8,2.39,1.278,39055,6.06,15.85,GEV,4.11,1.4666,2.802,0.4515,Yeading Brook West at North Hillingdon,Yeading Brook West,17.6,51.54991,-0.43946,508300,184600,EA-HNL,FV
500,10.9,2.66,1.2822,39055,6.7,17.74,GEV,4.11,1.4666,2.802,0.4515,Yeading Brook West at North Hillingdon,Yeading Brook West,17.6,51.54991,-0.43946,508300,184600,EA-HNL,FV
1000,11.8,2.87,1.2862,39055,7.21,19.33,GEV,4.11,1.4666,2.802,0.4515,Yeading Brook West at North Hillingdon,Yeading Brook West,17.6,51.54991,-0.43946,508300,184600,EA-HNL,FV
2,10.1,1,1.061,39086,8.99,11.34,Gumbel,10.1,1.3685,7.381,0.1985,Gatwick Stream at Gatwick Link,Gatwick Stream,33.6,51.16028,-0.16348,528519,141717,EA-KSL,C
5,13.7,1.35,1.0615,39086,12.19,15.4,Gumbel,10.1,1.3685,7.381,0.1985,Gatwick Stream at Gatwick Link,Gatwick Stream,33.6,51.16028,-0.16348,528519,141717,EA-KSL,C
10,16,1.58,1.063,39086,14.19,18.04,Gumbel,10.1,1.3685,7.381,0.1985,Gatwick Stream at Gatwick Link,Gatwick Stream,33.6,51.16028,-0.16348,528519,141717,EA-KSL,C
20,18.3,1.81,1.0656,39086,16.16,20.73,Gumbel,10.1,1.3685,7.381,0.1985,Gatwick Stream at Gatwick Link,Gatwick Stream,33.6,51.16028,-0.16348,528519,141717,EA-KSL,C
30,19.6,1.94,1.0677,39086,17.24,22.29,Gumbel,10.1,1.3685,7.381,0.1985,Gatwick Stream at Gatwick Link,Gatwick Stream,33.6,51.16028,-0.16348,528519,141717,EA-KSL,C
50,21.2,2.1,1.071,39086,18.53,24.25,Gumbel,10.1,1.3685,7.381,0.1985,Gatwick Stream at Gatwick Link,Gatwick Stream,33.6,51.16028,-0.16348,528519,141717,EA-KSL,C
75,22.5,2.22,1.0741,39086,19.56,25.88,Gumbel,10.1,1.3685,7.381,0.1985,Gatwick Stream at Gatwick Link,Gatwick Stream,33.6,51.16028,-0.16348,528519,141717,EA-KSL,C
100,23.4,2.31,1.0766,39086,20.25,27.04,Gumbel,10.1,1.3685,7.381,0.1985,Gatwick Stream at Gatwick Link,Gatwick Stream,33.6,51.16028,-0.16348,528519,141717,EA-KSL,C
200,25.5,2.53,1.0834,39086,21.79,29.84,Gumbel,10.1,1.3685,7.381,0.1985,Gatwick Stream at Gatwick Link,Gatwick Stream,33.6,51.16028,-0.16348,528519,141717,EA-KSL,C
500,28.4,2.81,1.0944,39086,23.8,33.89,Gumbel,10.1,1.3685,7.381,0.1985,Gatwick Stream at Gatwick Link,Gatwick Stream,33.6,51.16028,-0.16348,528519,141717,EA-KSL,C
1000,30.6,3.03,1.1041,39086,25.2,37.16,Gumbel,10.1,1.3685,7.381,0.1985,Gatwick Stream at Gatwick Link,Gatwick Stream,33.6,51.16028,-0.16348,528519,141717,EA-KSL,C
2,1.13,1,1.0627,39088,1,1.27,Kappa3,1.13,1.2075,0.936,0.0621,Chess at Rickmansworth,Chess,105,51.64199,-0.46126,506573,194809,EA-HNL,C
5,1.57,1.39,1.0641,39088,1.39,1.77,Kappa3,1.13,1.2075,0.936,0.0621,Chess at Rickmansworth,Chess,105,51.64199,-0.46126,506573,194809,EA-HNL,C
10,1.88,1.66,1.0667,39088,1.66,2.13,Kappa3,1.13,1.2075,0.936,0.0621,Chess at Rickmansworth,Chess,105,51.64199,-0.46126,506573,194809,EA-HNL,C
20,2.17,1.92,1.0706,39088,1.9,2.48,Kappa3,1.13,1.2075,0.936,0.0621,Chess at Rickmansworth,Chess,105,51.64199,-0.46126,506573,194809,EA-HNL,C
30,2.35,2.08,1.0734,39088,2.05,2.7,Kappa3,1.13,1.2075,0.936,0.0621,Chess at Rickmansworth,Chess,105,51.64199,-0.46126,506573,194809,EA-HNL,C
50,2.58,2.29,1.0777,39088,2.23,2.99,Kappa3,1.13,1.2075,0.936,0.0621,Chess at Rickmansworth,Chess,105,51.64199,-0.46126,506573,194809,EA-HNL,C
75,2.77,2.45,1.0815,39088,2.38,3.23,Kappa3,1.13,1.2075,0.936,0.0621,Chess at Rickmansworth,Chess,105,51.64199,-0.46126,506573,194809,EA-HNL,C
100,2.9,2.57,1.0845,39088,2.47,3.4,Kappa3,1.13,1.2075,0.936,0.0621,Chess at Rickmansworth,Chess,105,51.64199,-0.46126,506573,194809,EA-HNL,C
200,3.24,2.87,1.0926,39088,2.72,3.85,Kappa3,1.13,1.2075,0.936,0.0621,Chess at Rickmansworth,Chess,105,51.64199,-0.46126,506573,194809,EA-HNL,C
500,3.71,3.28,1.1049,39088,3.05,4.51,Kappa3,1.13,1.2075,0.936,0.0621,Chess at Rickmansworth,Chess,105,51.64199,-0.46126,506573,194809,EA-HNL,C
1000,4.09,3.62,1.1155,39088,3.3,5.07,Kappa3,1.13,1.2075,0.936,0.0621,Chess at Rickmansworth,Chess,105,51.64199,-0.46126,506573,194809,EA-HNL,C
2,0.632,1,1.0829,39089,0.54,0.74,Gumbel,0.632,1.1351,0.557,0.0419,Gade at Bury Mill,Gade,48.2,51.75763,-0.4754,505326,207648,EA-HNL,FL
5,0.934,1.48,1.0851,39089,0.8,1.1,Gumbel,0.632,1.1351,0.557,0.0419,Gade at Bury Mill,Gade,48.2,51.75763,-0.4754,505326,207648,EA-HNL,FL
10,1.13,1.8,1.0878,39089,0.96,1.33,Gumbel,0.632,1.1351,0.557,0.0419,Gade at Bury Mill,Gade,48.2,51.75763,-0.4754,505326,207648,EA-HNL,FL
20,1.33,2.1,1.0911,39089,1.12,1.58,Gumbel,0.632,1.1351,0.557,0.0419,Gade at Bury Mill,Gade,48.2,51.75763,-0.4754,505326,207648,EA-HNL,FL
30,1.44,2.27,1.0934,39089,1.21,1.72,Gumbel,0.632,1.1351,0.557,0.0419,Gade at Bury Mill,Gade,48.2,51.75763,-0.4754,505326,207648,EA-HNL,FL
50,1.58,2.49,1.0966,39089,1.32,1.89,Gumbel,0.632,1.1351,0.557,0.0419,Gade at Bury Mill,Gade,48.2,51.75763,-0.4754,505326,207648,EA-HNL,FL
75,1.68,2.67,1.0995,39089,1.39,2.02,Gumbel,0.632,1.1351,0.557,0.0419,Gade at Bury Mill,Gade,48.2,51.75763,-0.4754,505326,207648,EA-HNL,FL
100,1.76,2.79,1.1017,39089,1.46,2.13,Gumbel,0.632,1.1351,0.557,0.0419,Gade at Bury Mill,Gade,48.2,51.75763,-0.4754,505326,207648,EA-HNL,FL
200,1.95,3.08,1.1075,39089,1.6,2.38,Gumbel,0.632,1.1351,0.557,0.0419,Gade at Bury Mill,Gade,48.2,51.75763,-0.4754,505326,207648,EA-HNL,FL
500,2.19,3.47,1.1164,39089,1.76,2.72,Gumbel,0.632,1.1351,0.557,0.0419,Gade at Bury Mill,Gade,48.2,51.75763,-0.4754,505326,207648,EA-HNL,FL
1000,2.38,3.76,1.1241,39089,1.89,2.99,Gumbel,0.632,1.1351,0.557,0.0419,Gade at Bury Mill,Gade,48.2,51.75763,-0.4754,505326,207648,EA-HNL,FL
2,54.1,1,1.1213,39104,43.23,67.71,Kappa3,54.1,1.2469,43.386,0.1368,Mole at Esher,Mole,469.6,51.38237,-0.37679,513058,166063,EA-KSL,US
5,70.7,1.31,1.1242,39104,56.2,88.94,Kappa3,54.1,1.2469,43.386,0.1368,Mole at Esher,Mole,469.6,51.38237,-0.37679,513058,166063,EA-KSL,US
10,82.8,1.53,1.1275,39104,65.45,104.76,Kappa3,54.1,1.2469,43.386,0.1368,Mole at Esher,Mole,469.6,51.38237,-0.37679,513058,166063,EA-KSL,US
20,95.5,1.77,1.1318,39104,74.92,121.73,Kappa3,54.1,1.2469,43.386,0.1368,Mole at Esher,Mole,469.6,51.38237,-0.37679,513058,166063,EA-KSL,US
30,103,1.91,1.1349,39104,80.37,131.99,Kappa3,54.1,1.2469,43.386,0.1368,Mole at Esher,Mole,469.6,51.38237,-0.37679,513058,166063,EA-KSL,US
50,114,2.11,1.1394,39104,88.27,147.23,Kappa3,54.1,1.2469,43.386,0.1368,Mole at Esher,Mole,469.6,51.38237,-0.37679,513058,166063,EA-KSL,US
75,123,2.27,1.1435,39104,94.57,159.97,Kappa3,54.1,1.2469,43.386,0.1368,Mole at Esher,Mole,469.6,51.38237,-0.37679,513058,166063,EA-KSL,US
100,130,2.39,1.1466,39104,99.43,169.98,Kappa3,54.1,1.2469,43.386,0.1368,Mole at Esher,Mole,469.6,51.38237,-0.37679,513058,166063,EA-KSL,US
200,147,2.71,1.1551,39104,110.81,195.01,Kappa3,54.1,1.2469,43.386,0.1368,Mole at Esher,Mole,469.6,51.38237,-0.37679,513058,166063,EA-KSL,US
500,172,3.18,1.1684,39104,126.78,233.35,Kappa3,54.1,1.2469,43.386,0.1368,Mole at Esher,Mole,469.6,51.38237,-0.37679,513058,166063,EA-KSL,US
1000,194,3.58,1.18,39104,140.25,268.34,Kappa3,54.1,1.2469,43.386,0.1368,Mole at Esher,Mole,469.6,51.38237,-0.37679,513058,166063,EA-KSL,US
2,134,1,1.0481,40003,122.21,146.92,GEV,134,1.0607,126.332,0.0455,Medway at Teston / East Farleigh,Medway,1256.1,51.25087,0.44696,570865,153033,EA-KSL,MIS
5,177,1.32,1.0493,40003,161.07,194.51,GEV,134,1.0607,126.332,0.0455,Medway at Teston / East Farleigh,Medway,1256.1,51.25087,0.44696,570865,153033,EA-KSL,MIS
10,207,1.55,1.0531,40003,187.04,229.09,GEV,134,1.0607,126.332,0.0455,Medway at Teston / East Farleigh,Medway,1256.1,51.25087,0.44696,570865,153033,EA-KSL,MIS
20,238,1.78,1.0593,40003,212.59,266.45,GEV,134,1.0607,126.332,0.0455,Medway at Teston / East Farleigh,Medway,1256.1,51.25087,0.44696,570865,153033,EA-KSL,MIS
30,257,1.91,1.064,40003,227.58,290.23,GEV,134,1.0607,126.332,0.0455,Medway at Teston / East Farleigh,Medway,1256.1,51.25087,0.44696,570865,153033,EA-KSL,MIS
50,281,2.09,1.0708,40003,245.74,321.32,GEV,134,1.0607,126.332,0.0455,Medway at Teston / East Farleigh,Medway,1256.1,51.25087,0.44696,570865,153033,EA-KSL,MIS
75,300,2.24,1.0771,40003,259.36,347.01,GEV,134,1.0607,126.332,0.0455,Medway at Teston / East Farleigh,Medway,1256.1,51.25087,0.44696,570865,153033,EA-KSL,MIS
100,314,2.35,1.0819,40003,269.11,366.38,GEV,134,1.0607,126.332,0.0455,Medway at Teston / East Farleigh,Medway,1256.1,51.25087,0.44696,570865,153033,EA-KSL,MIS
200,350,2.61,1.0946,40003,293.18,417.84,GEV,134,1.0607,126.332,0.0455,Medway at Teston / East Farleigh,Medway,1256.1,51.25087,0.44696,570865,153033,EA-KSL,MIS
500,400,2.98,1.1137,40003,323.89,494,GEV,134,1.0607,126.332,0.0455,Medway at Teston / East Farleigh,Medway,1256.1,51.25087,0.44696,570865,153033,EA-KSL,MIS
1000,440,3.28,1.1296,40003,346.51,558.71,GEV,134,1.0607,126.332,0.0455,Medway at Teston / East Farleigh,Medway,1256.1,51.25087,0.44696,570865,153033,EA-KSL,MIS
2,37.9,1,1.1175,40005,30.48,47.12,GenLog,37.9,1.0296,36.811,0.0263,Beult at Stilebridge,Beult,277.1,51.20207,0.51602,575870,147770,EA-KSL,FVUS
5,51.7,1.36,1.118,40005,41.55,64.33,GenLog,37.9,1.0296,36.811,0.0263,Beult at Stilebridge,Beult,277.1,51.20207,0.51602,575870,147770,EA-KSL,FVUS
10,61.7,1.63,1.1199,40005,49.42,77.03,GenLog,37.9,1.0296,36.811,0.0263,Beult at Stilebridge,Beult,277.1,51.20207,0.51602,575870,147770,EA-KSL,FVUS
20,72.5,1.91,1.1229,40005,57.77,90.99,GenLog,37.9,1.0296,36.811,0.0263,Beult at Stilebridge,Beult,277.1,51.20207,0.51602,575870,147770,EA-KSL,FVUS
30,79.3,2.09,1.1253,40005,62.92,99.94,GenLog,37.9,1.0296,36.811,0.0263,Beult at Stilebridge,Beult,277.1,51.20207,0.51602,575870,147770,EA-KSL,FVUS
50,88.6,2.34,1.1289,40005,69.86,112.37,GenLog,37.9,1.0296,36.811,0.0263,Beult at Stilebridge,Beult,277.1,51.20207,0.51602,575870,147770,EA-KSL,FVUS
75,96.6,2.55,1.1324,40005,75.71,123.26,GenLog,37.9,1.0296,36.811,0.0263,Beult at Stilebridge,Beult,277.1,51.20207,0.51602,575870,147770,EA-KSL,FVUS
100,103,2.71,1.1352,40005,80.33,132.06,GenLog,37.9,1.0296,36.811,0.0263,Beult at Stilebridge,Beult,277.1,51.20207,0.51602,575870,147770,EA-KSL,FVUS
200,119,3.13,1.1431,40005,91.56,154.66,GenLog,37.9,1.0296,36.811,0.0263,Beult at Stilebridge,Beult,277.1,51.20207,0.51602,575870,147770,EA-KSL,FVUS
500,144,3.79,1.1558,40005,108.42,191.25,GenLog,37.9,1.0296,36.811,0.0263,Beult at Stilebridge,Beult,277.1,51.20207,0.51602,575870,147770,EA-KSL,FVUS
1000,165,4.37,1.1672,40005,121.87,223.4,GenLog,37.9,1.0296,36.811,0.0263,Beult at Stilebridge,Beult,277.1,51.20207,0.51602,575870,147770,EA-KSL,FVUS
2,50.6,1,1.0732,40007,44.06,58.11,Gumbel,50.6,1.061,47.692,0.046,Medway at Chafford / Colliers Land Bridge,Medway,255.1,51.14446,0.16846,551780,140590,EA-KSL,FLVA
5,71.1,1.41,1.0761,40007,61.58,82.09,Gumbel,50.6,1.061,47.692,0.046,Medway at Chafford / Colliers Land Bridge,Medway,255.1,51.14446,0.16846,551780,140590,EA-KSL,FLVA
10,84.7,1.67,1.08,40007,72.84,98.49,Gumbel,50.6,1.061,47.692,0.046,Medway at Chafford / Colliers Land Bridge,Medway,255.1,51.14446,0.16846,551780,140590,EA-KSL,FLVA
20,97.7,1.93,1.0854,40007,83.2,114.72,Gumbel,50.6,1.061,47.692,0.046,Medway at Chafford / Colliers Land Bridge,Medway,255.1,51.14446,0.16846,551780,140590,EA-KSL,FLVA
30,105,2.08,1.0893,40007,88.79,124.16,Gumbel,50.6,1.061,47.692,0.046,Medway at Chafford / Colliers Land Bridge,Medway,255.1,51.14446,0.16846,551780,140590,EA-KSL,FLVA
50,115,2.26,1.095,40007,96.26,137.39,Gumbel,50.6,1.061,47.692,0.046,Medway at Chafford / Colliers Land Bridge,Medway,255.1,51.14446,0.16846,551780,140590,EA-KSL,FLVA
75,122,2.41,1.1001,40007,101.19,147.08,Gumbel,50.6,1.061,47.692,0.046,Medway at Chafford / Colliers Land Bridge,Medway,255.1,51.14446,0.16846,551780,140590,EA-KSL,FLVA
100,127,2.51,1.1041,40007,104.59,154.21,Gumbel,50.6,1.061,47.692,0.046,Medway at Chafford / Colliers Land Bridge,Medway,255.1,51.14446,0.16846,551780,140590,EA-KSL,FLVA
200,140,2.76,1.1146,40007,113.18,173.17,Gumbel,50.6,1.061,47.692,0.046,Medway at Chafford / Colliers Land Bridge,Medway,255.1,51.14446,0.16846,551780,140590,EA-KSL,FLVA
500,156,3.09,1.1307,40007,122.62,198.47,Gumbel,50.6,1.061,47.692,0.046,Medway at Chafford / Colliers Land Bridge,Medway,255.1,51.14446,0.16846,551780,140590,EA-KSL,FLVA
1000,169,3.34,1.1442,40007,129.78,220.06,Gumbel,50.6,1.061,47.692,0.046,Medway at Chafford / Colliers Land Bridge,Medway,255.1,51.14446,0.16846,551780,140590,EA-KSL,FLVA
2,19.6,1,1.0499,40008,17.82,21.56,Kappa3,19.6,1.1956,16.393,0.0797,Great Stour at Wye,Great Stour,230,51.1855,0.93029,604880,147000,EA-KSL,C VA
5,26,1.33,1.05,40008,23.63,28.61,Kappa3,19.6,1.1956,16.393,0.0797,Great Stour at Wye,Great Stour,230,51.1855,0.93029,604880,147000,EA-KSL,C VA
10,30.2,1.54,1.0513,40008,27.38,33.31,Kappa3,19.6,1.1956,16.393,0.0797,Great Stour at Wye,Great Stour,230,51.1855,0.93029,604880,147000,EA-KSL,C VA
20,34.1,1.74,1.0537,40008,30.78,37.78,Kappa3,19.6,1.1956,16.393,0.0797,Great Stour at Wye,Great Stour,230,51.1855,0.93029,604880,147000,EA-KSL,C VA
30,36.5,1.86,1.0555,40008,32.83,40.58,Kappa3,19.6,1.1956,16.393,0.0797,Great Stour at Wye,Great Stour,230,51.1855,0.93029,604880,147000,EA-KSL,C VA
50,39.4,2.01,1.0584,40008,35.25,44.04,Kappa3,19.6,1.1956,16.393,0.0797,Great Stour at Wye,Great Stour,230,51.1855,0.93029,604880,147000,EA-KSL,C VA
75,41.7,2.13,1.0611,40008,37.12,46.84,Kappa3,19.6,1.1956,16.393,0.0797,Great Stour at Wye,Great Stour,230,51.1855,0.93029,604880,147000,EA-KSL,C VA
100,43.4,2.21,1.0632,40008,38.49,48.94,Kappa3,19.6,1.1956,16.393,0.0797,Great Stour at Wye,Great Stour,230,51.1855,0.93029,604880,147000,EA-KSL,C VA
200,47.4,2.42,1.0689,40008,41.6,54.01,Kappa3,19.6,1.1956,16.393,0.0797,Great Stour at Wye,Great Stour,230,51.1855,0.93029,604880,147000,EA-KSL,C VA
500,52.8,2.69,1.0779,40008,45.58,61.16,Kappa3,19.6,1.1956,16.393,0.0797,Great Stour at Wye,Great Stour,230,51.1855,0.93029,604880,147000,EA-KSL,C VA
1000,57,2.91,1.0857,40008,48.52,66.97,Kappa3,19.6,1.1956,16.393,0.0797,Great Stour at Wye,Great Stour,230,51.1855,0.93029,604880,147000,EA-KSL,C VA
2,24.8,1,1.0832,40009,21.2,29.01,GEV,24.8,1.0266,24.156,0.0205,Teise at Stonebridge,Teise,136.2,51.13315,0.45394,571789,139960,EA-KSL,FV
5,36.8,1.48,1.0853,40009,31.35,43.2,GEV,24.8,1.0266,24.156,0.0205,Teise at Stonebridge,Teise,136.2,51.13315,0.45394,571789,139960,EA-KSL,FV
10,45.9,1.85,1.0892,40009,38.82,54.27,GEV,24.8,1.0266,24.156,0.0205,Teise at Stonebridge,Teise,136.2,51.13315,0.45394,571789,139960,EA-KSL,FV
20,55.6,2.24,1.0952,40009,46.52,66.45,GEV,24.8,1.0266,24.156,0.0205,Teise at Stonebridge,Teise,136.2,51.13315,0.45394,571789,139960,EA-KSL,FV
30,61.7,2.49,1.0997,40009,51.21,74.33,GEV,24.8,1.0266,24.156,0.0205,Teise at Stonebridge,Teise,136.2,51.13315,0.45394,571789,139960,EA-KSL,FV
50,69.8,2.81,1.1065,40009,57.24,85.11,GEV,24.8,1.0266,24.156,0.0205,Teise at Stonebridge,Teise,136.2,51.13315,0.45394,571789,139960,EA-KSL,FV
75,76.6,3.09,1.1127,40009,62.13,94.43,GEV,24.8,1.0266,24.156,0.0205,Teise at Stonebridge,Teise,136.2,51.13315,0.45394,571789,139960,EA-KSL,FV
100,81.7,3.29,1.1176,40009,65.7,101.59,GEV,24.8,1.0266,24.156,0.0205,Teise at Stonebridge,Teise,136.2,51.13315,0.45394,571789,139960,EA-KSL,FV
200,94.8,3.82,1.1306,40009,74.53,120.59,GEV,24.8,1.0266,24.156,0.0205,Teise at Stonebridge,Teise,136.2,51.13315,0.45394,571789,139960,EA-KSL,FV
500,114,4.61,1.1506,40009,86.6,150.08,GEV,24.8,1.0266,24.156,0.0205,Teise at Stonebridge,Teise,136.2,51.13315,0.45394,571789,139960,EA-KSL,FV
1000,131,5.27,1.1676,40009,96.69,177.49,GEV,24.8,1.0266,24.156,0.0205,Teise at Stonebridge,Teise,136.2,51.13315,0.45394,571789,139960,EA-KSL,FV
2,24.6,1,1.095,40010,20.59,29.39,Kappa3,24.6,1.067,23.054,0.0523,Eden at Penshurst / Vexour Bridge,Eden,224.3,51.17223,0.17308,552012,143688,EA-KSL,C VA US
5,35.5,1.44,1.0975,40010,29.58,42.6,Kappa3,24.6,1.067,23.054,0.0523,Eden at Penshurst / Vexour Bridge,Eden,224.3,51.17223,0.17308,552012,143688,EA-KSL,C VA US
10,44.8,1.82,1.1021,40010,37.03,54.2,Kappa3,24.6,1.067,23.054,0.0523,Eden at Penshurst / Vexour Bridge,Eden,224.3,51.17223,0.17308,552012,143688,EA-KSL,C VA US
20,55.9,2.27,1.109,40010,45.64,68.47,Kappa3,24.6,1.067,23.054,0.0523,Eden at Penshurst / Vexour Bridge,Eden,224.3,51.17223,0.17308,552012,143688,EA-KSL,C VA US
30,63.4,2.58,1.1142,40010,51.29,78.37,Kappa3,24.6,1.067,23.054,0.0523,Eden at Penshurst / Vexour Bridge,Eden,224.3,51.17223,0.17308,552012,143688,EA-KSL,C VA US
50,74.3,3.02,1.1219,40010,59.3,93.09,Kappa3,24.6,1.067,23.054,0.0523,Eden at Penshurst / Vexour Bridge,Eden,224.3,51.17223,0.17308,552012,143688,EA-KSL,C VA US
75,84.2,3.42,1.1288,40010,66.4,106.77,Kappa3,24.6,1.067,23.054,0.0523,Eden at Penshurst / Vexour Bridge,Eden,224.3,51.17223,0.17308,552012,143688,EA-KSL,C VA US
100,92.1,3.74,1.1342,40010,71.96,117.88,Kappa3,24.6,1.067,23.054,0.0523,Eden at Penshurst / Vexour Bridge,Eden,224.3,51.17223,0.17308,552012,143688,EA-KSL,C VA US
200,114,4.63,1.1487,40010,86.88,149.59,Kappa3,24.6,1.067,23.054,0.0523,Eden at Penshurst / Vexour Bridge,Eden,224.3,51.17223,0.17308,552012,143688,EA-KSL,C VA US
500,151,6.14,1.1707,40010,110.87,205.65,Kappa3,24.6,1.067,23.054,0.0523,Eden at Penshurst / Vexour Bridge,Eden,224.3,51.17223,0.17308,552012,143688,EA-KSL,C VA US
1000,187,7.6,1.1892,40010,133.15,262.63,Kappa3,24.6,1.067,23.054,0.0523,Eden at Penshurst / Vexour Bridge,Eden,224.3,51.17223,0.17308,552012,143688,EA-KSL,C VA US
2,19.6,1,1.0504,40011,17.8,21.58,Kappa3,19.6,1.1843,16.55,0.0594,Great Stour at Horton,Great Stour,345,51.2581,1.03051,611549,155356,EA-KSL,B VA
5,26.4,1.35,1.052,40011,23.9,29.16,Kappa3,19.6,1.1843,16.55,0.0594,Great Stour at Horton,Great Stour,345,51.2581,1.03051,611549,155356,EA-KSL,B VA
10,30.9,1.58,1.0549,40011,27.83,34.31,Kappa3,19.6,1.1843,16.55,0.0594,Great Stour at Horton,Great Stour,345,51.2581,1.03051,611549,155356,EA-KSL,B VA
20,35.3,1.8,1.0589,40011,31.55,39.49,Kappa3,19.6,1.1843,16.55,0.0594,Great Stour at Horton,Great Stour,345,51.2581,1.03051,611549,155356,EA-KSL,B VA
30,37.9,1.93,1.0618,40011,33.7,42.63,Kappa3,19.6,1.1843,16.55,0.0594,Great Stour at Horton,Great Stour,345,51.2581,1.03051,611549,155356,EA-KSL,B VA
50,41.2,2.1,1.0661,40011,36.34,46.71,Kappa3,19.6,1.1843,16.55,0.0594,Great Stour at Horton,Great Stour,345,51.2581,1.03051,611549,155356,EA-KSL,B VA
75,43.9,2.24,1.0698,40011,38.46,50.11,Kappa3,19.6,1.1843,16.55,0.0594,Great Stour at Horton,Great Stour,345,51.2581,1.03051,611549,155356,EA-KSL,B VA
100,45.8,2.34,1.0727,40011,39.91,52.55,Kappa3,19.6,1.1843,16.55,0.0594,Great Stour at Horton,Great Stour,345,51.2581,1.03051,611549,155356,EA-KSL,B VA
200,50.5,2.58,1.0804,40011,43.4,58.76,Kappa3,19.6,1.1843,16.55,0.0594,Great Stour at Horton,Great Stour,345,51.2581,1.03051,611549,155356,EA-KSL,B VA
500,57,2.91,1.092,40011,47.97,67.73,Kappa3,19.6,1.1843,16.55,0.0594,Great Stour at Horton,Great Stour,345,51.2581,1.03051,611549,155356,EA-KSL,B VA
1000,62.1,3.17,1.1018,40011,51.35,75.1,Kappa3,19.6,1.1843,16.55,0.0594,Great Stour at Horton,Great Stour,345,51.2581,1.03051,611549,155356,EA-KSL,B VA
2,2.81,1,1.0566,40012,2.52,3.13,GenLog,2.81,1.5021,1.871,0.0888,Darent at Hawley,Darent,191.4,51.42434,0.23119,555222,171842,EA-KSL,C
5,3.91,1.39,1.0625,40012,3.47,4.4,GenLog,2.81,1.5021,1.871,0.0888,Darent at Hawley,Darent,191.4,51.42434,0.23119,555222,171842,EA-KSL,C
10,4.75,1.69,1.0711,40012,4.15,5.43,GenLog,2.81,1.5021,1.871,0.0888,Darent at Hawley,Darent,191.4,51.42434,0.23119,555222,171842,EA-KSL,C
20,5.69,2.03,1.0821,40012,4.87,6.64,GenLog,2.81,1.5021,1.871,0.0888,Darent at Hawley,Darent,191.4,51.42434,0.23119,555222,171842,EA-KSL,C
30,6.3,2.24,1.0894,40012,5.33,7.45,GenLog,2.81,1.5021,1.871,0.0888,Darent at Hawley,Darent,191.4,51.42434,0.23119,555222,171842,EA-KSL,C
50,7.16,2.55,1.0994,40012,5.95,8.62,GenLog,2.81,1.5021,1.871,0.0888,Darent at Hawley,Darent,191.4,51.42434,0.23119,555222,171842,EA-KSL,C
75,7.91,2.82,1.108,40012,6.47,9.67,GenLog,2.81,1.5021,1.871,0.0888,Darent at Hawley,Darent,191.4,51.42434,0.23119,555222,171842,EA-KSL,C
100,8.49,3.02,1.1144,40012,6.87,10.5,GenLog,2.81,1.5021,1.871,0.0888,Darent at Hawley,Darent,191.4,51.42434,0.23119,555222,171842,EA-KSL,C
200,10.1,3.58,1.1307,40012,7.94,12.85,GenLog,2.81,1.5021,1.871,0.0888,Darent at Hawley,Darent,191.4,51.42434,0.23119,555222,171842,EA-KSL,C
500,12.6,4.48,1.1541,40012,9.51,16.69,GenLog,2.81,1.5021,1.871,0.0888,Darent at Hawley,Darent,191.4,51.42434,0.23119,555222,171842,EA-KSL,C
1000,14.9,5.31,1.1732,40012,10.89,20.38,GenLog,2.81,1.5021,1.871,0.0888,Darent at Hawley,Darent,191.4,51.42434,0.23119,555222,171842,EA-KSL,C
2,3.59,1,1.0751,40018,3.11,4.14,Kappa3,3.59,1.4187,2.531,0.0854,Darent at Lullingstone,Darent,118.4,51.35699,0.19642,553029,164280,EA-KSL,CB
5,4.96,1.38,1.0754,40018,4.3,5.72,Kappa3,3.59,1.4187,2.531,0.0854,Darent at Lullingstone,Darent,118.4,51.35699,0.19642,553029,164280,EA-KSL,CB
10,5.94,1.66,1.0791,40018,5.12,6.9,Kappa3,3.59,1.4187,2.531,0.0854,Darent at Lullingstone,Darent,118.4,51.35699,0.19642,553029,164280,EA-KSL,CB
20,6.96,1.94,1.0852,40018,5.93,8.17,Kappa3,3.59,1.4187,2.531,0.0854,Darent at Lullingstone,Darent,118.4,51.35699,0.19642,553029,164280,EA-KSL,CB
30,7.59,2.11,1.0898,40018,6.41,8.98,Kappa3,3.59,1.4187,2.531,0.0854,Darent at Lullingstone,Darent,118.4,51.35699,0.19642,553029,164280,EA-KSL,CB
50,8.42,2.35,1.0967,40018,7.03,10.09,Kappa3,3.59,1.4187,2.531,0.0854,Darent at Lullingstone,Darent,118.4,51.35699,0.19642,553029,164280,EA-KSL,CB
75,9.12,2.54,1.1029,40018,7.53,11.05,Kappa3,3.59,1.4187,2.531,0.0854,Darent at Lullingstone,Darent,118.4,51.35699,0.19642,553029,164280,EA-KSL,CB
100,9.63,2.68,1.1077,40018,7.88,11.77,Kappa3,3.59,1.4187,2.531,0.0854,Darent at Lullingstone,Darent,118.4,51.35699,0.19642,553029,164280,EA-KSL,CB
200,11,3.05,1.1206,40018,8.8,13.75,Kappa3,3.59,1.4187,2.531,0.0854,Darent at Lullingstone,Darent,118.4,51.35699,0.19642,553029,164280,EA-KSL,CB
500,12.9,3.59,1.1401,40018,9.98,16.68,Kappa3,3.59,1.4187,2.531,0.0854,Darent at Lullingstone,Darent,118.4,51.35699,0.19642,553029,164280,EA-KSL,CB
1000,14.5,4.04,1.1565,40018,10.9,19.28,Kappa3,3.59,1.4187,2.531,0.0854,Darent at Lullingstone,Darent,118.4,51.35699,0.19642,553029,164280,EA-KSL,CB
2,33.1,1,1.0548,41005,29.81,36.75,GEV,33.1,1.053,31.433,0.0368,Ouse at Gold Bridge,Ouse,180.9,50.97406,0.03411,542907,121374,EA-SSD,FVVA
5,49.1,1.48,1.0588,41005,43.9,54.92,GEV,33.1,1.053,31.433,0.0368,Ouse at Gold Bridge,Ouse,180.9,50.97406,0.03411,542907,121374,EA-SSD,FVVA
10,60.8,1.84,1.0639,41005,53.85,68.65,GEV,33.1,1.053,31.433,0.0368,Ouse at Gold Bridge,Ouse,180.9,50.97406,0.03411,542907,121374,EA-SSD,FVVA
20,72.9,2.2,1.0708,41005,63.75,83.36,GEV,33.1,1.053,31.433,0.0368,Ouse at Gold Bridge,Ouse,180.9,50.97406,0.03411,542907,121374,EA-SSD,FVVA
30,80.3,2.43,1.0756,41005,69.61,92.63,GEV,33.1,1.053,31.433,0.0368,Ouse at Gold Bridge,Ouse,180.9,50.97406,0.03411,542907,121374,EA-SSD,FVVA
50,89.9,2.72,1.0825,41005,76.96,105.01,GEV,33.1,1.053,31.433,0.0368,Ouse at Gold Bridge,Ouse,180.9,50.97406,0.03411,542907,121374,EA-SSD,FVVA
75,97.9,2.96,1.0885,41005,82.91,115.6,GEV,33.1,1.053,31.433,0.0368,Ouse at Gold Bridge,Ouse,180.9,50.97406,0.03411,542907,121374,EA-SSD,FVVA
100,104,3.13,1.0931,41005,87.35,123.82,GEV,33.1,1.053,31.433,0.0368,Ouse at Gold Bridge,Ouse,180.9,50.97406,0.03411,542907,121374,EA-SSD,FVVA
200,119,3.58,1.1052,41005,97.81,144.77,GEV,33.1,1.053,31.433,0.0368,Ouse at Gold Bridge,Ouse,180.9,50.97406,0.03411,542907,121374,EA-SSD,FVVA
500,140,4.22,1.1231,41005,111.51,175.77,GEV,33.1,1.053,31.433,0.0368,Ouse at Gold Bridge,Ouse,180.9,50.97406,0.03411,542907,121374,EA-SSD,FVVA
1000,157,4.75,1.1379,41005,121.88,202.24,GEV,33.1,1.053,31.433,0.0368,Ouse at Gold Bridge,Ouse,180.9,50.97406,0.03411,542907,121374,EA-SSD,FVVA
2,13.9,1,1.0416,41020,12.83,15.06,GEV,13.9,1.0313,13.478,0.026,Bevern Stream at Clappers Bridge,Bevern Stream,34.6,50.92686,0.024140000000000002,542351,116107,EA-SSD,C US
5,19.4,1.4,1.0425,41020,17.88,21.05,GEV,13.9,1.0313,13.478,0.026,Bevern Stream at Clappers Bridge,Bevern Stream,34.6,50.92686,0.024140000000000002,542351,116107,EA-SSD,C US
10,23.2,1.67,1.0458,41020,21.25,25.33,GEV,13.9,1.0313,13.478,0.026,Bevern Stream at Clappers Bridge,Bevern Stream,34.6,50.92686,0.024140000000000002,542351,116107,EA-SSD,C US
20,27,1.94,1.0511,41020,24.49,29.77,GEV,13.9,1.0313,13.478,0.026,Bevern Stream at Clappers Bridge,Bevern Stream,34.6,50.92686,0.024140000000000002,542351,116107,EA-SSD,C US
30,29.2,2.1,1.0551,41020,26.29,32.44,GEV,13.9,1.0313,13.478,0.026,Bevern Stream at Clappers Bridge,Bevern Stream,34.6,50.92686,0.024140000000000002,542351,116107,EA-SSD,C US
50,32,2.3,1.0611,41020,28.49,35.94,GEV,13.9,1.0313,13.478,0.026,Bevern Stream at Clappers Bridge,Bevern Stream,34.6,50.92686,0.024140000000000002,542351,116107,EA-SSD,C US
75,34.3,2.47,1.0665,41020,30.23,38.91,GEV,13.9,1.0313,13.478,0.026,Bevern Stream at Clappers Bridge,Bevern Stream,34.6,50.92686,0.024140000000000002,542351,116107,EA-SSD,C US
100,36,2.59,1.0706,41020,31.49,41.15,GEV,13.9,1.0313,13.478,0.026,Bevern Stream at Clappers Bridge,Bevern Stream,34.6,50.92686,0.024140000000000002,542351,116107,EA-SSD,C US
200,40,2.88,1.0817,41020,34.29,46.66,GEV,13.9,1.0313,13.478,0.026,Bevern Stream at Clappers Bridge,Bevern Stream,34.6,50.92686,0.024140000000000002,542351,116107,EA-SSD,C US
500,45.5,3.27,1.0984,41020,37.85,54.69,GEV,13.9,1.0313,13.478,0.026,Bevern Stream at Clappers Bridge,Bevern Stream,34.6,50.92686,0.024140000000000002,542351,116107,EA-SSD,C US
1000,49.8,3.58,1.1123,41020,40.42,61.35,GEV,13.9,1.0313,13.478,0.026,Bevern Stream at Clappers Bridge,Bevern Stream,34.6,50.92686,0.024140000000000002,542351,116107,EA-SSD,C US
2,16.8,1,1.1358,41022,13.09,21.56,GEV,16.8,1.0175,16.512,0.0127,Lod at Halfway Bridge,Lod,52,50.99221,-0.67448,493124,122259,EA-SSD,C
5,24.9,1.48,1.1363,41022,19.38,31.99,GEV,16.8,1.0175,16.512,0.0127,Lod at Halfway Bridge,Lod,52,50.99221,-0.67448,493124,122259,EA-SSD,C
10,30.7,1.83,1.1375,41022,23.85,39.52,GEV,16.8,1.0175,16.512,0.0127,Lod at Halfway Bridge,Lod,52,50.99221,-0.67448,493124,122259,EA-SSD,C
20,36.6,2.18,1.1397,41022,28.33,47.29,GEV,16.8,1.0175,16.512,0.0127,Lod at Halfway Bridge,Lod,52,50.99221,-0.67448,493124,122259,EA-SSD,C
30,40.2,2.39,1.1415,41022,31.02,52.1,GEV,16.8,1.0175,16.512,0.0127,Lod at Halfway Bridge,Lod,52,50.99221,-0.67448,493124,122259,EA-SSD,C
50,44.8,2.67,1.1444,41022,34.39,58.36,GEV,16.8,1.0175,16.512,0.0127,Lod at Halfway Bridge,Lod,52,50.99221,-0.67448,493124,122259,EA-SSD,C
75,48.6,2.9,1.1471,41022,37.14,63.6,GEV,16.8,1.0175,16.512,0.0127,Lod at Halfway Bridge,Lod,52,50.99221,-0.67448,493124,122259,EA-SSD,C
100,51.4,3.06,1.1494,41022,39.12,67.53,GEV,16.8,1.0175,16.512,0.0127,Lod at Halfway Bridge,Lod,52,50.99221,-0.67448,493124,122259,EA-SSD,C
200,58.4,3.47,1.1559,41022,43.96,77.58,GEV,16.8,1.0175,16.512,0.0127,Lod at Halfway Bridge,Lod,52,50.99221,-0.67448,493124,122259,EA-SSD,C
500,68.2,4.06,1.1667,41022,50.41,92.26,GEV,16.8,1.0175,16.512,0.0127,Lod at Halfway Bridge,Lod,52,50.99221,-0.67448,493124,122259,EA-SSD,C
1000,76.1,4.53,1.1765,41022,55.34,104.65,GEV,16.8,1.0175,16.512,0.0127,Lod at Halfway Bridge,Lod,52,50.99221,-0.67448,493124,122259,EA-SSD,C
2,1.74,1,1.1634,41023,1.29,2.34,Kappa3,1.74,1.0794,1.612,0.0096,Lavant at Graylingwell,Lavant,87.2,50.85103,-0.76461,487062,106450,EA-SSD,FV
5,2.58,1.48,1.1646,41023,1.91,3.48,Kappa3,1.74,1.0794,1.612,0.0096,Lavant at Graylingwell,Lavant,87.2,50.85103,-0.76461,487062,106450,EA-SSD,FV
10,3.19,1.83,1.1662,41023,2.36,4.31,Kappa3,1.74,1.0794,1.612,0.0096,Lavant at Graylingwell,Lavant,87.2,50.85103,-0.76461,487062,106450,EA-SSD,FV
20,3.83,2.2,1.1686,41023,2.82,5.2,Kappa3,1.74,1.0794,1.612,0.0096,Lavant at Graylingwell,Lavant,87.2,50.85103,-0.76461,487062,106450,EA-SSD,FV
30,4.22,2.43,1.1704,41023,3.1,5.74,Kappa3,1.74,1.0794,1.612,0.0096,Lavant at Graylingwell,Lavant,87.2,50.85103,-0.76461,487062,106450,EA-SSD,FV
50,4.74,2.73,1.1733,41023,3.47,6.48,Kappa3,1.74,1.0794,1.612,0.0096,Lavant at Graylingwell,Lavant,87.2,50.85103,-0.76461,487062,106450,EA-SSD,FV
75,5.19,2.98,1.1759,41023,3.78,7.13,Kappa3,1.74,1.0794,1.612,0.0096,Lavant at Graylingwell,Lavant,87.2,50.85103,-0.76461,487062,106450,EA-SSD,FV
100,5.51,3.17,1.1781,41023,4,7.6,Kappa3,1.74,1.0794,1.612,0.0096,Lavant at Graylingwell,Lavant,87.2,50.85103,-0.76461,487062,106450,EA-SSD,FV
200,6.35,3.65,1.1841,41023,4.56,8.84,Kappa3,1.74,1.0794,1.612,0.0096,Lavant at Graylingwell,Lavant,87.2,50.85103,-0.76461,487062,106450,EA-SSD,FV
500,7.6,4.37,1.194,41023,5.37,10.76,Kappa3,1.74,1.0794,1.612,0.0096,Lavant at Graylingwell,Lavant,87.2,50.85103,-0.76461,487062,106450,EA-SSD,FV
1000,8.64,4.97,1.203,41023,6.01,12.41,Kappa3,1.74,1.0794,1.612,0.0096,Lavant at Graylingwell,Lavant,87.2,50.85103,-0.76461,487062,106450,EA-SSD,FV
2,18,1,1.1156,42001,14.53,22.3,Kappa3,18,1.2292,14.644,0.0698,Wallington at North Fareham,Wallington,111,50.86367,-1.16663,458746,107460,EA-SSD,FV
5,24.9,1.38,1.1161,42001,20.08,30.88,Kappa3,18,1.2292,14.644,0.0698,Wallington at North Fareham,Wallington,111,50.86367,-1.16663,458746,107460,EA-SSD,FV
10,29.6,1.65,1.1174,42001,23.81,36.79,Kappa3,18,1.2292,14.644,0.0698,Wallington at North Fareham,Wallington,111,50.86367,-1.16663,458746,107460,EA-SSD,FV
20,34.5,1.92,1.1197,42001,27.64,43.06,Kappa3,18,1.2292,14.644,0.0698,Wallington at North Fareham,Wallington,111,50.86367,-1.16663,458746,107460,EA-SSD,FV
30,37.5,2.08,1.1216,42001,29.95,46.96,Kappa3,18,1.2292,14.644,0.0698,Wallington at North Fareham,Wallington,111,50.86367,-1.16663,458746,107460,EA-SSD,FV
50,41.4,2.3,1.1244,42001,32.9,52.1,Kappa3,18,1.2292,14.644,0.0698,Wallington at North Fareham,Wallington,111,50.86367,-1.16663,458746,107460,EA-SSD,FV
75,44.6,2.48,1.1272,42001,35.27,56.4,Kappa3,18,1.2292,14.644,0.0698,Wallington at North Fareham,Wallington,111,50.86367,-1.16663,458746,107460,EA-SSD,FV
100,46.9,2.61,1.1294,42001,36.95,59.53,Kappa3,18,1.2292,14.644,0.0698,Wallington at North Fareham,Wallington,111,50.86367,-1.16663,458746,107460,EA-SSD,FV
200,52.8,2.94,1.1356,42001,41.15,67.74,Kappa3,18,1.2292,14.644,0.0698,Wallington at North Fareham,Wallington,111,50.86367,-1.16663,458746,107460,EA-SSD,FV
500,61.3,3.41,1.1458,42001,46.95,80.04,Kappa3,18,1.2292,14.644,0.0698,Wallington at North Fareham,Wallington,111,50.86367,-1.16663,458746,107460,EA-SSD,FV
1000,68.3,3.79,1.155,42001,51.49,90.59,Kappa3,18,1.2292,14.644,0.0698,Wallington at North Fareham,Wallington,111,50.86367,-1.16663,458746,107460,EA-SSD,FV
2,27.4,1,1.1832,42003,19.7,38.1,GEV,27.4,1.0231,26.78,0.0166,Lymington at Brockenhurst,Lymington,98.9,50.81596,-1.55026,431780,101920,EA-SSD,TPVA
5,38.2,1.39,1.1854,42003,27.37,53.31,GEV,27.4,1.0231,26.78,0.0166,Lymington at Brockenhurst,Lymington,98.9,50.81596,-1.55026,431780,101920,EA-SSD,TPVA
10,46.5,1.7,1.1878,42003,33.19,65.16,GEV,27.4,1.0231,26.78,0.0166,Lymington at Brockenhurst,Lymington,98.9,50.81596,-1.55026,431780,101920,EA-SSD,TPVA
20,55.5,2.03,1.191,42003,39.4,78.18,GEV,27.4,1.0231,26.78,0.0166,Lymington at Brockenhurst,Lymington,98.9,50.81596,-1.55026,431780,101920,EA-SSD,TPVA
30,61.3,2.24,1.1934,42003,43.35,86.69,GEV,27.4,1.0231,26.78,0.0166,Lymington at Brockenhurst,Lymington,98.9,50.81596,-1.55026,431780,101920,EA-SSD,TPVA
50,69,2.52,1.197,42003,48.5,98.16,GEV,27.4,1.0231,26.78,0.0166,Lymington at Brockenhurst,Lymington,98.9,50.81596,-1.55026,431780,101920,EA-SSD,TPVA
75,75.6,2.76,1.2004,42003,52.85,108.14,GEV,27.4,1.0231,26.78,0.0166,Lymington at Brockenhurst,Lymington,98.9,50.81596,-1.55026,431780,101920,EA-SSD,TPVA
100,80.6,2.94,1.2031,42003,56.1,115.8,GEV,27.4,1.0231,26.78,0.0166,Lymington at Brockenhurst,Lymington,98.9,50.81596,-1.55026,431780,101920,EA-SSD,TPVA
200,93.5,3.41,1.2106,42003,64.29,135.99,GEV,27.4,1.0231,26.78,0.0166,Lymington at Brockenhurst,Lymington,98.9,50.81596,-1.55026,431780,101920,EA-SSD,TPVA
500,113,4.13,1.2227,42003,76.2,167.58,GEV,27.4,1.0231,26.78,0.0166,Lymington at Brockenhurst,Lymington,98.9,50.81596,-1.55026,431780,101920,EA-SSD,TPVA
1000,130,4.75,1.2336,42003,86.15,196.18,GEV,27.4,1.0231,26.78,0.0166,Lymington at Brockenhurst,Lymington,98.9,50.81596,-1.55026,431780,101920,EA-SSD,TPVA
2,2.89,1,1.0677,42006,2.54,3.29,Kappa3,2.89,1.1186,2.583,0.0124,Meon at Mislingford,Meon,72.8,50.92346,-1.16299,458927,114112,EA-SSD,FV
5,4.13,1.43,1.069,42006,3.62,4.71,Kappa3,2.89,1.1186,2.583,0.0124,Meon at Mislingford,Meon,72.8,50.92346,-1.16299,458927,114112,EA-SSD,FV
10,5.02,1.74,1.0724,42006,4.38,5.76,Kappa3,2.89,1.1186,2.583,0.0124,Meon at Mislingford,Meon,72.8,50.92346,-1.16299,458927,114112,EA-SSD,FV
20,5.94,2.05,1.0774,42006,5.13,6.87,Kappa3,2.89,1.1186,2.583,0.0124,Meon at Mislingford,Meon,72.8,50.92346,-1.16299,458927,114112,EA-SSD,FV
30,6.5,2.25,1.0811,42006,5.58,7.57,Kappa3,2.89,1.1186,2.583,0.0124,Meon at Mislingford,Meon,72.8,50.92346,-1.16299,458927,114112,EA-SSD,FV
50,7.24,2.5,1.0865,42006,6.15,8.52,Kappa3,2.89,1.1186,2.583,0.0124,Meon at Mislingford,Meon,72.8,50.92346,-1.16299,458927,114112,EA-SSD,FV
75,7.85,2.72,1.0914,42006,6.61,9.32,Kappa3,2.89,1.1186,2.583,0.0124,Meon at Mislingford,Meon,72.8,50.92346,-1.16299,458927,114112,EA-SSD,FV
100,8.31,2.88,1.0952,42006,6.95,9.93,Kappa3,2.89,1.1186,2.583,0.0124,Meon at Mislingford,Meon,72.8,50.92346,-1.16299,458927,114112,EA-SSD,FV
200,9.47,3.28,1.1052,42006,7.78,11.52,Kappa3,2.89,1.1186,2.583,0.0124,Meon at Mislingford,Meon,72.8,50.92346,-1.16299,458927,114112,EA-SSD,FV
500,11.2,3.86,1.1204,42006,8.96,14,Kappa3,2.89,1.1186,2.583,0.0124,Meon at Mislingford,Meon,72.8,50.92346,-1.16299,458927,114112,EA-SSD,FV
1000,12.6,4.35,1.1333,42006,9.86,16.1,Kappa3,2.89,1.1186,2.583,0.0124,Meon at Mislingford,Meon,72.8,50.92346,-1.16299,458927,114112,EA-SSD,FV
2,2.51,1,1.0326,42007,2.36,2.67,Kappa3,2.51,1.1527,2.177,0.0155,Alre at Drove Lane Alresford,Alre,57,51.08991,-1.18132,457433,132607,EA-SSD,C
5,3.66,1.46,1.0368,42007,3.41,3.93,Kappa3,2.51,1.1527,2.177,0.0155,Alre at Drove Lane Alresford,Alre,57,51.08991,-1.18132,457433,132607,EA-SSD,C
10,4.47,1.78,1.0428,42007,4.12,4.85,Kappa3,2.51,1.1527,2.177,0.0155,Alre at Drove Lane Alresford,Alre,57,51.08991,-1.18132,457433,132607,EA-SSD,C
20,5.3,2.11,1.0506,42007,4.81,5.84,Kappa3,2.51,1.1527,2.177,0.0155,Alre at Drove Lane Alresford,Alre,57,51.08991,-1.18132,457433,132607,EA-SSD,C
30,5.82,2.32,1.0558,42007,5.23,6.47,Kappa3,2.51,1.1527,2.177,0.0155,Alre at Drove Lane Alresford,Alre,57,51.08991,-1.18132,457433,132607,EA-SSD,C
50,6.49,2.58,1.063,42007,5.76,7.32,Kappa3,2.51,1.1527,2.177,0.0155,Alre at Drove Lane Alresford,Alre,57,51.08991,-1.18132,457433,132607,EA-SSD,C
75,7.05,2.81,1.0691,42007,6.18,8.04,Kappa3,2.51,1.1527,2.177,0.0155,Alre at Drove Lane Alresford,Alre,57,51.08991,-1.18132,457433,132607,EA-SSD,C
100,7.46,2.97,1.0737,42007,6.49,8.58,Kappa3,2.51,1.1527,2.177,0.0155,Alre at Drove Lane Alresford,Alre,57,51.08991,-1.18132,457433,132607,EA-SSD,C
200,8.5,3.39,1.0855,42007,7.24,9.98,Kappa3,2.51,1.1527,2.177,0.0155,Alre at Drove Lane Alresford,Alre,57,51.08991,-1.18132,457433,132607,EA-SSD,C
500,10,3.99,1.1025,42007,8.26,12.11,Kappa3,2.51,1.1527,2.177,0.0155,Alre at Drove Lane Alresford,Alre,57,51.08991,-1.18132,457433,132607,EA-SSD,C
1000,11.3,4.49,1.1164,42007,9.11,14.02,Kappa3,2.51,1.1527,2.177,0.0155,Alre at Drove Lane Alresford,Alre,57,51.08991,-1.18132,457433,132607,EA-SSD,C
2,1.37,1,1.0515,42008,1.24,1.51,Kappa3,1.37,1.1007,1.245,0.0118,Cheriton Stream at Sewards Bridge,Cheriton Stream,75.1,51.08657,-1.18239,457362,132235,EA-SSD,C
5,1.97,1.44,1.0534,42008,1.78,2.18,Kappa3,1.37,1.1007,1.245,0.0118,Cheriton Stream at Sewards Bridge,Cheriton Stream,75.1,51.08657,-1.18239,457362,132235,EA-SSD,C
10,2.41,1.76,1.0582,42008,2.16,2.69,Kappa3,1.37,1.1007,1.245,0.0118,Cheriton Stream at Sewards Bridge,Cheriton Stream,75.1,51.08657,-1.18239,457362,132235,EA-SSD,C
20,2.87,2.09,1.0654,42008,2.53,3.25,Kappa3,1.37,1.1007,1.245,0.0118,Cheriton Stream at Sewards Bridge,Cheriton Stream,75.1,51.08657,-1.18239,457362,132235,EA-SSD,C
30,3.15,2.3,1.0705,42008,2.76,3.6,Kappa3,1.37,1.1007,1.245,0.0118,Cheriton Stream at Sewards Bridge,Cheriton Stream,75.1,51.08657,-1.18239,457362,132235,EA-SSD,C
50,3.53,2.58,1.078,42008,3.05,4.09,Kappa3,1.37,1.1007,1.245,0.0118,Cheriton Stream at Sewards Bridge,Cheriton Stream,75.1,51.08657,-1.18239,457362,132235,EA-SSD,C
75,3.85,2.81,1.0845,42008,3.28,4.51,Kappa3,1.37,1.1007,1.245,0.0118,Cheriton Stream at Sewards Bridge,Cheriton Stream,75.1,51.08657,-1.18239,457362,132235,EA-SSD,C
100,4.09,2.99,1.0895,42008,3.46,4.84,Kappa3,1.37,1.1007,1.245,0.0118,Cheriton Stream at Sewards Bridge,Cheriton Stream,75.1,51.08657,-1.18239,457362,132235,EA-SSD,C
200,4.71,3.44,1.1026,42008,3.89,5.7,Kappa3,1.37,1.1007,1.245,0.0118,Cheriton Stream at Sewards Bridge,Cheriton Stream,75.1,51.08657,-1.18239,457362,132235,EA-SSD,C
500,5.63,4.11,1.122,42008,4.49,7.05,Kappa3,1.37,1.1007,1.245,0.0118,Cheriton Stream at Sewards Bridge,Cheriton Stream,75.1,51.08657,-1.18239,457362,132235,EA-SSD,C
1000,6.4,4.68,1.138,42008,4.97,8.25,Kappa3,1.37,1.1007,1.245,0.0118,Cheriton Stream at Sewards Bridge,Cheriton Stream,75.1,51.08657,-1.18239,457362,132235,EA-SSD,C
2,1.06,1,1.0698,42009,0.93,1.21,Kappa3,1.06,1.0502,1.009,0.0057,Candover Stream at Borough Bridge,Candover Stream,71.2,51.08762,-1.18933,456875,132346,EA-SSD,C
5,1.52,1.44,1.0723,42009,1.33,1.74,Kappa3,1.06,1.0502,1.009,0.0057,Candover Stream at Borough Bridge,Candover Stream,71.2,51.08762,-1.18933,456875,132346,EA-SSD,C
10,1.86,1.76,1.0765,42009,1.61,2.15,Kappa3,1.06,1.0502,1.009,0.0057,Candover Stream at Borough Bridge,Candover Stream,71.2,51.08762,-1.18933,456875,132346,EA-SSD,C
20,2.22,2.1,1.0826,42009,1.9,2.59,Kappa3,1.06,1.0502,1.009,0.0057,Candover Stream at Borough Bridge,Candover Stream,71.2,51.08762,-1.18933,456875,132346,EA-SSD,C
30,2.45,2.31,1.087,42009,2.08,2.89,Kappa3,1.06,1.0502,1.009,0.0057,Candover Stream at Borough Bridge,Candover Stream,71.2,51.08762,-1.18933,456875,132346,EA-SSD,C
50,2.75,2.59,1.0934,42009,2.31,3.28,Kappa3,1.06,1.0502,1.009,0.0057,Candover Stream at Borough Bridge,Candover Stream,71.2,51.08762,-1.18933,456875,132346,EA-SSD,C
75,3,2.83,1.0992,42009,2.49,3.61,Kappa3,1.06,1.0502,1.009,0.0057,Candover Stream at Borough Bridge,Candover Stream,71.2,51.08762,-1.18933,456875,132346,EA-SSD,C
100,3.19,3.01,1.1037,42009,2.63,3.87,Kappa3,1.06,1.0502,1.009,0.0057,Candover Stream at Borough Bridge,Candover Stream,71.2,51.08762,-1.18933,456875,132346,EA-SSD,C
200,3.69,3.48,1.1155,42009,2.98,4.57,Kappa3,1.06,1.0502,1.009,0.0057,Candover Stream at Borough Bridge,Candover Stream,71.2,51.08762,-1.18933,456875,132346,EA-SSD,C
500,4.42,4.17,1.1334,42009,3.46,5.65,Kappa3,1.06,1.0502,1.009,0.0057,Candover Stream at Borough Bridge,Candover Stream,71.2,51.08762,-1.18933,456875,132346,EA-SSD,C
1000,5.05,4.76,1.1483,42009,3.85,6.62,Kappa3,1.06,1.0502,1.009,0.0057,Candover Stream at Borough Bridge,Candover Stream,71.2,51.08762,-1.18933,456875,132346,EA-SSD,C
2,9.83,1,1.0583,42010,8.8,10.98,GEV,9.83,1.3418,7.326,0.0362,Itchen at Highbridge & Allbrook Total,Itchen,360,50.98766,-1.34417,446129,121122,EA-SSD,C+TP
5,13.7,1.39,1.0605,42010,12.21,15.37,GEV,9.83,1.3418,7.326,0.0362,Itchen at Highbridge & Allbrook Total,Itchen,360,50.98766,-1.34417,446129,121122,EA-SSD,C+TP
10,16.3,1.66,1.0636,42010,14.44,18.39,GEV,9.83,1.3418,7.326,0.0362,Itchen at Highbridge & Allbrook Total,Itchen,360,50.98766,-1.34417,446129,121122,EA-SSD,C+TP
20,18.9,1.92,1.068,42010,16.61,21.5,GEV,9.83,1.3418,7.326,0.0362,Itchen at Highbridge & Allbrook Total,Itchen,360,50.98766,-1.34417,446129,121122,EA-SSD,C+TP
30,20.4,2.07,1.0713,42010,17.82,23.35,GEV,9.83,1.3418,7.326,0.0362,Itchen at Highbridge & Allbrook Total,Itchen,360,50.98766,-1.34417,446129,121122,EA-SSD,C+TP
50,22.3,2.27,1.0763,42010,19.31,25.76,GEV,9.83,1.3418,7.326,0.0362,Itchen at Highbridge & Allbrook Total,Itchen,360,50.98766,-1.34417,446129,121122,EA-SSD,C+TP
75,23.8,2.42,1.0808,42010,20.44,27.72,GEV,9.83,1.3418,7.326,0.0362,Itchen at Highbridge & Allbrook Total,Itchen,360,50.98766,-1.34417,446129,121122,EA-SSD,C+TP
100,24.9,2.53,1.0843,42010,21.25,29.18,GEV,9.83,1.3418,7.326,0.0362,Itchen at Highbridge & Allbrook Total,Itchen,360,50.98766,-1.34417,446129,121122,EA-SSD,C+TP
200,27.5,2.8,1.0939,42010,23.06,32.79,GEV,9.83,1.3418,7.326,0.0362,Itchen at Highbridge & Allbrook Total,Itchen,360,50.98766,-1.34417,446129,121122,EA-SSD,C+TP
500,31.1,3.17,1.1086,42010,25.41,38.06,GEV,9.83,1.3418,7.326,0.0362,Itchen at Highbridge & Allbrook Total,Itchen,360,50.98766,-1.34417,446129,121122,EA-SSD,C+TP
1000,33.9,3.45,1.1211,42010,27.1,42.41,GEV,9.83,1.3418,7.326,0.0362,Itchen at Highbridge & Allbrook Total,Itchen,360,50.98766,-1.34417,446129,121122,EA-SSD,C+TP
2,3.26,1,1.041,42012,3.01,3.53,Gumbel,3.26,1.4959,2.179,0.056,Anton at Fullerton,Anton,185,51.15108,-1.45966,437890,139230,EA-SSD,C+C
5,4.5,1.38,1.0435,42012,4.14,4.89,Gumbel,3.26,1.4959,2.179,0.056,Anton at Fullerton,Anton,185,51.15108,-1.45966,437890,139230,EA-SSD,C+C
10,5.31,1.63,1.0472,42012,4.85,5.81,Gumbel,3.26,1.4959,2.179,0.056,Anton at Fullerton,Anton,185,51.15108,-1.45966,437890,139230,EA-SSD,C+C
20,6.1,1.87,1.0522,42012,5.52,6.74,Gumbel,3.26,1.4959,2.179,0.056,Anton at Fullerton,Anton,185,51.15108,-1.45966,437890,139230,EA-SSD,C+C
30,6.55,2.01,1.0557,42012,5.89,7.28,Gumbel,3.26,1.4959,2.179,0.056,Anton at Fullerton,Anton,185,51.15108,-1.45966,437890,139230,EA-SSD,C+C
50,7.11,2.18,1.0608,42012,6.33,7.98,Gumbel,3.26,1.4959,2.179,0.056,Anton at Fullerton,Anton,185,51.15108,-1.45966,437890,139230,EA-SSD,C+C
75,7.56,2.32,1.0652,42012,6.68,8.56,Gumbel,3.26,1.4959,2.179,0.056,Anton at Fullerton,Anton,185,51.15108,-1.45966,437890,139230,EA-SSD,C+C
100,7.87,2.42,1.0686,42012,6.91,8.96,Gumbel,3.26,1.4959,2.179,0.056,Anton at Fullerton,Anton,185,51.15108,-1.45966,437890,139230,EA-SSD,C+C
200,8.63,2.65,1.0776,42012,7.45,9.99,Gumbel,3.26,1.4959,2.179,0.056,Anton at Fullerton,Anton,185,51.15108,-1.45966,437890,139230,EA-SSD,C+C
500,9.63,2.95,1.0909,42012,8.12,11.42,Gumbel,3.26,1.4959,2.179,0.056,Anton at Fullerton,Anton,185,51.15108,-1.45966,437890,139230,EA-SSD,C+C
1000,10.4,3.19,1.102,42012,8.6,12.58,Gumbel,3.26,1.4959,2.179,0.056,Anton at Fullerton,Anton,185,51.15108,-1.45966,437890,139230,EA-SSD,C+C
2,47.5,1,1.0863,43003,40.39,55.87,GEV,47.5,1.1419,41.597,0.0197,Avon at East Mills Total,Avon,1477.8,50.92843,-1.77559,415868,114355,EA-WX,MIS
5,65.5,1.38,1.0873,43003,55.59,77.18,GEV,47.5,1.1419,41.597,0.0197,Avon at East Mills Total,Avon,1477.8,50.92843,-1.77559,415868,114355,EA-WX,MIS
10,77.5,1.63,1.0892,43003,65.55,91.63,GEV,47.5,1.1419,41.597,0.0197,Avon at East Mills Total,Avon,1477.8,50.92843,-1.77559,415868,114355,EA-WX,MIS
20,89.1,1.88,1.0921,43003,74.97,105.89,GEV,47.5,1.1419,41.597,0.0197,Avon at East Mills Total,Avon,1477.8,50.92843,-1.77559,415868,114355,EA-WX,MIS
30,95.9,2.02,1.0944,43003,80.36,114.45,GEV,47.5,1.1419,41.597,0.0197,Avon at East Mills Total,Avon,1477.8,50.92843,-1.77559,415868,114355,EA-WX,MIS
50,104,2.2,1.0978,43003,86.62,124.87,GEV,47.5,1.1419,41.597,0.0197,Avon at East Mills Total,Avon,1477.8,50.92843,-1.77559,415868,114355,EA-WX,MIS
75,111,2.34,1.1011,43003,91.91,134.06,GEV,47.5,1.1419,41.597,0.0197,Avon at East Mills Total,Avon,1477.8,50.92843,-1.77559,415868,114355,EA-WX,MIS
100,116,2.44,1.1036,43003,95.62,140.72,GEV,47.5,1.1419,41.597,0.0197,Avon at East Mills Total,Avon,1477.8,50.92843,-1.77559,415868,114355,EA-WX,MIS
200,128,2.69,1.1108,43003,104.18,157.27,GEV,47.5,1.1419,41.597,0.0197,Avon at East Mills Total,Avon,1477.8,50.92843,-1.77559,415868,114355,EA-WX,MIS
500,143,3.01,1.1222,43003,114.08,179.26,GEV,47.5,1.1419,41.597,0.0197,Avon at East Mills Total,Avon,1477.8,50.92843,-1.77559,415868,114355,EA-WX,MIS
1000,155,3.26,1.1322,43003,121.52,197.71,GEV,47.5,1.1419,41.597,0.0197,Avon at East Mills Total,Avon,1477.8,50.92843,-1.77559,415868,114355,EA-WX,MIS
2,10.6,1,1.1647,43005,7.86,14.29,Gumbel,10.6,1.1164,9.495,0.0173,Avon at Amesbury,Avon,323.7,51.17153,-1.78527,415109,141387,EA-WX,C B
5,15.1,1.43,1.1653,43005,11.19,20.38,Gumbel,10.6,1.1164,9.495,0.0173,Avon at Amesbury,Avon,323.7,51.17153,-1.78527,415109,141387,EA-WX,C B
10,18.1,1.71,1.1664,43005,13.39,24.47,Gumbel,10.6,1.1164,9.495,0.0173,Avon at Amesbury,Avon,323.7,51.17153,-1.78527,415109,141387,EA-WX,C B
20,21,1.98,1.1683,43005,15.48,28.49,Gumbel,10.6,1.1164,9.495,0.0173,Avon at Amesbury,Avon,323.7,51.17153,-1.78527,415109,141387,EA-WX,C B
30,22.7,2.14,1.1698,43005,16.69,30.87,Gumbel,10.6,1.1164,9.495,0.0173,Avon at Amesbury,Avon,323.7,51.17153,-1.78527,415109,141387,EA-WX,C B
50,24.7,2.33,1.1721,43005,18.09,33.72,Gumbel,10.6,1.1164,9.495,0.0173,Avon at Amesbury,Avon,323.7,51.17153,-1.78527,415109,141387,EA-WX,C B
75,26.4,2.49,1.1742,43005,19.27,36.17,Gumbel,10.6,1.1164,9.495,0.0173,Avon at Amesbury,Avon,323.7,51.17153,-1.78527,415109,141387,EA-WX,C B
100,27.5,2.6,1.176,43005,20.01,37.79,Gumbel,10.6,1.1164,9.495,0.0173,Avon at Amesbury,Avon,323.7,51.17153,-1.78527,415109,141387,EA-WX,C B
200,30.3,2.86,1.1809,43005,21.87,41.97,Gumbel,10.6,1.1164,9.495,0.0173,Avon at Amesbury,Avon,323.7,51.17153,-1.78527,415109,141387,EA-WX,C B
500,34,3.21,1.1891,43005,24.21,47.74,Gumbel,10.6,1.1164,9.495,0.0173,Avon at Amesbury,Avon,323.7,51.17153,-1.78527,415109,141387,EA-WX,C B
1000,36.8,3.47,1.1966,43005,25.89,52.32,Gumbel,10.6,1.1164,9.495,0.0173,Avon at Amesbury,Avon,323.7,51.17153,-1.78527,415109,141387,EA-WX,C B
2,15.9,1,1.0644,43006,14.07,17.97,GEV,15.9,1.0398,15.291,0.0104,Nadder at Wilton,Nadder,220.6,51.07639,-1.86256,409725,130794,EA-WX,C
5,22,1.39,1.0667,43006,19.38,24.97,GEV,15.9,1.0398,15.291,0.0104,Nadder at Wilton,Nadder,220.6,51.07639,-1.86256,409725,130794,EA-WX,C
10,25.9,1.63,1.0702,43006,22.68,29.58,GEV,15.9,1.0398,15.291,0.0104,Nadder at Wilton,Nadder,220.6,51.07639,-1.86256,409725,130794,EA-WX,C
20,29.6,1.86,1.0752,43006,25.68,34.12,GEV,15.9,1.0398,15.291,0.0104,Nadder at Wilton,Nadder,220.6,51.07639,-1.86256,409725,130794,EA-WX,C
30,31.7,1.99,1.0788,43006,27.32,36.78,GEV,15.9,1.0398,15.291,0.0104,Nadder at Wilton,Nadder,220.6,51.07639,-1.86256,409725,130794,EA-WX,C
50,34.2,2.15,1.0841,43006,29.19,40.06,GEV,15.9,1.0398,15.291,0.0104,Nadder at Wilton,Nadder,220.6,51.07639,-1.86256,409725,130794,EA-WX,C
75,36.2,2.28,1.0887,43006,30.65,42.76,GEV,15.9,1.0398,15.291,0.0104,Nadder at Wilton,Nadder,220.6,51.07639,-1.86256,409725,130794,EA-WX,C
100,37.6,2.36,1.0923,43006,31.63,44.7,GEV,15.9,1.0398,15.291,0.0104,Nadder at Wilton,Nadder,220.6,51.07639,-1.86256,409725,130794,EA-WX,C
200,40.9,2.57,1.1019,43006,33.82,49.47,GEV,15.9,1.0398,15.291,0.0104,Nadder at Wilton,Nadder,220.6,51.07639,-1.86256,409725,130794,EA-WX,C
500,45.1,2.83,1.1163,43006,36.35,55.95,GEV,15.9,1.0398,15.291,0.0104,Nadder at Wilton,Nadder,220.6,51.07639,-1.86256,409725,130794,EA-WX,C
1000,48.1,3.03,1.1285,43006,37.95,60.96,GEV,15.9,1.0398,15.291,0.0104,Nadder at Wilton,Nadder,220.6,51.07639,-1.86256,409725,130794,EA-WX,C
2,101,1,1.0495,43007,91.87,111.03,GEV,101,1.0782,93.678,0.026,Stour at Throop,Stour,1073,50.7639,-1.84209,411233,96046,EA-WX,CC
5,137,1.36,1.0527,43007,123.88,151.51,GEV,101,1.0782,93.678,0.026,Stour at Throop,Stour,1073,50.7639,-1.84209,411233,96046,EA-WX,CC
10,162,1.6,1.0567,43007,145.4,180.49,GEV,101,1.0782,93.678,0.026,Stour at Throop,Stour,1073,50.7639,-1.84209,411233,96046,EA-WX,CC
20,185,1.83,1.0621,43007,164.39,208.19,GEV,101,1.0782,93.678,0.026,Stour at Throop,Stour,1073,50.7639,-1.84209,411233,96046,EA-WX,CC
30,199,1.97,1.066,43007,175.57,225.56,GEV,101,1.0782,93.678,0.026,Stour at Throop,Stour,1073,50.7639,-1.84209,411233,96046,EA-WX,CC
50,216,2.14,1.0716,43007,188.62,247.35,GEV,101,1.0782,93.678,0.026,Stour at Throop,Stour,1073,50.7639,-1.84209,411233,96046,EA-WX,CC
75,229,2.27,1.0766,43007,198.16,264.64,GEV,101,1.0782,93.678,0.026,Stour at Throop,Stour,1073,50.7639,-1.84209,411233,96046,EA-WX,CC
100,239,2.36,1.0804,43007,205.39,278.11,GEV,101,1.0782,93.678,0.026,Stour at Throop,Stour,1073,50.7639,-1.84209,411233,96046,EA-WX,CC
200,262,2.59,1.0906,43007,221.04,310.55,GEV,101,1.0782,93.678,0.026,Stour at Throop,Stour,1073,50.7639,-1.84209,411233,96046,EA-WX,CC
500,293,2.9,1.1059,43007,240.54,356.9,GEV,101,1.0782,93.678,0.026,Stour at Throop,Stour,1073,50.7639,-1.84209,411233,96046,EA-WX,CC
1000,316,3.13,1.1187,43007,253.63,393.7,GEV,101,1.0782,93.678,0.026,Stour at Throop,Stour,1073,50.7639,-1.84209,411233,96046,EA-WX,CC
2,12.9,1,1.0508,43008,11.71,14.22,GEV,12.9,1.1007,11.72,0.0118,Wylye at South Newton,Wylye,445.4,51.10747,-1.87814,408628,134249,EA-WX,C
5,18.4,1.43,1.0538,43008,16.6,20.39,GEV,12.9,1.1007,11.72,0.0118,Wylye at South Newton,Wylye,445.4,51.10747,-1.87814,408628,134249,EA-WX,C
10,22.2,1.72,1.0574,43008,19.9,24.77,GEV,12.9,1.1007,11.72,0.0118,Wylye at South Newton,Wylye,445.4,51.10747,-1.87814,408628,134249,EA-WX,C
20,25.9,2.01,1.0624,43008,23,29.16,GEV,12.9,1.1007,11.72,0.0118,Wylye at South Newton,Wylye,445.4,51.10747,-1.87814,408628,134249,EA-WX,C
30,28.1,2.18,1.0659,43008,24.8,31.84,GEV,12.9,1.1007,11.72,0.0118,Wylye at South Newton,Wylye,445.4,51.10747,-1.87814,408628,134249,EA-WX,C
50,30.9,2.39,1.071,43008,27.01,35.35,GEV,12.9,1.1007,11.72,0.0118,Wylye at South Newton,Wylye,445.4,51.10747,-1.87814,408628,134249,EA-WX,C
75,33.1,2.56,1.0756,43008,28.69,38.18,GEV,12.9,1.1007,11.72,0.0118,Wylye at South Newton,Wylye,445.4,51.10747,-1.87814,408628,134249,EA-WX,C
100,34.7,2.69,1.079,43008,29.9,40.28,GEV,12.9,1.1007,11.72,0.0118,Wylye at South Newton,Wylye,445.4,51.10747,-1.87814,408628,134249,EA-WX,C
200,38.6,2.99,1.0883,43008,32.7,45.56,GEV,12.9,1.1007,11.72,0.0118,Wylye at South Newton,Wylye,445.4,51.10747,-1.87814,408628,134249,EA-WX,C
500,43.8,3.4,1.1022,43008,36.19,53,GEV,12.9,1.1007,11.72,0.0118,Wylye at South Newton,Wylye,445.4,51.10747,-1.87814,408628,134249,EA-WX,C
1000,47.9,3.72,1.1139,43008,38.77,59.18,GEV,12.9,1.1007,11.72,0.0118,Wylye at South Newton,Wylye,445.4,51.10747,-1.87814,408628,134249,EA-WX,C
2,111,1,1.0482,43009,101.22,121.73,Kappa3,111,1.0234,108.464,0.0167,Stour at Hammoon,Stour,523.1,50.93139,-2.25744,382005,114692,EA-WX,CC
5,141,1.27,1.0504,43009,128.05,155.27,Kappa3,111,1.0234,108.464,0.0167,Stour at Hammoon,Stour,523.1,50.93139,-2.25744,382005,114692,EA-WX,CC
10,163,1.46,1.0535,43009,147.17,180.53,Kappa3,111,1.0234,108.464,0.0167,Stour at Hammoon,Stour,523.1,50.93139,-2.25744,382005,114692,EA-WX,CC
20,184,1.66,1.0579,43009,164.78,205.46,Kappa3,111,1.0234,108.464,0.0167,Stour at Hammoon,Stour,523.1,50.93139,-2.25744,382005,114692,EA-WX,CC
30,198,1.78,1.061,43009,176.3,222.37,Kappa3,111,1.0234,108.464,0.0167,Stour at Hammoon,Stour,523.1,50.93139,-2.25744,382005,114692,EA-WX,CC
50,215,1.94,1.0656,43009,189.83,243.51,Kappa3,111,1.0234,108.464,0.0167,Stour at Hammoon,Stour,523.1,50.93139,-2.25744,382005,114692,EA-WX,CC
75,230,2.07,1.0697,43009,201.55,262.47,Kappa3,111,1.0234,108.464,0.0167,Stour at Hammoon,Stour,523.1,50.93139,-2.25744,382005,114692,EA-WX,CC
100,241,2.17,1.0729,43009,209.95,276.64,Kappa3,111,1.0234,108.464,0.0167,Stour at Hammoon,Stour,523.1,50.93139,-2.25744,382005,114692,EA-WX,CC
200,268,2.41,1.0814,43009,229.89,312.43,Kappa3,111,1.0234,108.464,0.0167,Stour at Hammoon,Stour,523.1,50.93139,-2.25744,382005,114692,EA-WX,CC
500,307,2.77,1.0942,43009,257.34,366.24,Kappa3,111,1.0234,108.464,0.0167,Stour at Hammoon,Stour,523.1,50.93139,-2.25744,382005,114692,EA-WX,CC
1000,340,3.06,1.105,43009,279.57,413.49,Kappa3,111,1.0234,108.464,0.0167,Stour at Hammoon,Stour,523.1,50.93139,-2.25744,382005,114692,EA-WX,CC
2,4.64,1,1.0805,43012,3.99,5.4,GEV,4.64,1.1943,3.885,0.0294,Wylye at Norton Bavant,Wylye,112.4,51.18399,-2.13218,390858,142759,EA-WX,C
5,6.63,1.43,1.0798,43012,5.7,7.71,GEV,4.64,1.1943,3.885,0.0294,Wylye at Norton Bavant,Wylye,112.4,51.18399,-2.13218,390858,142759,EA-WX,C
10,7.94,1.71,1.0807,43012,6.82,9.24,GEV,4.64,1.1943,3.885,0.0294,Wylye at Norton Bavant,Wylye,112.4,51.18399,-2.13218,390858,142759,EA-WX,C
20,9.2,1.98,1.0827,43012,7.87,10.75,GEV,4.64,1.1943,3.885,0.0294,Wylye at Norton Bavant,Wylye,112.4,51.18399,-2.13218,390858,142759,EA-WX,C
30,9.92,2.14,1.0845,43012,8.46,11.63,GEV,4.64,1.1943,3.885,0.0294,Wylye at Norton Bavant,Wylye,112.4,51.18399,-2.13218,390858,142759,EA-WX,C
50,10.8,2.33,1.0872,43012,9.17,12.72,GEV,4.64,1.1943,3.885,0.0294,Wylye at Norton Bavant,Wylye,112.4,51.18399,-2.13218,390858,142759,EA-WX,C
75,11.5,2.49,1.0899,43012,9.71,13.61,GEV,4.64,1.1943,3.885,0.0294,Wylye at Norton Bavant,Wylye,112.4,51.18399,-2.13218,390858,142759,EA-WX,C
100,12,2.6,1.0921,43012,10.1,14.26,GEV,4.64,1.1943,3.885,0.0294,Wylye at Norton Bavant,Wylye,112.4,51.18399,-2.13218,390858,142759,EA-WX,C
200,13.3,2.86,1.0981,43012,11.07,15.98,GEV,4.64,1.1943,3.885,0.0294,Wylye at Norton Bavant,Wylye,112.4,51.18399,-2.13218,390858,142759,EA-WX,C
500,14.9,3.2,1.108,43012,12.19,18.22,GEV,4.64,1.1943,3.885,0.0294,Wylye at Norton Bavant,Wylye,112.4,51.18399,-2.13218,390858,142759,EA-WX,C
1000,16.1,3.46,1.1167,43012,12.97,19.99,GEV,4.64,1.1943,3.885,0.0294,Wylye at Norton Bavant,Wylye,112.4,51.18399,-2.13218,390858,142759,EA-WX,C
2,3.84,1,1.0885,43014,3.25,4.53,Gumbel,3.84,1.0601,3.622,0.015,East Avon at Upavon East,East Avon,85.78,51.3025,-1.80987,413351,155948,EA-WX,C
5,5.36,1.4,1.0907,43014,4.52,6.35,Gumbel,3.84,1.0601,3.622,0.015,East Avon at Upavon East,East Avon,85.78,51.3025,-1.80987,413351,155948,EA-WX,C
10,6.37,1.66,1.0937,43014,5.34,7.59,Gumbel,3.84,1.0601,3.622,0.015,East Avon at Upavon East,East Avon,85.78,51.3025,-1.80987,413351,155948,EA-WX,C
20,7.34,1.91,1.0976,43014,6.12,8.81,Gumbel,3.84,1.0601,3.622,0.015,East Avon at Upavon East,East Avon,85.78,51.3025,-1.80987,413351,155948,EA-WX,C
30,7.9,2.06,1.1003,43014,6.55,9.53,Gumbel,3.84,1.0601,3.622,0.015,East Avon at Upavon East,East Avon,85.78,51.3025,-1.80987,413351,155948,EA-WX,C
50,8.59,2.24,1.1042,43014,7.07,10.43,Gumbel,3.84,1.0601,3.622,0.015,East Avon at Upavon East,East Avon,85.78,51.3025,-1.80987,413351,155948,EA-WX,C
75,9.14,2.38,1.1076,43014,7.48,11.17,Gumbel,3.84,1.0601,3.622,0.015,East Avon at Upavon East,East Avon,85.78,51.3025,-1.80987,413351,155948,EA-WX,C
100,9.53,2.48,1.1103,43014,7.76,11.7,Gumbel,3.84,1.0601,3.622,0.015,East Avon at Upavon East,East Avon,85.78,51.3025,-1.80987,413351,155948,EA-WX,C
200,10.5,2.73,1.1173,43014,8.45,13.05,Gumbel,3.84,1.0601,3.622,0.015,East Avon at Upavon East,East Avon,85.78,51.3025,-1.80987,413351,155948,EA-WX,C
500,11.7,3.05,1.128,43014,9.24,14.82,Gumbel,3.84,1.0601,3.622,0.015,East Avon at Upavon East,East Avon,85.78,51.3025,-1.80987,413351,155948,EA-WX,C
1000,12.6,3.29,1.1371,43014,9.8,16.21,Gumbel,3.84,1.0601,3.622,0.015,East Avon at Upavon East,East Avon,85.78,51.3025,-1.80987,413351,155948,EA-WX,C
2,7.03,1,1.0742,43018,6.11,8.09,Gumbel,7.03,1.0326,6.808,0.0042,Allen at Walford Mill,Allen,176.5,50.80584,-1.98966,400825,100698,EA-WX,C
5,10,1.43,1.0745,43018,8.69,11.51,Gumbel,7.03,1.0326,6.808,0.0042,Allen at Walford Mill,Allen,176.5,50.80584,-1.98966,400825,100698,EA-WX,C
10,12,1.71,1.0764,43018,10.39,13.86,Gumbel,7.03,1.0326,6.808,0.0042,Allen at Walford Mill,Allen,176.5,50.80584,-1.98966,400825,100698,EA-WX,C
20,13.9,1.98,1.0797,43018,11.96,16.15,Gumbel,7.03,1.0326,6.808,0.0042,Allen at Walford Mill,Allen,176.5,50.80584,-1.98966,400825,100698,EA-WX,C
30,15,2.14,1.0823,43018,12.85,17.52,Gumbel,7.03,1.0326,6.808,0.0042,Allen at Walford Mill,Allen,176.5,50.80584,-1.98966,400825,100698,EA-WX,C
50,16.4,2.33,1.0863,43018,13.94,19.29,Gumbel,7.03,1.0326,6.808,0.0042,Allen at Walford Mill,Allen,176.5,50.80584,-1.98966,400825,100698,EA-WX,C
75,17.5,2.49,1.0901,43018,14.78,20.72,Gumbel,7.03,1.0326,6.808,0.0042,Allen at Walford Mill,Allen,176.5,50.80584,-1.98966,400825,100698,EA-WX,C
100,18.2,2.59,1.093,43018,15.29,21.67,Gumbel,7.03,1.0326,6.808,0.0042,Allen at Walford Mill,Allen,176.5,50.80584,-1.98966,400825,100698,EA-WX,C
200,20.1,2.86,1.1011,43018,16.64,24.28,Gumbel,7.03,1.0326,6.808,0.0042,Allen at Walford Mill,Allen,176.5,50.80584,-1.98966,400825,100698,EA-WX,C
500,22.5,3.2,1.1138,43018,18.22,27.79,Gumbel,7.03,1.0326,6.808,0.0042,Allen at Walford Mill,Allen,176.5,50.80584,-1.98966,400825,100698,EA-WX,C
1000,24.4,3.46,1.1248,43018,19.38,30.73,Gumbel,7.03,1.0326,6.808,0.0042,Allen at Walford Mill,Allen,176.5,50.80584,-1.98966,400825,100698,EA-WX,C
2,1.77,1,1.2184,43029,1.2,2.61,GEV,1.77,1.0248,1.727,0.0033,Wylye at Brixton Deverill,Wylye,50.04,51.14072,-2.20693,385620,137960,EA-WX,FVUS
5,2.75,1.56,1.2196,43029,1.86,4.06,GEV,1.77,1.0248,1.727,0.0033,Wylye at Brixton Deverill,Wylye,50.04,51.14072,-2.20693,385620,137960,EA-WX,FVUS
10,3.43,1.94,1.2215,43029,2.32,5.08,GEV,1.77,1.0248,1.727,0.0033,Wylye at Brixton Deverill,Wylye,50.04,51.14072,-2.20693,385620,137960,EA-WX,FVUS
20,4.1,2.32,1.2241,43029,2.76,6.09,GEV,1.77,1.0248,1.727,0.0033,Wylye at Brixton Deverill,Wylye,50.04,51.14072,-2.20693,385620,137960,EA-WX,FVUS
30,4.5,2.54,1.2261,43029,3.02,6.71,GEV,1.77,1.0248,1.727,0.0033,Wylye at Brixton Deverill,Wylye,50.04,51.14072,-2.20693,385620,137960,EA-WX,FVUS
50,5,2.83,1.2291,43029,3.34,7.49,GEV,1.77,1.0248,1.727,0.0033,Wylye at Brixton Deverill,Wylye,50.04,51.14072,-2.20693,385620,137960,EA-WX,FVUS
75,5.41,3.06,1.2318,43029,3.6,8.14,GEV,1.77,1.0248,1.727,0.0033,Wylye at Brixton Deverill,Wylye,50.04,51.14072,-2.20693,385620,137960,EA-WX,FVUS
100,5.7,3.22,1.234,43029,3.77,8.61,GEV,1.77,1.0248,1.727,0.0033,Wylye at Brixton Deverill,Wylye,50.04,51.14072,-2.20693,385620,137960,EA-WX,FVUS
200,6.42,3.63,1.2401,43029,4.21,9.79,GEV,1.77,1.0248,1.727,0.0033,Wylye at Brixton Deverill,Wylye,50.04,51.14072,-2.20693,385620,137960,EA-WX,FVUS
500,7.4,4.18,1.2499,43029,4.78,11.46,GEV,1.77,1.0248,1.727,0.0033,Wylye at Brixton Deverill,Wylye,50.04,51.14072,-2.20693,385620,137960,EA-WX,FVUS
1000,8.17,4.61,1.2588,43029,5.2,12.83,GEV,1.77,1.0248,1.727,0.0033,Wylye at Brixton Deverill,Wylye,50.04,51.14072,-2.20693,385620,137960,EA-WX,FVUS
2,12.4,1,1.1324,44003,9.72,15.82,GEV,12.4,1.0392,11.933,0.0171,Asker at Bridport,Asker,49.1,50.73199,-2.75214,347014,92756,EA-WX,FVUS
5,19.1,1.54,1.1327,44003,14.96,24.38,GEV,12.4,1.0392,11.933,0.0171,Asker at Bridport,Asker,49.1,50.73199,-2.75214,347014,92756,EA-WX,FVUS
10,23.8,1.92,1.1345,44003,18.58,30.48,GEV,12.4,1.0392,11.933,0.0171,Asker at Bridport,Asker,49.1,50.73199,-2.75214,347014,92756,EA-WX,FVUS
20,28.5,2.3,1.1375,44003,22.14,36.69,GEV,12.4,1.0392,11.933,0.0171,Asker at Bridport,Asker,49.1,50.73199,-2.75214,347014,92756,EA-WX,FVUS
30,31.2,2.52,1.1398,44003,24.14,40.32,GEV,12.4,1.0392,11.933,0.0171,Asker at Bridport,Asker,49.1,50.73199,-2.75214,347014,92756,EA-WX,FVUS
50,34.8,2.81,1.1433,44003,26.77,45.25,GEV,12.4,1.0392,11.933,0.0171,Asker at Bridport,Asker,49.1,50.73199,-2.75214,347014,92756,EA-WX,FVUS
75,37.7,3.04,1.1466,44003,28.83,49.29,GEV,12.4,1.0392,11.933,0.0171,Asker at Bridport,Asker,49.1,50.73199,-2.75214,347014,92756,EA-WX,FVUS
100,39.8,3.21,1.1492,44003,30.3,52.27,GEV,12.4,1.0392,11.933,0.0171,Asker at Bridport,Asker,49.1,50.73199,-2.75214,347014,92756,EA-WX,FVUS
200,44.9,3.62,1.1565,44003,33.77,59.71,GEV,12.4,1.0392,11.933,0.0171,Asker at Bridport,Asker,49.1,50.73199,-2.75214,347014,92756,EA-WX,FVUS
500,52,4.19,1.1682,44003,38.34,70.52,GEV,12.4,1.0392,11.933,0.0171,Asker at Bridport,Asker,49.1,50.73199,-2.75214,347014,92756,EA-WX,FVUS
1000,57.5,4.64,1.1785,44003,41.67,79.34,GEV,12.4,1.0392,11.933,0.0171,Asker at Bridport,Asker,49.1,50.73199,-2.75214,347014,92756,EA-WX,FVUS
2,0.6,1,1.3052,44008,0.36,1.01,GEV,0.6,1.0224,0.587,0.0043,South Winterbourne at Winterbourne Steepleton,South Winterbourne,19.9,50.70604,-2.52559,362982,89732,EA-WX,FV
5,0.962,1.6,1.3084,44008,0.57,1.63,GEV,0.6,1.0224,0.587,0.0043,South Winterbourne at Winterbourne Steepleton,South Winterbourne,19.9,50.70604,-2.52559,362982,89732,EA-WX,FV
10,1.22,2.03,1.3117,44008,0.72,2.08,GEV,0.6,1.0224,0.587,0.0043,South Winterbourne at Winterbourne Steepleton,South Winterbourne,19.9,50.70604,-2.52559,362982,89732,EA-WX,FV
20,1.48,2.47,1.3158,44008,0.86,2.53,GEV,0.6,1.0224,0.587,0.0043,South Winterbourne at Winterbourne Steepleton,South Winterbourne,19.9,50.70604,-2.52559,362982,89732,EA-WX,FV
30,1.64,2.73,1.3187,44008,0.95,2.82,GEV,0.6,1.0224,0.587,0.0043,South Winterbourne at Winterbourne Steepleton,South Winterbourne,19.9,50.70604,-2.52559,362982,89732,EA-WX,FV
50,1.84,3.07,1.3228,44008,1.06,3.18,GEV,0.6,1.0224,0.587,0.0043,South Winterbourne at Winterbourne Steepleton,South Winterbourne,19.9,50.70604,-2.52559,362982,89732,EA-WX,FV
75,2.01,3.35,1.3264,44008,1.16,3.5,GEV,0.6,1.0224,0.587,0.0043,South Winterbourne at Winterbourne Steepleton,South Winterbourne,19.9,50.70604,-2.52559,362982,89732,EA-WX,FV
100,2.13,3.55,1.3292,44008,1.22,3.72,GEV,0.6,1.0224,0.587,0.0043,South Winterbourne at Winterbourne Steepleton,South Winterbourne,19.9,50.70604,-2.52559,362982,89732,EA-WX,FV
200,2.43,4.05,1.3369,44008,1.38,4.29,GEV,0.6,1.0224,0.587,0.0043,South Winterbourne at Winterbourne Steepleton,South Winterbourne,19.9,50.70604,-2.52559,362982,89732,EA-WX,FV
500,2.85,4.76,1.3489,44008,1.59,5.12,GEV,0.6,1.0224,0.587,0.0043,South Winterbourne at Winterbourne Steepleton,South Winterbourne,19.9,50.70604,-2.52559,362982,89732,EA-WX,FV
1000,3.2,5.33,1.3594,44008,1.75,5.84,GEV,0.6,1.0224,0.587,0.0043,South Winterbourne at Winterbourne Steepleton,South Winterbourne,19.9,50.70604,-2.52559,362982,89732,EA-WX,FV
2,16.6,1,1.1369,44011,12.91,21.35,GEV,16.6,1.0392,15.974,0.0171,Asker at Bridport East Bridge,Asker,48.5,50.73199,-2.75214,347014,92756,EA-WX,FVUS
5,25.6,1.54,1.1389,44011,19.84,33.03,GEV,16.6,1.0392,15.974,0.0171,Asker at Bridport East Bridge,Asker,48.5,50.73199,-2.75214,347014,92756,EA-WX,FVUS
10,31.9,1.92,1.1417,44011,24.6,41.36,GEV,16.6,1.0392,15.974,0.0171,Asker at Bridport East Bridge,Asker,48.5,50.73199,-2.75214,347014,92756,EA-WX,FVUS
20,38.1,2.3,1.1454,44011,29.2,49.71,GEV,16.6,1.0392,15.974,0.0171,Asker at Bridport East Bridge,Asker,48.5,50.73199,-2.75214,347014,92756,EA-WX,FVUS
30,41.8,2.52,1.1481,44011,31.89,54.79,GEV,16.6,1.0392,15.974,0.0171,Asker at Bridport East Bridge,Asker,48.5,50.73199,-2.75214,347014,92756,EA-WX,FVUS
50,46.6,2.81,1.1521,44011,35.31,61.5,GEV,16.6,1.0392,15.974,0.0171,Asker at Bridport East Bridge,Asker,48.5,50.73199,-2.75214,347014,92756,EA-WX,FVUS
75,50.4,3.04,1.1557,44011,37.95,66.93,GEV,16.6,1.0392,15.974,0.0171,Asker at Bridport East Bridge,Asker,48.5,50.73199,-2.75214,347014,92756,EA-WX,FVUS
100,53.2,3.21,1.1586,44011,39.87,70.99,GEV,16.6,1.0392,15.974,0.0171,Asker at Bridport East Bridge,Asker,48.5,50.73199,-2.75214,347014,92756,EA-WX,FVUS
200,60.1,3.62,1.1663,44011,44.46,81.25,GEV,16.6,1.0392,15.974,0.0171,Asker at Bridport East Bridge,Asker,48.5,50.73199,-2.75214,347014,92756,EA-WX,FVUS
500,69.6,4.19,1.1784,44011,50.45,96.02,GEV,16.6,1.0392,15.974,0.0171,Asker at Bridport East Bridge,Asker,48.5,50.73199,-2.75214,347014,92756,EA-WX,FVUS
1000,77,4.64,1.189,44011,54.84,108.11,GEV,16.6,1.0392,15.974,0.0171,Asker at Bridport East Bridge,Asker,48.5,50.73199,-2.75214,347014,92756,EA-WX,FVUS
2,1.02,1,1.422,44013,0.51,2.03,GEV,1.02,1.0406,0.98,0.0056,Piddle at Little Puddle,Piddle,34.8,50.76707,-2.40046,371855,96463,EA-WX,FV
5,1.63,1.6,1.421,44013,0.82,3.25,GEV,1.02,1.0406,0.98,0.0056,Piddle at Little Puddle,Piddle,34.8,50.76707,-2.40046,371855,96463,EA-WX,FV
10,2.07,2.03,1.4209,44013,1.04,4.12,GEV,1.02,1.0406,0.98,0.0056,Piddle at Little Puddle,Piddle,34.8,50.76707,-2.40046,371855,96463,EA-WX,FV
20,2.5,2.46,1.4213,44013,1.26,4.98,GEV,1.02,1.0406,0.98,0.0056,Piddle at Little Puddle,Piddle,34.8,50.76707,-2.40046,371855,96463,EA-WX,FV
30,2.77,2.71,1.4217,44013,1.39,5.52,GEV,1.02,1.0406,0.98,0.0056,Piddle at Little Puddle,Piddle,34.8,50.76707,-2.40046,371855,96463,EA-WX,FV
50,3.1,3.04,1.4226,44013,1.55,6.19,GEV,1.02,1.0406,0.98,0.0056,Piddle at Little Puddle,Piddle,34.8,50.76707,-2.40046,371855,96463,EA-WX,FV
75,3.38,3.31,1.4235,44013,1.69,6.75,GEV,1.02,1.0406,0.98,0.0056,Piddle at Little Puddle,Piddle,34.8,50.76707,-2.40046,371855,96463,EA-WX,FV
100,3.58,3.51,1.4243,44013,1.79,7.16,GEV,1.02,1.0406,0.98,0.0056,Piddle at Little Puddle,Piddle,34.8,50.76707,-2.40046,371855,96463,EA-WX,FV
200,4.07,3.99,1.4268,44013,2.03,8.17,GEV,1.02,1.0406,0.98,0.0056,Piddle at Little Puddle,Piddle,34.8,50.76707,-2.40046,371855,96463,EA-WX,FV
500,4.76,4.67,1.4312,44013,2.36,9.61,GEV,1.02,1.0406,0.98,0.0056,Piddle at Little Puddle,Piddle,34.8,50.76707,-2.40046,371855,96463,EA-WX,FV
1000,5.31,5.21,1.4356,44013,2.61,10.79,GEV,1.02,1.0406,0.98,0.0056,Piddle at Little Puddle,Piddle,34.8,50.76707,-2.40046,371855,96463,EA-WX,FV
2,176,1,1.0386,45001,163.41,189.56,GenLog,176,1.0126,173.804,0.0084,Exe at Thorverton,Exe,600.9,50.80417,-3.51131,293602,101602,EA-DC,FVVA
5,231,1.31,1.0403,45001,213.79,249.6,GenLog,176,1.0126,173.804,0.0084,Exe at Thorverton,Exe,600.9,50.80417,-3.51131,293602,101602,EA-DC,FVVA
10,274,1.55,1.0443,45001,251.68,298.3,GenLog,176,1.0126,173.804,0.0084,Exe at Thorverton,Exe,600.9,50.80417,-3.51131,293602,101602,EA-DC,FVVA
20,323,1.83,1.0507,45001,293.16,355.88,GenLog,176,1.0126,173.804,0.0084,Exe at Thorverton,Exe,600.9,50.80417,-3.51131,293602,101602,EA-DC,FVVA
30,355,2.02,1.0557,45001,319.22,394.79,GenLog,176,1.0126,173.804,0.0084,Exe at Thorverton,Exe,600.9,50.80417,-3.51131,293602,101602,EA-DC,FVVA
50,401,2.28,1.0631,45001,355.68,452.09,GenLog,176,1.0126,173.804,0.0084,Exe at Thorverton,Exe,600.9,50.80417,-3.51131,293602,101602,EA-DC,FVVA
75,442,2.51,1.0698,45001,387.25,504.49,GenLog,176,1.0126,173.804,0.0084,Exe at Thorverton,Exe,600.9,50.80417,-3.51131,293602,101602,EA-DC,FVVA
100,474,2.69,1.075,45001,411.36,546.18,GenLog,176,1.0126,173.804,0.0084,Exe at Thorverton,Exe,600.9,50.80417,-3.51131,293602,101602,EA-DC,FVVA
200,562,3.19,1.0889,45001,475.6,664.1,GenLog,176,1.0126,173.804,0.0084,Exe at Thorverton,Exe,600.9,50.80417,-3.51131,293602,101602,EA-DC,FVVA
500,706,4.01,1.11,45001,575.4,866.24,GenLog,176,1.0126,173.804,0.0084,Exe at Thorverton,Exe,600.9,50.80417,-3.51131,293602,101602,EA-DC,FVVA
1000,842,4.78,1.1276,45001,665.41,1065.46,GenLog,176,1.0126,173.804,0.0084,Exe at Thorverton,Exe,600.9,50.80417,-3.51131,293602,101602,EA-DC,FVVA
2,141,1,1.043,45002,129.83,153.13,Kappa3,141,1.0043,140.393,0.0031,Exe at Stoodleigh,Exe,421.7,50.94992,-3.50637,294281,117801,EA-DC,VA
5,182,1.29,1.0428,45002,167.65,197.58,Kappa3,141,1.0043,140.393,0.0031,Exe at Stoodleigh,Exe,421.7,50.94992,-3.50637,294281,117801,EA-DC,VA
10,212,1.51,1.0444,45002,194.7,230.84,Kappa3,141,1.0043,140.393,0.0031,Exe at Stoodleigh,Exe,421.7,50.94992,-3.50637,294281,117801,EA-DC,VA
20,245,1.74,1.0478,45002,223.57,268.48,Kappa3,141,1.0043,140.393,0.0031,Exe at Stoodleigh,Exe,421.7,50.94992,-3.50637,294281,117801,EA-DC,VA
30,265,1.88,1.0509,45002,240.43,292.08,Kappa3,141,1.0043,140.393,0.0031,Exe at Stoodleigh,Exe,421.7,50.94992,-3.50637,294281,117801,EA-DC,VA
50,292,2.07,1.0559,45002,262.47,324.85,Kappa3,141,1.0043,140.393,0.0031,Exe at Stoodleigh,Exe,421.7,50.94992,-3.50637,294281,117801,EA-DC,VA
75,315,2.23,1.0607,45002,280.64,353.57,Kappa3,141,1.0043,140.393,0.0031,Exe at Stoodleigh,Exe,421.7,50.94992,-3.50637,294281,117801,EA-DC,VA
100,332,2.36,1.0646,45002,293.67,375.34,Kappa3,141,1.0043,140.393,0.0031,Exe at Stoodleigh,Exe,421.7,50.94992,-3.50637,294281,117801,EA-DC,VA
200,377,2.67,1.0753,45002,327,434.65,Kappa3,141,1.0043,140.393,0.0031,Exe at Stoodleigh,Exe,421.7,50.94992,-3.50637,294281,117801,EA-DC,VA
500,443,3.14,1.0921,45002,372.74,526.5,Kappa3,141,1.0043,140.393,0.0031,Exe at Stoodleigh,Exe,421.7,50.94992,-3.50637,294281,117801,EA-DC,VA
1000,501,3.55,1.1066,45002,410.79,611.03,Kappa3,141,1.0043,140.393,0.0031,Exe at Stoodleigh,Exe,421.7,50.94992,-3.50637,294281,117801,EA-DC,VA
2,71.2,1,1.0441,45003,65.43,77.48,Gumbel,71.2,1.0498,67.821,0.0258,Culm at Woodmill,Culm,226.1,50.84316,-3.39235,302066,105773,EA-DC,FVVA
5,98.3,1.38,1.0466,45003,89.9,107.48,Gumbel,71.2,1.0498,67.821,0.0258,Culm at Woodmill,Culm,226.1,50.84316,-3.39235,302066,105773,EA-DC,FVVA
10,116,1.63,1.0503,45003,105.36,127.71,Gumbel,71.2,1.0498,67.821,0.0258,Culm at Woodmill,Culm,226.1,50.84316,-3.39235,302066,105773,EA-DC,FVVA
20,133,1.87,1.0558,45003,119.57,147.94,Gumbel,71.2,1.0498,67.821,0.0258,Culm at Woodmill,Culm,226.1,50.84316,-3.39235,302066,105773,EA-DC,FVVA
30,143,2.01,1.0598,45003,127.61,160.24,Gumbel,71.2,1.0498,67.821,0.0258,Culm at Woodmill,Culm,226.1,50.84316,-3.39235,302066,105773,EA-DC,FVVA
50,156,2.19,1.0656,45003,137.73,176.69,Gumbel,71.2,1.0498,67.821,0.0258,Culm at Woodmill,Culm,226.1,50.84316,-3.39235,302066,105773,EA-DC,FVVA
75,165,2.32,1.0709,45003,144.27,188.71,Gumbel,71.2,1.0498,67.821,0.0258,Culm at Woodmill,Culm,226.1,50.84316,-3.39235,302066,105773,EA-DC,FVVA
100,172,2.42,1.0749,45003,149.3,198.16,Gumbel,71.2,1.0498,67.821,0.0258,Culm at Woodmill,Culm,226.1,50.84316,-3.39235,302066,105773,EA-DC,FVVA
200,189,2.65,1.0857,45003,160.87,222.05,Gumbel,71.2,1.0498,67.821,0.0258,Culm at Woodmill,Culm,226.1,50.84316,-3.39235,302066,105773,EA-DC,FVVA
500,211,2.96,1.1019,45003,174.46,255.2,Gumbel,71.2,1.0498,67.821,0.0258,Culm at Woodmill,Culm,226.1,50.84316,-3.39235,302066,105773,EA-DC,FVVA
1000,228,3.2,1.1154,45003,184.06,282.42,Gumbel,71.2,1.0498,67.821,0.0258,Culm at Woodmill,Culm,226.1,50.84316,-3.39235,302066,105773,EA-DC,FVVA
2,264,1,1.093,45007,221.77,314.27,GEV,264,1.0293,256.497,0.0176,Exe at Trews Weir,Exe,1191.3,50.71654,-3.5277,292246,91881,EA-DC,US
5,359,1.36,1.0933,45007,301.42,427.59,GEV,264,1.0293,256.497,0.0176,Exe at Trews Weir,Exe,1191.3,50.71654,-3.5277,292246,91881,EA-DC,US
10,431,1.63,1.0947,45007,360.96,514.63,GEV,264,1.0293,256.497,0.0176,Exe at Trews Weir,Exe,1191.3,50.71654,-3.5277,292246,91881,EA-DC,US
20,508,1.92,1.0975,45007,423.32,609.62,GEV,264,1.0293,256.497,0.0176,Exe at Trews Weir,Exe,1191.3,50.71654,-3.5277,292246,91881,EA-DC,US
30,556,2.11,1.0999,45007,461.34,670.08,GEV,264,1.0293,256.497,0.0176,Exe at Trews Weir,Exe,1191.3,50.71654,-3.5277,292246,91881,EA-DC,US
50,620,2.35,1.1038,45007,510.89,752.41,GEV,264,1.0293,256.497,0.0176,Exe at Trews Weir,Exe,1191.3,50.71654,-3.5277,292246,91881,EA-DC,US
75,674,2.55,1.1076,45007,551.66,823.48,GEV,264,1.0293,256.497,0.0176,Exe at Trews Weir,Exe,1191.3,50.71654,-3.5277,292246,91881,EA-DC,US
100,715,2.71,1.1108,45007,581.92,878.52,GEV,264,1.0293,256.497,0.0176,Exe at Trews Weir,Exe,1191.3,50.71654,-3.5277,292246,91881,EA-DC,US
200,819,3.1,1.1198,45007,656.1,1022.35,GEV,264,1.0293,256.497,0.0176,Exe at Trews Weir,Exe,1191.3,50.71654,-3.5277,292246,91881,EA-DC,US
500,974,3.69,1.1347,45007,760.31,1247.74,GEV,264,1.0293,256.497,0.0176,Exe at Trews Weir,Exe,1191.3,50.71654,-3.5277,292246,91881,EA-DC,US
1000,1110,4.19,1.148,45007,846.91,1454.82,GEV,264,1.0293,256.497,0.0176,Exe at Trews Weir,Exe,1191.3,50.71654,-3.5277,292246,91881,EA-DC,US
2,63.5,1,1.0565,45008,57.02,70.72,GEV,63.5,1.0376,61.199,0.0238,Otter at Fenny Bridges,Otter,104.2,50.77995,-3.2573,311454,98573,EA-DC,FVVA
5,87.1,1.37,1.0573,45008,78.09,97.15,GEV,63.5,1.0376,61.199,0.0238,Otter at Fenny Bridges,Otter,104.2,50.77995,-3.2573,311454,98573,EA-DC,FVVA
10,104,1.64,1.0603,45008,92.72,116.65,GEV,63.5,1.0376,61.199,0.0238,Otter at Fenny Bridges,Otter,104.2,50.77995,-3.2573,311454,98573,EA-DC,FVVA
20,122,1.92,1.0656,45008,107.71,138.18,GEV,63.5,1.0376,61.199,0.0238,Otter at Fenny Bridges,Otter,104.2,50.77995,-3.2573,311454,98573,EA-DC,FVVA
30,133,2.09,1.0696,45008,116.57,151.75,GEV,63.5,1.0376,61.199,0.0238,Otter at Fenny Bridges,Otter,104.2,50.77995,-3.2573,311454,98573,EA-DC,FVVA
50,147,2.31,1.0758,45008,127.39,169.63,GEV,63.5,1.0376,61.199,0.0238,Otter at Fenny Bridges,Otter,104.2,50.77995,-3.2573,311454,98573,EA-DC,FVVA
75,158,2.49,1.0814,45008,135.53,184.19,GEV,63.5,1.0376,61.199,0.0238,Otter at Fenny Bridges,Otter,104.2,50.77995,-3.2573,311454,98573,EA-DC,FVVA
100,167,2.63,1.0857,45008,142.14,196.2,GEV,63.5,1.0376,61.199,0.0238,Otter at Fenny Bridges,Otter,104.2,50.77995,-3.2573,311454,98573,EA-DC,FVVA
200,188,2.97,1.0975,45008,156.66,225.61,GEV,63.5,1.0376,61.199,0.0238,Otter at Fenny Bridges,Otter,104.2,50.77995,-3.2573,311454,98573,EA-DC,FVVA
500,219,3.45,1.1154,45008,176.8,271.27,GEV,63.5,1.0376,61.199,0.0238,Otter at Fenny Bridges,Otter,104.2,50.77995,-3.2573,311454,98573,EA-DC,FVVA
1000,244,3.85,1.1305,45008,191.86,310.31,GEV,63.5,1.0376,61.199,0.0238,Otter at Fenny Bridges,Otter,104.2,50.77995,-3.2573,311454,98573,EA-DC,FVVA
2,47.8,1,1.0697,45009,41.89,54.55,GEV,47.8,1.0034,47.636,0.0022,Exe at Pixton,Exe,159.7,51.02311,-3.51997,293493,125960,EA-DC,VA
5,64.5,1.35,1.0701,45009,56.48,73.66,GEV,47.8,1.0034,47.636,0.0022,Exe at Pixton,Exe,159.7,51.02311,-3.51997,293493,125960,EA-DC,VA
10,76.2,1.59,1.0716,45009,66.54,87.26,GEV,47.8,1.0034,47.636,0.0022,Exe at Pixton,Exe,159.7,51.02311,-3.51997,293493,125960,EA-DC,VA
20,87.9,1.84,1.0742,45009,76.39,101.14,GEV,47.8,1.0034,47.636,0.0022,Exe at Pixton,Exe,159.7,51.02311,-3.51997,293493,125960,EA-DC,VA
30,94.9,1.98,1.0763,45009,82.16,109.61,GEV,47.8,1.0034,47.636,0.0022,Exe at Pixton,Exe,159.7,51.02311,-3.51997,293493,125960,EA-DC,VA
50,104,2.17,1.0796,45009,89.5,120.84,GEV,47.8,1.0034,47.636,0.0022,Exe at Pixton,Exe,159.7,51.02311,-3.51997,293493,125960,EA-DC,VA
75,111,2.32,1.0828,45009,94.97,129.73,GEV,47.8,1.0034,47.636,0.0022,Exe at Pixton,Exe,159.7,51.02311,-3.51997,293493,125960,EA-DC,VA
100,116,2.43,1.0854,45009,98.79,136.21,GEV,47.8,1.0034,47.636,0.0022,Exe at Pixton,Exe,159.7,51.02311,-3.51997,293493,125960,EA-DC,VA
200,129,2.7,1.0927,45009,108.42,153.48,GEV,47.8,1.0034,47.636,0.0022,Exe at Pixton,Exe,159.7,51.02311,-3.51997,293493,125960,EA-DC,VA
500,147,3.08,1.1044,45009,121,178.59,GEV,47.8,1.0034,47.636,0.0022,Exe at Pixton,Exe,159.7,51.02311,-3.51997,293493,125960,EA-DC,VA
1000,161,3.37,1.1148,45009,130.11,199.22,GEV,47.8,1.0034,47.636,0.0022,Exe at Pixton,Exe,159.7,51.02311,-3.51997,293493,125960,EA-DC,VA
2,76.4,1,1.1253,45012,60.62,96.29,Gumbel,76.4,1.0209,74.837,0.0124,Creedy at Cowley,Creedy,261.6,50.75966,-3.55963,290093,96723,EA-DC,VA
5,107,1.4,1.1249,45012,84.96,134.76,Gumbel,76.4,1.0209,74.837,0.0124,Creedy at Cowley,Creedy,261.6,50.75966,-3.55963,290093,96723,EA-DC,VA
10,127,1.66,1.1255,45012,100.73,160.12,Gumbel,76.4,1.0209,74.837,0.0124,Creedy at Cowley,Creedy,261.6,50.75966,-3.55963,290093,96723,EA-DC,VA
20,147,1.92,1.1272,45012,116.25,185.88,Gumbel,76.4,1.0209,74.837,0.0124,Creedy at Cowley,Creedy,261.6,50.75966,-3.55963,290093,96723,EA-DC,VA
30,158,2.06,1.1288,45012,124.6,200.35,Gumbel,76.4,1.0209,74.837,0.0124,Creedy at Cowley,Creedy,261.6,50.75966,-3.55963,290093,96723,EA-DC,VA
50,172,2.25,1.1315,45012,135.01,219.12,Gumbel,76.4,1.0209,74.837,0.0124,Creedy at Cowley,Creedy,261.6,50.75966,-3.55963,290093,96723,EA-DC,VA
75,183,2.39,1.1343,45012,142.95,234.27,Gumbel,76.4,1.0209,74.837,0.0124,Creedy at Cowley,Creedy,261.6,50.75966,-3.55963,290093,96723,EA-DC,VA
100,190,2.49,1.1367,45012,147.8,244.24,Gumbel,76.4,1.0209,74.837,0.0124,Creedy at Cowley,Creedy,261.6,50.75966,-3.55963,290093,96723,EA-DC,VA
200,209,2.74,1.1435,45012,160.7,271.82,Gumbel,76.4,1.0209,74.837,0.0124,Creedy at Cowley,Creedy,261.6,50.75966,-3.55963,290093,96723,EA-DC,VA
500,234,3.06,1.1553,45012,176.33,310.53,Gumbel,76.4,1.0209,74.837,0.0124,Creedy at Cowley,Creedy,261.6,50.75966,-3.55963,290093,96723,EA-DC,VA
1000,253,3.31,1.1662,45012,187.17,341.98,Gumbel,76.4,1.0209,74.837,0.0124,Creedy at Cowley,Creedy,261.6,50.75966,-3.55963,290093,96723,EA-DC,VA
2,3.46,1,1.0723,45816,3.02,3.97,GEV,3.46,1.0021,3.453,0.0012,Haddeo at Upton,Haddeo,6.7,51.05033,-3.44486,298820,128880,EA-DC,FVVA
5,5.2,1.5,1.0747,45816,4.52,5.99,GEV,3.46,1.0021,3.453,0.0012,Haddeo at Upton,Haddeo,6.7,51.05033,-3.44486,298820,128880,EA-DC,FVVA
10,6.47,1.87,1.0788,45816,5.58,7.51,GEV,3.46,1.0021,3.453,0.0012,Haddeo at Upton,Haddeo,6.7,51.05033,-3.44486,298820,128880,EA-DC,FVVA
20,7.78,2.25,1.0846,45816,6.64,9.12,GEV,3.46,1.0021,3.453,0.0012,Haddeo at Upton,Haddeo,6.7,51.05033,-3.44486,298820,128880,EA-DC,FVVA
30,8.58,2.48,1.0888,45816,7.26,10.14,GEV,3.46,1.0021,3.453,0.0012,Haddeo at Upton,Haddeo,6.7,51.05033,-3.44486,298820,128880,EA-DC,FVVA
50,9.63,2.78,1.095,45816,8.06,11.5,GEV,3.46,1.0021,3.453,0.0012,Haddeo at Upton,Haddeo,6.7,51.05033,-3.44486,298820,128880,EA-DC,FVVA
75,10.5,3.03,1.1005,45816,8.7,12.67,GEV,3.46,1.0021,3.453,0.0012,Haddeo at Upton,Haddeo,6.7,51.05033,-3.44486,298820,128880,EA-DC,FVVA
100,11.1,3.22,1.1047,45816,9.13,13.49,GEV,3.46,1.0021,3.453,0.0012,Haddeo at Upton,Haddeo,6.7,51.05033,-3.44486,298820,128880,EA-DC,FVVA
200,12.7,3.68,1.116,45816,10.24,15.75,GEV,3.46,1.0021,3.453,0.0012,Haddeo at Upton,Haddeo,6.7,51.05033,-3.44486,298820,128880,EA-DC,FVVA
500,15,4.34,1.133,45816,11.74,19.16,GEV,3.46,1.0021,3.453,0.0012,Haddeo at Upton,Haddeo,6.7,51.05033,-3.44486,298820,128880,EA-DC,FVVA
1000,16.9,4.89,1.1474,45816,12.91,22.13,GEV,3.46,1.0021,3.453,0.0012,Haddeo at Upton,Haddeo,6.7,51.05033,-3.44486,298820,128880,EA-DC,FVVA
2,231,1,1.0375,46003,214.92,248.28,GEV,231,1.0137,227.88,0.0091,Dart at Austins Bridge,Dart,247.6,50.47904,-3.76152,275112,65841,EA-DC,VA
5,302,1.31,1.0384,46003,280.5,325.15,GEV,231,1.0137,227.88,0.0091,Dart at Austins Bridge,Dart,247.6,50.47904,-3.76152,275112,65841,EA-DC,VA
10,351,1.52,1.0409,46003,324.48,379.69,GEV,231,1.0137,227.88,0.0091,Dart at Austins Bridge,Dart,247.6,50.47904,-3.76152,275112,65841,EA-DC,VA
20,399,1.73,1.0451,46003,365.95,435.03,GEV,231,1.0137,227.88,0.0091,Dart at Austins Bridge,Dart,247.6,50.47904,-3.76152,275112,65841,EA-DC,VA
30,427,1.85,1.0484,46003,389.22,468.45,GEV,231,1.0137,227.88,0.0091,Dart at Austins Bridge,Dart,247.6,50.47904,-3.76152,275112,65841,EA-DC,VA
50,463,2.01,1.0532,46003,418.27,512.51,GEV,231,1.0137,227.88,0.0091,Dart at Austins Bridge,Dart,247.6,50.47904,-3.76152,275112,65841,EA-DC,VA
75,492,2.13,1.0577,46003,440.77,549.18,GEV,231,1.0137,227.88,0.0091,Dart at Austins Bridge,Dart,247.6,50.47904,-3.76152,275112,65841,EA-DC,VA
100,513,2.22,1.0612,46003,456.62,576.34,GEV,231,1.0137,227.88,0.0091,Dart at Austins Bridge,Dart,247.6,50.47904,-3.76152,275112,65841,EA-DC,VA
200,564,2.44,1.0705,46003,493.5,644.57,GEV,231,1.0137,227.88,0.0091,Dart at Austins Bridge,Dart,247.6,50.47904,-3.76152,275112,65841,EA-DC,VA
500,633,2.74,1.0846,46003,539.85,742.22,GEV,231,1.0137,227.88,0.0091,Dart at Austins Bridge,Dart,247.6,50.47904,-3.76152,275112,65841,EA-DC,VA
1000,687,2.97,1.0966,46003,573.41,823.1,GEV,231,1.0137,227.88,0.0091,Dart at Austins Bridge,Dart,247.6,50.47904,-3.76152,275112,65841,EA-DC,VA
2,37.4,1,1.0474,46005,34.15,40.95,Kappa3,37.4,1.0013,37.35,0.0012,East Dart at Bellever,East Dart,21.5,50.58238,-3.89816,265712,77570,EA-DC,VA
5,47.6,1.27,1.0487,46005,43.36,52.25,Kappa3,37.4,1.0013,37.35,0.0012,East Dart at Bellever,East Dart,21.5,50.58238,-3.89816,265712,77570,EA-DC,VA
10,54.5,1.46,1.0509,46005,49.45,60.07,Kappa3,37.4,1.0013,37.35,0.0012,East Dart at Bellever,East Dart,21.5,50.58238,-3.89816,265712,77570,EA-DC,VA
20,61.4,1.64,1.0543,46005,55.36,68.1,Kappa3,37.4,1.0013,37.35,0.0012,East Dart at Bellever,East Dart,21.5,50.58238,-3.89816,265712,77570,EA-DC,VA
30,65.5,1.75,1.0569,46005,58.77,73,Kappa3,37.4,1.0013,37.35,0.0012,East Dart at Bellever,East Dart,21.5,50.58238,-3.89816,265712,77570,EA-DC,VA
50,70.9,1.89,1.0608,46005,63.15,79.6,Kappa3,37.4,1.0013,37.35,0.0012,East Dart at Bellever,East Dart,21.5,50.58238,-3.89816,265712,77570,EA-DC,VA
75,75.2,2.01,1.0644,46005,66.54,84.99,Kappa3,37.4,1.0013,37.35,0.0012,East Dart at Bellever,East Dart,21.5,50.58238,-3.89816,265712,77570,EA-DC,VA
100,78.4,2.1,1.0673,46005,69,89.08,Kappa3,37.4,1.0013,37.35,0.0012,East Dart at Bellever,East Dart,21.5,50.58238,-3.89816,265712,77570,EA-DC,VA
200,86.3,2.31,1.0751,46005,74.88,99.46,Kappa3,37.4,1.0013,37.35,0.0012,East Dart at Bellever,East Dart,21.5,50.58238,-3.89816,265712,77570,EA-DC,VA
500,97.4,2.6,1.0872,46005,82.68,114.74,Kappa3,37.4,1.0013,37.35,0.0012,East Dart at Bellever,East Dart,21.5,50.58238,-3.89816,265712,77570,EA-DC,VA
1000,106,2.84,1.0976,46005,88.32,127.23,Kappa3,37.4,1.0013,37.35,0.0012,East Dart at Bellever,East Dart,21.5,50.58238,-3.89816,265712,77570,EA-DC,VA
2,47.2,1,1.0527,46006,42.68,52.2,Kappa3,47.2,1.0516,44.885,0.0362,Erme at Ermington,Erme,43.5,50.36316,-3.91125,264158,53219,EA-DC,FV+VA
5,60.1,1.27,1.0532,46006,54.29,66.53,Kappa3,47.2,1.0516,44.885,0.0362,Erme at Ermington,Erme,43.5,50.36316,-3.91125,264158,53219,EA-DC,FV+VA
10,69.1,1.46,1.0541,46006,62.32,76.62,Kappa3,47.2,1.0516,44.885,0.0362,Erme at Ermington,Erme,43.5,50.36316,-3.91125,264158,53219,EA-DC,FV+VA
20,78.2,1.66,1.0559,46006,70.29,87,Kappa3,47.2,1.0516,44.885,0.0362,Erme at Ermington,Erme,43.5,50.36316,-3.91125,264158,53219,EA-DC,FV+VA
30,83.7,1.77,1.0575,46006,75.01,93.39,Kappa3,47.2,1.0516,44.885,0.0362,Erme at Ermington,Erme,43.5,50.36316,-3.91125,264158,53219,EA-DC,FV+VA
50,90.8,1.92,1.06,46006,81,101.79,Kappa3,47.2,1.0516,44.885,0.0362,Erme at Ermington,Erme,43.5,50.36316,-3.91125,264158,53219,EA-DC,FV+VA
75,96.7,2.05,1.0626,46006,85.85,108.92,Kappa3,47.2,1.0516,44.885,0.0362,Erme at Ermington,Erme,43.5,50.36316,-3.91125,264158,53219,EA-DC,FV+VA
100,101,2.14,1.0646,46006,89.34,114.18,Kappa3,47.2,1.0516,44.885,0.0362,Erme at Ermington,Erme,43.5,50.36316,-3.91125,264158,53219,EA-DC,FV+VA
200,112,2.37,1.0705,46006,98,128,Kappa3,47.2,1.0516,44.885,0.0362,Erme at Ermington,Erme,43.5,50.36316,-3.91125,264158,53219,EA-DC,FV+VA
500,127,2.7,1.0803,46006,109.16,147.76,Kappa3,47.2,1.0516,44.885,0.0362,Erme at Ermington,Erme,43.5,50.36316,-3.91125,264158,53219,EA-DC,FV+VA
1000,140,2.97,1.089,46006,118.45,165.46,Kappa3,47.2,1.0516,44.885,0.0362,Erme at Ermington,Erme,43.5,50.36316,-3.91125,264158,53219,EA-DC,FV+VA
2,71.6,1,1.0407,46007,66.21,77.42,Gumbel,71.6,1.0054,71.217,0.005,West Dart at Dunnabridge,West Dart,47.9,50.55175,-3.91625,264343,74197,EA-DC,VA
5,91.3,1.28,1.0418,46007,84.26,98.93,Gumbel,71.6,1.0054,71.217,0.005,West Dart at Dunnabridge,West Dart,47.9,50.55175,-3.91625,264343,74197,EA-DC,VA
10,104,1.46,1.044,46007,95.58,113.16,Gumbel,71.6,1.0054,71.217,0.005,West Dart at Dunnabridge,West Dart,47.9,50.55175,-3.91625,264343,74197,EA-DC,VA
20,117,1.63,1.0473,46007,106.87,128.09,Gumbel,71.6,1.0054,71.217,0.005,West Dart at Dunnabridge,West Dart,47.9,50.55175,-3.91625,264343,74197,EA-DC,VA
30,124,1.73,1.0498,46007,112.73,136.39,Gumbel,71.6,1.0054,71.217,0.005,West Dart at Dunnabridge,West Dart,47.9,50.55175,-3.91625,264343,74197,EA-DC,VA
50,133,1.86,1.0537,46007,120.04,147.36,Gumbel,71.6,1.0054,71.217,0.005,West Dart at Dunnabridge,West Dart,47.9,50.55175,-3.91625,264343,74197,EA-DC,VA
75,140,1.96,1.0573,46007,125.52,156.16,Gumbel,71.6,1.0054,71.217,0.005,West Dart at Dunnabridge,West Dart,47.9,50.55175,-3.91625,264343,74197,EA-DC,VA
100,145,2.03,1.0601,46007,129.33,162.57,Gumbel,71.6,1.0054,71.217,0.005,West Dart at Dunnabridge,West Dart,47.9,50.55175,-3.91625,264343,74197,EA-DC,VA
200,157,2.2,1.0678,46007,138.06,178.54,Gumbel,71.6,1.0054,71.217,0.005,West Dart at Dunnabridge,West Dart,47.9,50.55175,-3.91625,264343,74197,EA-DC,VA
500,173,2.42,1.0799,46007,148.8,201.13,Gumbel,71.6,1.0054,71.217,0.005,West Dart at Dunnabridge,West Dart,47.9,50.55175,-3.91625,264343,74197,EA-DC,VA
1000,185,2.59,1.0902,46007,156.19,219.12,Gumbel,71.6,1.0054,71.217,0.005,West Dart at Dunnabridge,West Dart,47.9,50.55175,-3.91625,264343,74197,EA-DC,VA
2,63.2,1,1.031,46008,59.53,67.1,GEV,63.2,1.013,62.386,0.0079,Avon at Loddiswell,Avon,102.3,50.31424,-3.80083,271879,47584,EA-DC,FV+VA
5,82.9,1.31,1.0325,46008,77.86,88.26,GEV,63.2,1.013,62.386,0.0079,Avon at Loddiswell,Avon,102.3,50.31424,-3.80083,271879,47584,EA-DC,FV+VA
10,96.4,1.52,1.0353,46008,90.06,103.18,GEV,63.2,1.013,62.386,0.0079,Avon at Loddiswell,Avon,102.3,50.31424,-3.80083,271879,47584,EA-DC,FV+VA
20,110,1.73,1.0394,46008,101.98,118.66,GEV,63.2,1.013,62.386,0.0079,Avon at Loddiswell,Avon,102.3,50.31424,-3.80083,271879,47584,EA-DC,FV+VA
30,117,1.86,1.0425,46008,107.83,126.94,GEV,63.2,1.013,62.386,0.0079,Avon at Loddiswell,Avon,102.3,50.31424,-3.80083,271879,47584,EA-DC,FV+VA
50,127,2.01,1.0469,46008,116.09,138.94,GEV,63.2,1.013,62.386,0.0079,Avon at Loddiswell,Avon,102.3,50.31424,-3.80083,271879,47584,EA-DC,FV+VA
75,135,2.13,1.0509,46008,122.48,148.8,GEV,63.2,1.013,62.386,0.0079,Avon at Loddiswell,Avon,102.3,50.31424,-3.80083,271879,47584,EA-DC,FV+VA
100,141,2.22,1.054,46008,127.19,156.31,GEV,63.2,1.013,62.386,0.0079,Avon at Loddiswell,Avon,102.3,50.31424,-3.80083,271879,47584,EA-DC,FV+VA
200,154,2.44,1.0622,46008,136.82,173.33,GEV,63.2,1.013,62.386,0.0079,Avon at Loddiswell,Avon,102.3,50.31424,-3.80083,271879,47584,EA-DC,FV+VA
500,173,2.73,1.0746,46008,150.25,199.2,GEV,63.2,1.013,62.386,0.0079,Avon at Loddiswell,Avon,102.3,50.31424,-3.80083,271879,47584,EA-DC,FV+VA
1000,187,2.96,1.0849,46008,159.4,219.38,GEV,63.2,1.013,62.386,0.0079,Avon at Loddiswell,Avon,102.3,50.31424,-3.80083,271879,47584,EA-DC,FV+VA
2,25.4,1,1.0871,46013,21.56,29.92,GEV,25.4,1.0175,24.964,0.007,Bovey at Bovey Parke,Bovey,86.95,50.5956,-3.68286,280987,78672,EA-DC,US
5,35.1,1.38,1.0888,46013,29.71,41.47,GEV,25.4,1.0175,24.964,0.007,Bovey at Bovey Parke,Bovey,86.95,50.5956,-3.68286,280987,78672,EA-DC,US
10,41.7,1.64,1.0914,46013,35.13,49.5,GEV,25.4,1.0175,24.964,0.007,Bovey at Bovey Parke,Bovey,86.95,50.5956,-3.68286,280987,78672,EA-DC,US
20,48.2,1.9,1.0952,46013,40.33,57.6,GEV,25.4,1.0175,24.964,0.007,Bovey at Bovey Parke,Bovey,86.95,50.5956,-3.68286,280987,78672,EA-DC,US
30,52.1,2.05,1.098,46013,43.38,62.58,GEV,25.4,1.0175,24.964,0.007,Bovey at Bovey Parke,Bovey,86.95,50.5956,-3.68286,280987,78672,EA-DC,US
50,56.9,2.24,1.1022,46013,47.02,68.86,GEV,25.4,1.0175,24.964,0.007,Bovey at Bovey Parke,Bovey,86.95,50.5956,-3.68286,280987,78672,EA-DC,US
75,60.9,2.4,1.1062,46013,49.97,74.22,GEV,25.4,1.0175,24.964,0.007,Bovey at Bovey Parke,Bovey,86.95,50.5956,-3.68286,280987,78672,EA-DC,US
100,63.7,2.51,1.1093,46013,51.98,78.06,GEV,25.4,1.0175,24.964,0.007,Bovey at Bovey Parke,Bovey,86.95,50.5956,-3.68286,280987,78672,EA-DC,US
200,70.6,2.78,1.118,46013,56.74,87.85,GEV,25.4,1.0175,24.964,0.007,Bovey at Bovey Parke,Bovey,86.95,50.5956,-3.68286,280987,78672,EA-DC,US
500,79.9,3.15,1.1316,46013,62.71,101.81,GEV,25.4,1.0175,24.964,0.007,Bovey at Bovey Parke,Bovey,86.95,50.5956,-3.68286,280987,78672,EA-DC,US
1000,87.2,3.43,1.1435,46013,67.05,113.41,GEV,25.4,1.0175,24.964,0.007,Bovey at Bovey Parke,Bovey,86.95,50.5956,-3.68286,280987,78672,EA-DC,US
2,89,1,1.0974,46014,74.18,106.78,GEV,89,1.0125,87.901,0.007,Teign at Chudleigh,Teign,232.28,50.59512,-3.61594,285722,78513,EA-DC,US
5,120,1.34,1.0966,46014,100.16,143.77,GEV,89,1.0125,87.901,0.007,Teign at Chudleigh,Teign,232.28,50.59512,-3.61594,285722,78513,EA-DC,US
10,142,1.59,1.0967,46014,118.5,170.16,GEV,89,1.0125,87.901,0.007,Teign at Chudleigh,Teign,232.28,50.59512,-3.61594,285722,78513,EA-DC,US
20,165,1.85,1.0976,46014,137.47,198.04,GEV,89,1.0125,87.901,0.007,Teign at Chudleigh,Teign,232.28,50.59512,-3.61594,285722,78513,EA-DC,US
30,179,2.01,1.0986,46014,148.87,215.23,GEV,89,1.0125,87.901,0.007,Teign at Chudleigh,Teign,232.28,50.59512,-3.61594,285722,78513,EA-DC,US
50,197,2.21,1.1004,46014,163.32,237.63,GEV,89,1.0125,87.901,0.007,Teign at Chudleigh,Teign,232.28,50.59512,-3.61594,285722,78513,EA-DC,US
75,212,2.38,1.1024,46014,175.13,256.64,GEV,89,1.0125,87.901,0.007,Teign at Chudleigh,Teign,232.28,50.59512,-3.61594,285722,78513,EA-DC,US
100,223,2.51,1.1041,46014,183.66,270.77,GEV,89,1.0125,87.901,0.007,Teign at Chudleigh,Teign,232.28,50.59512,-3.61594,285722,78513,EA-DC,US
200,251,2.82,1.1092,46014,204.86,307.53,GEV,89,1.0125,87.901,0.007,Teign at Chudleigh,Teign,232.28,50.59512,-3.61594,285722,78513,EA-DC,US
500,291,3.26,1.1182,46014,233.77,362.24,GEV,89,1.0125,87.901,0.007,Teign at Chudleigh,Teign,232.28,50.59512,-3.61594,285722,78513,EA-DC,US
1000,323,3.63,1.1267,46014,255.66,408.08,GEV,89,1.0125,87.901,0.007,Teign at Chudleigh,Teign,232.28,50.59512,-3.61594,285722,78513,EA-DC,US
2,262,1,1.0498,47001,238.19,288.18,GenLog,262,1.0162,257.833,0.0113,Tamar at Gunnislake,Tamar,916.9,50.53127,-4.22185,242627,72524,EA-DC,VA
5,343,1.31,1.053,47001,309.98,379.54,GenLog,262,1.0162,257.833,0.0113,Tamar at Gunnislake,Tamar,916.9,50.53127,-4.22185,242627,72524,EA-DC,VA
10,408,1.56,1.0578,47001,365.45,455.5,GenLog,262,1.0162,257.833,0.0113,Tamar at Gunnislake,Tamar,916.9,50.53127,-4.22185,242627,72524,EA-DC,VA
20,483,1.84,1.0651,47001,426.84,546.55,GenLog,262,1.0162,257.833,0.0113,Tamar at Gunnislake,Tamar,916.9,50.53127,-4.22185,242627,72524,EA-DC,VA
30,533,2.04,1.0705,47001,466.38,609.14,GenLog,262,1.0162,257.833,0.0113,Tamar at Gunnislake,Tamar,916.9,50.53127,-4.22185,242627,72524,EA-DC,VA
50,604,2.31,1.0787,47001,520.66,700.68,GenLog,262,1.0162,257.833,0.0113,Tamar at Gunnislake,Tamar,916.9,50.53127,-4.22185,242627,72524,EA-DC,VA
75,668,2.55,1.086,47001,568.26,785.24,GenLog,262,1.0162,257.833,0.0113,Tamar at Gunnislake,Tamar,916.9,50.53127,-4.22185,242627,72524,EA-DC,VA
100,718,2.74,1.0917,47001,604.56,852.72,GenLog,262,1.0162,257.833,0.0113,Tamar at Gunnislake,Tamar,916.9,50.53127,-4.22185,242627,72524,EA-DC,VA
200,856,3.27,1.107,47001,701.37,1044.73,GenLog,262,1.0162,257.833,0.0113,Tamar at Gunnislake,Tamar,916.9,50.53127,-4.22185,242627,72524,EA-DC,VA
500,1080,4.14,1.1299,47001,850.09,1372.09,GenLog,262,1.0162,257.833,0.0113,Tamar at Gunnislake,Tamar,916.9,50.53127,-4.22185,242627,72524,EA-DC,VA
1000,1300,4.97,1.1491,47001,990.02,1707.04,GenLog,262,1.0162,257.833,0.0113,Tamar at Gunnislake,Tamar,916.9,50.53127,-4.22185,242627,72524,EA-DC,VA
2,46.3,1,1.0516,47004,41.95,51.1,GEV,46.3,1.0199,45.395,0.0128,Lynher at Pillaton Mill,Lynher,135.5,50.44025,-4.29897,236849,62571,EA-DC,VA
5,61.1,1.32,1.0542,47004,55.09,67.76,GEV,46.3,1.0199,45.395,0.0128,Lynher at Pillaton Mill,Lynher,135.5,50.44025,-4.29897,236849,62571,EA-DC,VA
10,71.7,1.55,1.0573,47004,64.28,79.97,GEV,46.3,1.0199,45.395,0.0128,Lynher at Pillaton Mill,Lynher,135.5,50.44025,-4.29897,236849,62571,EA-DC,VA
20,82.4,1.78,1.0618,47004,73.26,92.68,GEV,46.3,1.0199,45.395,0.0128,Lynher at Pillaton Mill,Lynher,135.5,50.44025,-4.29897,236849,62571,EA-DC,VA
30,88.8,1.92,1.0651,47004,78.47,100.48,GEV,46.3,1.0199,45.395,0.0128,Lynher at Pillaton Mill,Lynher,135.5,50.44025,-4.29897,236849,62571,EA-DC,VA
50,97.2,2.1,1.0701,47004,85.11,111,GEV,46.3,1.0199,45.395,0.0128,Lynher at Pillaton Mill,Lynher,135.5,50.44025,-4.29897,236849,62571,EA-DC,VA
75,104,2.25,1.0747,47004,90.3,119.77,GEV,46.3,1.0199,45.395,0.0128,Lynher at Pillaton Mill,Lynher,135.5,50.44025,-4.29897,236849,62571,EA-DC,VA
100,109,2.36,1.0783,47004,94.03,126.36,GEV,46.3,1.0199,45.395,0.0128,Lynher at Pillaton Mill,Lynher,135.5,50.44025,-4.29897,236849,62571,EA-DC,VA
200,122,2.62,1.0881,47004,103.39,143.96,GEV,46.3,1.0199,45.395,0.0128,Lynher at Pillaton Mill,Lynher,135.5,50.44025,-4.29897,236849,62571,EA-DC,VA
500,139,3,1.1032,47004,114.66,168.51,GEV,46.3,1.0199,45.395,0.0128,Lynher at Pillaton Mill,Lynher,135.5,50.44025,-4.29897,236849,62571,EA-DC,VA
1000,153,3.31,1.1161,47004,123.37,189.75,GEV,46.3,1.0199,45.395,0.0128,Lynher at Pillaton Mill,Lynher,135.5,50.44025,-4.29897,236849,62571,EA-DC,VA
2,61.1,1,1.0532,47005,55.2,67.63,GEV,61.1,1.0116,60.398,0.0086,Ottery at Werrington Park,Ottery,120.7,50.6554,-4.35371,233721,86613,EA-DC,VA
5,81,1.33,1.055,47005,72.93,89.96,GEV,61.1,1.0116,60.398,0.0086,Ottery at Werrington Park,Ottery,120.7,50.6554,-4.35371,233721,86613,EA-DC,VA
10,95.2,1.56,1.0576,47005,85.3,106.24,GEV,61.1,1.0116,60.398,0.0086,Ottery at Werrington Park,Ottery,120.7,50.6554,-4.35371,233721,86613,EA-DC,VA
20,110,1.8,1.0616,47005,97.84,123.67,GEV,61.1,1.0116,60.398,0.0086,Ottery at Werrington Park,Ottery,120.7,50.6554,-4.35371,233721,86613,EA-DC,VA
30,118,1.94,1.0645,47005,104.39,133.38,GEV,61.1,1.0116,60.398,0.0086,Ottery at Werrington Park,Ottery,120.7,50.6554,-4.35371,233721,86613,EA-DC,VA
50,130,2.12,1.0689,47005,114.08,148.14,GEV,61.1,1.0116,60.398,0.0086,Ottery at Werrington Park,Ottery,120.7,50.6554,-4.35371,233721,86613,EA-DC,VA
75,139,2.27,1.073,47005,121.07,159.58,GEV,61.1,1.0116,60.398,0.0086,Ottery at Werrington Park,Ottery,120.7,50.6554,-4.35371,233721,86613,EA-DC,VA
100,146,2.39,1.0762,47005,126.43,168.6,GEV,61.1,1.0116,60.398,0.0086,Ottery at Werrington Park,Ottery,120.7,50.6554,-4.35371,233721,86613,EA-DC,VA
200,163,2.66,1.0848,47005,138.96,191.19,GEV,61.1,1.0116,60.398,0.0086,Ottery at Werrington Park,Ottery,120.7,50.6554,-4.35371,233721,86613,EA-DC,VA
500,186,3.05,1.098,47005,154.86,223.41,GEV,61.1,1.0116,60.398,0.0086,Ottery at Werrington Park,Ottery,120.7,50.6554,-4.35371,233721,86613,EA-DC,VA
1000,206,3.36,1.1094,47005,168.07,252.49,GEV,61.1,1.0116,60.398,0.0086,Ottery at Werrington Park,Ottery,120.7,50.6554,-4.35371,233721,86613,EA-DC,VA
2,74.1,1,1.1109,47006,60.3,91.06,GEV,74.1,1.0102,73.354,0.0071,Lyd at Lifton Park,Lyd,222.9,50.63561,-4.27954,238896,84249,EA-DC,FLVA
5,99.7,1.35,1.1096,47006,81.31,122.24,GEV,74.1,1.0102,73.354,0.0071,Lyd at Lifton Park,Lyd,222.9,50.63561,-4.27954,238896,84249,EA-DC,FLVA
10,118,1.6,1.1098,47006,96.21,144.73,GEV,74.1,1.0102,73.354,0.0071,Lyd at Lifton Park,Lyd,222.9,50.63561,-4.27954,238896,84249,EA-DC,FLVA
20,137,1.85,1.111,47006,111.46,168.39,GEV,74.1,1.0102,73.354,0.0071,Lyd at Lifton Park,Lyd,222.9,50.63561,-4.27954,238896,84249,EA-DC,FLVA
30,149,2.01,1.1122,47006,120.97,183.53,GEV,74.1,1.0102,73.354,0.0071,Lyd at Lifton Park,Lyd,222.9,50.63561,-4.27954,238896,84249,EA-DC,FLVA
50,164,2.21,1.1144,47006,132.63,202.79,GEV,74.1,1.0102,73.354,0.0071,Lyd at Lifton Park,Lyd,222.9,50.63561,-4.27954,238896,84249,EA-DC,FLVA
75,176,2.37,1.1167,47006,141.76,218.51,GEV,74.1,1.0102,73.354,0.0071,Lyd at Lifton Park,Lyd,222.9,50.63561,-4.27954,238896,84249,EA-DC,FLVA
100,185,2.5,1.1186,47006,148.51,230.45,GEV,74.1,1.0102,73.354,0.0071,Lyd at Lifton Park,Lyd,222.9,50.63561,-4.27954,238896,84249,EA-DC,FLVA
200,208,2.8,1.1244,47006,165.29,261.74,GEV,74.1,1.0102,73.354,0.0071,Lyd at Lifton Park,Lyd,222.9,50.63561,-4.27954,238896,84249,EA-DC,FLVA
500,240,3.23,1.1343,47006,187.48,307.24,GEV,74.1,1.0102,73.354,0.0071,Lyd at Lifton Park,Lyd,222.9,50.63561,-4.27954,238896,84249,EA-DC,FLVA
1000,266,3.59,1.1435,47006,204.52,345.96,GEV,74.1,1.0102,73.354,0.0071,Lyd at Lifton Park,Lyd,222.9,50.63561,-4.27954,238896,84249,EA-DC,FLVA
2,38.5,1,1.0633,47008,34.14,43.42,GEV,38.5,1.0078,38.203,0.006,Thrushel at Tinhay,Thrushel,112.7,50.64724,-4.26755,239783,85516,EA-DC,CC
5,52.5,1.36,1.0635,47008,46.53,59.23,GEV,38.5,1.0078,38.203,0.006,Thrushel at Tinhay,Thrushel,112.7,50.64724,-4.26755,239783,85516,EA-DC,CC
10,62.7,1.63,1.065,47008,55.42,70.94,GEV,38.5,1.0078,38.203,0.006,Thrushel at Tinhay,Thrushel,112.7,50.64724,-4.26755,239783,85516,EA-DC,CC
20,73.3,1.9,1.0678,47008,64.46,83.36,GEV,38.5,1.0078,38.203,0.006,Thrushel at Tinhay,Thrushel,112.7,50.64724,-4.26755,239783,85516,EA-DC,CC
30,79.7,2.07,1.0702,47008,69.78,91.04,GEV,38.5,1.0078,38.203,0.006,Thrushel at Tinhay,Thrushel,112.7,50.64724,-4.26755,239783,85516,EA-DC,CC
50,88.2,2.29,1.0741,47008,76.67,101.46,GEV,38.5,1.0078,38.203,0.006,Thrushel at Tinhay,Thrushel,112.7,50.64724,-4.26755,239783,85516,EA-DC,CC
75,95.2,2.47,1.0778,47008,82.2,110.26,GEV,38.5,1.0078,38.203,0.006,Thrushel at Tinhay,Thrushel,112.7,50.64724,-4.26755,239783,85516,EA-DC,CC
100,100,2.61,1.0808,47008,85.87,116.45,GEV,38.5,1.0078,38.203,0.006,Thrushel at Tinhay,Thrushel,112.7,50.64724,-4.26755,239783,85516,EA-DC,CC
200,113,2.95,1.0893,47008,95.56,133.62,GEV,38.5,1.0078,38.203,0.006,Thrushel at Tinhay,Thrushel,112.7,50.64724,-4.26755,239783,85516,EA-DC,CC
500,132,3.43,1.1029,47008,108.94,159.94,GEV,38.5,1.0078,38.203,0.006,Thrushel at Tinhay,Thrushel,112.7,50.64724,-4.26755,239783,85516,EA-DC,CC
1000,148,3.83,1.115,47008,119.56,183.2,GEV,38.5,1.0078,38.203,0.006,Thrushel at Tinhay,Thrushel,112.7,50.64724,-4.26755,239783,85516,EA-DC,CC
2,6.93,1,1.069,47009,6.08,7.9,GEV,6.93,1.0256,6.757,0.0144,Tiddy at Tideford,Tiddy,37.2,50.41319,-4.33117,234468,59634,EA-DC,C
5,9.84,1.42,1.0707,47009,8.61,11.25,GEV,6.93,1.0256,6.757,0.0144,Tiddy at Tideford,Tiddy,37.2,50.41319,-4.33117,234468,59634,EA-DC,C
10,11.8,1.71,1.0735,47009,10.27,13.56,GEV,6.93,1.0256,6.757,0.0144,Tiddy at Tideford,Tiddy,37.2,50.41319,-4.33117,234468,59634,EA-DC,C
20,13.8,2,1.0775,47009,11.92,15.97,GEV,6.93,1.0256,6.757,0.0144,Tiddy at Tideford,Tiddy,37.2,50.41319,-4.33117,234468,59634,EA-DC,C
30,15,2.16,1.0806,47009,12.89,17.46,GEV,6.93,1.0256,6.757,0.0144,Tiddy at Tideford,Tiddy,37.2,50.41319,-4.33117,234468,59634,EA-DC,C
50,16.5,2.38,1.0852,47009,14.06,19.37,GEV,6.93,1.0256,6.757,0.0144,Tiddy at Tideford,Tiddy,37.2,50.41319,-4.33117,234468,59634,EA-DC,C
75,17.7,2.55,1.0894,47009,14.97,20.93,GEV,6.93,1.0256,6.757,0.0144,Tiddy at Tideford,Tiddy,37.2,50.41319,-4.33117,234468,59634,EA-DC,C
100,18.5,2.68,1.0927,47009,15.55,22.01,GEV,6.93,1.0256,6.757,0.0144,Tiddy at Tideford,Tiddy,37.2,50.41319,-4.33117,234468,59634,EA-DC,C
200,20.7,2.98,1.1016,47009,17.12,25.02,GEV,6.93,1.0256,6.757,0.0144,Tiddy at Tideford,Tiddy,37.2,50.41319,-4.33117,234468,59634,EA-DC,C
500,23.5,3.4,1.1155,47009,18.97,29.11,GEV,6.93,1.0256,6.757,0.0144,Tiddy at Tideford,Tiddy,37.2,50.41319,-4.33117,234468,59634,EA-DC,C
1000,25.8,3.72,1.1274,47009,20.4,32.64,GEV,6.93,1.0256,6.757,0.0144,Tiddy at Tideford,Tiddy,37.2,50.41319,-4.33117,234468,59634,EA-DC,C
2,44.6,1,1.0803,47014,38.33,51.89,GEV,44.6,1.0174,43.838,0.0095,Walkham at Horrabridge,Walkham,44.6,50.50985,-4.09835,251312,69888,EA-DC,MIS
5,59.3,1.33,1.0793,47014,51.06,68.87,GEV,44.6,1.0174,43.838,0.0095,Walkham at Horrabridge,Walkham,44.6,50.50985,-4.09835,251312,69888,EA-DC,MIS
10,69.7,1.56,1.0798,47014,59.96,81.02,GEV,44.6,1.0174,43.838,0.0095,Walkham at Horrabridge,Walkham,44.6,50.50985,-4.09835,251312,69888,EA-DC,MIS
20,80.2,1.8,1.0813,47014,68.81,93.48,GEV,44.6,1.0174,43.838,0.0095,Walkham at Horrabridge,Walkham,44.6,50.50985,-4.09835,251312,69888,EA-DC,MIS
30,86.5,1.94,1.0828,47014,74.01,101.1,GEV,44.6,1.0174,43.838,0.0095,Walkham at Horrabridge,Walkham,44.6,50.50985,-4.09835,251312,69888,EA-DC,MIS
50,94.6,2.12,1.0855,47014,80.55,111.1,GEV,44.6,1.0174,43.838,0.0095,Walkham at Horrabridge,Walkham,44.6,50.50985,-4.09835,251312,69888,EA-DC,MIS
75,101,2.27,1.0881,47014,85.6,119.18,GEV,44.6,1.0174,43.838,0.0095,Walkham at Horrabridge,Walkham,44.6,50.50985,-4.09835,251312,69888,EA-DC,MIS
100,106,2.38,1.0903,47014,89.48,125.57,GEV,44.6,1.0174,43.838,0.0095,Walkham at Horrabridge,Walkham,44.6,50.50985,-4.09835,251312,69888,EA-DC,MIS
200,118,2.65,1.0967,47014,98.47,141.4,GEV,44.6,1.0174,43.838,0.0095,Walkham at Horrabridge,Walkham,44.6,50.50985,-4.09835,251312,69888,EA-DC,MIS
500,135,3.03,1.1075,47014,110.51,164.91,GEV,44.6,1.0174,43.838,0.0095,Walkham at Horrabridge,Walkham,44.6,50.50985,-4.09835,251312,69888,EA-DC,MIS
1000,148,3.33,1.1174,47014,119.06,183.97,GEV,44.6,1.0174,43.838,0.0095,Walkham at Horrabridge,Walkham,44.6,50.50985,-4.09835,251312,69888,EA-DC,MIS
2,33.9,1,1.0772,47020,29.3,39.22,GEV,33.9,1.0192,33.262,0.012,Inny at Bealsmill,Inny,105,50.57032,-4.31854,235911,77075,EA-DC,B
5,44.6,1.32,1.0775,47020,38.53,51.63,GEV,33.9,1.0192,33.262,0.012,Inny at Bealsmill,Inny,105,50.57032,-4.31854,235911,77075,EA-DC,B
10,52,1.53,1.0782,47020,44.87,60.27,GEV,33.9,1.0192,33.262,0.012,Inny at Bealsmill,Inny,105,50.57032,-4.31854,235911,77075,EA-DC,B
20,59.4,1.75,1.0797,47020,51.11,69.03,GEV,33.9,1.0192,33.262,0.012,Inny at Bealsmill,Inny,105,50.57032,-4.31854,235911,77075,EA-DC,B
30,63.8,1.88,1.081,47020,54.77,74.32,GEV,33.9,1.0192,33.262,0.012,Inny at Bealsmill,Inny,105,50.57032,-4.31854,235911,77075,EA-DC,B
50,69.4,2.05,1.0832,47020,59.34,81.17,GEV,33.9,1.0192,33.262,0.012,Inny at Bealsmill,Inny,105,50.57032,-4.31854,235911,77075,EA-DC,B
75,74,2.18,1.0854,47020,63.02,86.89,GEV,33.9,1.0192,33.262,0.012,Inny at Bealsmill,Inny,105,50.57032,-4.31854,235911,77075,EA-DC,B
100,77.2,2.28,1.0872,47020,65.53,90.95,GEV,33.9,1.0192,33.262,0.012,Inny at Bealsmill,Inny,105,50.57032,-4.31854,235911,77075,EA-DC,B
200,85.3,2.52,1.0926,47020,71.71,101.47,GEV,33.9,1.0192,33.262,0.012,Inny at Bealsmill,Inny,105,50.57032,-4.31854,235911,77075,EA-DC,B
500,96.4,2.84,1.1017,47020,79.73,116.55,GEV,33.9,1.0192,33.262,0.012,Inny at Bealsmill,Inny,105,50.57032,-4.31854,235911,77075,EA-DC,B
1000,105,3.1,1.1102,47020,85.55,128.88,GEV,33.9,1.0192,33.262,0.012,Inny at Bealsmill,Inny,105,50.57032,-4.31854,235911,77075,EA-DC,B
2,13.8,1,1.0593,47021,12.33,15.45,GEV,13.8,1.0472,13.178,0.0278,Kensey at Launceston Newport,Kensey,33.43,50.64169,-4.36318,233003,85110,EA-DC,VA
5,18.7,1.35,1.0613,47021,16.64,21.01,GEV,13.8,1.0472,13.178,0.0278,Kensey at Launceston Newport,Kensey,33.43,50.64169,-4.36318,233003,85110,EA-DC,VA
10,22.2,1.61,1.0645,47021,19.64,25.09,GEV,13.8,1.0472,13.178,0.0278,Kensey at Launceston Newport,Kensey,33.43,50.64169,-4.36318,233003,85110,EA-DC,VA
20,25.8,1.87,1.069,47021,22.64,29.4,GEV,13.8,1.0472,13.178,0.0278,Kensey at Launceston Newport,Kensey,33.43,50.64169,-4.36318,233003,85110,EA-DC,VA
30,27.9,2.02,1.0723,47021,24.33,31.99,GEV,13.8,1.0472,13.178,0.0278,Kensey at Launceston Newport,Kensey,33.43,50.64169,-4.36318,233003,85110,EA-DC,VA
50,30.7,2.23,1.0771,47021,26.54,35.51,GEV,13.8,1.0472,13.178,0.0278,Kensey at Launceston Newport,Kensey,33.43,50.64169,-4.36318,233003,85110,EA-DC,VA
75,33.1,2.4,1.0813,47021,28.4,38.58,GEV,13.8,1.0472,13.178,0.0278,Kensey at Launceston Newport,Kensey,33.43,50.64169,-4.36318,233003,85110,EA-DC,VA
100,34.7,2.52,1.0847,47021,29.59,40.69,GEV,13.8,1.0472,13.178,0.0278,Kensey at Launceston Newport,Kensey,33.43,50.64169,-4.36318,233003,85110,EA-DC,VA
200,39,2.83,1.0935,47021,32.73,46.47,GEV,13.8,1.0472,13.178,0.0278,Kensey at Launceston Newport,Kensey,33.43,50.64169,-4.36318,233003,85110,EA-DC,VA
500,45,3.26,1.107,47021,36.87,54.92,GEV,13.8,1.0472,13.178,0.0278,Kensey at Launceston Newport,Kensey,33.43,50.64169,-4.36318,233003,85110,EA-DC,VA
1000,49.9,3.61,1.1184,47021,40.07,62.14,GEV,13.8,1.0472,13.178,0.0278,Kensey at Launceston Newport,Kensey,33.43,50.64169,-4.36318,233003,85110,EA-DC,VA
2,6.18,1,1.1673,47022,4.56,8.37,GenLog,6.18,1.0224,6.045,0.019,Tory Brook at Newnham Park,Tory Brook,15.72,50.40087,-4.03947,255154,57654,EA-DC,VA
5,8.14,1.32,1.1687,47022,6,11.05,GenLog,6.18,1.0224,6.045,0.019,Tory Brook at Newnham Park,Tory Brook,15.72,50.40087,-4.03947,255154,57654,EA-DC,VA
10,9.61,1.56,1.1704,47022,7.06,13.08,GenLog,6.18,1.0224,6.045,0.019,Tory Brook at Newnham Park,Tory Brook,15.72,50.40087,-4.03947,255154,57654,EA-DC,VA
20,11.2,1.82,1.1727,47022,8.2,15.3,GenLog,6.18,1.0224,6.045,0.019,Tory Brook at Newnham Park,Tory Brook,15.72,50.40087,-4.03947,255154,57654,EA-DC,VA
30,12.3,1.98,1.1744,47022,8.98,16.86,GenLog,6.18,1.0224,6.045,0.019,Tory Brook at Newnham Park,Tory Brook,15.72,50.40087,-4.03947,255154,57654,EA-DC,VA
50,13.7,2.22,1.1769,47022,9.96,18.85,GenLog,6.18,1.0224,6.045,0.019,Tory Brook at Newnham Park,Tory Brook,15.72,50.40087,-4.03947,255154,57654,EA-DC,VA
75,15,2.42,1.1793,47022,10.86,20.72,GenLog,6.18,1.0224,6.045,0.019,Tory Brook at Newnham Park,Tory Brook,15.72,50.40087,-4.03947,255154,57654,EA-DC,VA
100,15.9,2.58,1.1812,47022,11.47,22.04,GenLog,6.18,1.0224,6.045,0.019,Tory Brook at Newnham Park,Tory Brook,15.72,50.40087,-4.03947,255154,57654,EA-DC,VA
200,18.5,2.99,1.1864,47022,13.23,25.86,GenLog,6.18,1.0224,6.045,0.019,Tory Brook at Newnham Park,Tory Brook,15.72,50.40087,-4.03947,255154,57654,EA-DC,VA
500,22.6,3.65,1.1948,47022,15.94,32.03,GenLog,6.18,1.0224,6.045,0.019,Tory Brook at Newnham Park,Tory Brook,15.72,50.40087,-4.03947,255154,57654,EA-DC,VA
1000,26.3,4.25,1.2024,47022,18.33,37.74,GenLog,6.18,1.0224,6.045,0.019,Tory Brook at Newnham Park,Tory Brook,15.72,50.40087,-4.03947,255154,57654,EA-DC,VA
2,18.6,1,1.1202,47023,14.89,23.23,GEV,18.6,1.0064,18.482,0.0052,Tamar at Tamarstone Bridge,Tamar,49.07,50.82364,-4.43887,228319,105513,EA-DC,US
5,24.7,1.33,1.12,47023,19.78,30.84,GEV,18.6,1.0064,18.482,0.0052,Tamar at Tamarstone Bridge,Tamar,49.07,50.82364,-4.43887,228319,105513,EA-DC,US
10,28.8,1.55,1.1206,47023,23.04,36,GEV,18.6,1.0064,18.482,0.0052,Tamar at Tamarstone Bridge,Tamar,49.07,50.82364,-4.43887,228319,105513,EA-DC,US
20,32.9,1.77,1.1216,47023,26.27,41.2,GEV,18.6,1.0064,18.482,0.0052,Tamar at Tamarstone Bridge,Tamar,49.07,50.82364,-4.43887,228319,105513,EA-DC,US
30,35.4,1.9,1.1226,47023,28.22,44.41,GEV,18.6,1.0064,18.482,0.0052,Tamar at Tamarstone Bridge,Tamar,49.07,50.82364,-4.43887,228319,105513,EA-DC,US
50,38.4,2.07,1.1242,47023,30.53,48.3,GEV,18.6,1.0064,18.482,0.0052,Tamar at Tamarstone Bridge,Tamar,49.07,50.82364,-4.43887,228319,105513,EA-DC,US
75,40.9,2.2,1.1257,47023,32.43,51.58,GEV,18.6,1.0064,18.482,0.0052,Tamar at Tamarstone Bridge,Tamar,49.07,50.82364,-4.43887,228319,105513,EA-DC,US
100,42.7,2.3,1.127,47023,33.78,53.98,GEV,18.6,1.0064,18.482,0.0052,Tamar at Tamarstone Bridge,Tamar,49.07,50.82364,-4.43887,228319,105513,EA-DC,US
200,47.1,2.53,1.1307,47023,37.02,59.92,GEV,18.6,1.0064,18.482,0.0052,Tamar at Tamarstone Bridge,Tamar,49.07,50.82364,-4.43887,228319,105513,EA-DC,US
500,53,2.85,1.1372,47023,41.19,68.19,GEV,18.6,1.0064,18.482,0.0052,Tamar at Tamarstone Bridge,Tamar,49.07,50.82364,-4.43887,228319,105513,EA-DC,US
1000,57.7,3.1,1.1432,47023,44.39,75.01,GEV,18.6,1.0064,18.482,0.0052,Tamar at Tamarstone Bridge,Tamar,49.07,50.82364,-4.43887,228319,105513,EA-DC,US
2,93,1,1.1028,47024,76.77,112.66,GEV,93,1.0104,92.039,0.0067,Tavy at Tavistock Abbey Bridge,Tavy,95.63,50.55063,-4.14267,248301,74511,EA-DC,VA
5,122,1.31,1.1031,47024,100.65,147.87,GEV,93,1.0104,92.039,0.0067,Tavy at Tavistock Abbey Bridge,Tavy,95.63,50.55063,-4.14267,248301,74511,EA-DC,VA
10,141,1.51,1.1039,47024,116.17,171.14,GEV,93,1.0104,92.039,0.0067,Tavy at Tavistock Abbey Bridge,Tavy,95.63,50.55063,-4.14267,248301,74511,EA-DC,VA
20,159,1.71,1.1052,47024,130.69,193.44,GEV,93,1.0104,92.039,0.0067,Tavy at Tavistock Abbey Bridge,Tavy,95.63,50.55063,-4.14267,248301,74511,EA-DC,VA
30,170,1.83,1.1064,47024,139.44,207.26,GEV,93,1.0104,92.039,0.0067,Tavy at Tavistock Abbey Bridge,Tavy,95.63,50.55063,-4.14267,248301,74511,EA-DC,VA
50,184,1.98,1.1083,47024,150.41,225.08,GEV,93,1.0104,92.039,0.0067,Tavy at Tavistock Abbey Bridge,Tavy,95.63,50.55063,-4.14267,248301,74511,EA-DC,VA
75,195,2.09,1.1101,47024,158.9,239.3,GEV,93,1.0104,92.039,0.0067,Tavy at Tavistock Abbey Bridge,Tavy,95.63,50.55063,-4.14267,248301,74511,EA-DC,VA
100,202,2.18,1.1116,47024,164.17,248.55,GEV,93,1.0104,92.039,0.0067,Tavy at Tavistock Abbey Bridge,Tavy,95.63,50.55063,-4.14267,248301,74511,EA-DC,VA
200,221,2.38,1.1161,47024,178.19,274.09,GEV,93,1.0104,92.039,0.0067,Tavy at Tavistock Abbey Bridge,Tavy,95.63,50.55063,-4.14267,248301,74511,EA-DC,VA
500,246,2.64,1.1236,47024,195.77,309.12,GEV,93,1.0104,92.039,0.0067,Tavy at Tavistock Abbey Bridge,Tavy,95.63,50.55063,-4.14267,248301,74511,EA-DC,VA
1000,265,2.85,1.1306,47024,208.33,337.08,GEV,93,1.0104,92.039,0.0067,Tavy at Tavistock Abbey Bridge,Tavy,95.63,50.55063,-4.14267,248301,74511,EA-DC,VA
2,17.3,1,1.0553,48001,15.57,19.22,GEV,17.3,1.0035,17.239,0.003,Fowey at Trekeivesteps,Fowey,36.8,50.50125,-4.50086,222743,69816,EA-DC,CC
5,22.7,1.31,1.057,48001,20.36,25.31,GEV,17.3,1.0035,17.239,0.003,Fowey at Trekeivesteps,Fowey,36.8,50.50125,-4.50086,222743,69816,EA-DC,CC
10,26.4,1.53,1.0595,48001,23.57,29.57,GEV,17.3,1.0035,17.239,0.003,Fowey at Trekeivesteps,Fowey,36.8,50.50125,-4.50086,222743,69816,EA-DC,CC
20,30.1,1.74,1.0632,48001,26.69,33.94,GEV,17.3,1.0035,17.239,0.003,Fowey at Trekeivesteps,Fowey,36.8,50.50125,-4.50086,222743,69816,EA-DC,CC
30,32.3,1.87,1.0661,48001,28.49,36.62,GEV,17.3,1.0035,17.239,0.003,Fowey at Trekeivesteps,Fowey,36.8,50.50125,-4.50086,222743,69816,EA-DC,CC
50,35.1,2.03,1.0704,48001,30.72,40.11,GEV,17.3,1.0035,17.239,0.003,Fowey at Trekeivesteps,Fowey,36.8,50.50125,-4.50086,222743,69816,EA-DC,CC
75,37.4,2.16,1.0745,48001,32.49,43.06,GEV,17.3,1.0035,17.239,0.003,Fowey at Trekeivesteps,Fowey,36.8,50.50125,-4.50086,222743,69816,EA-DC,CC
100,39,2.26,1.0777,48001,33.68,45.16,GEV,17.3,1.0035,17.239,0.003,Fowey at Trekeivesteps,Fowey,36.8,50.50125,-4.50086,222743,69816,EA-DC,CC
200,43,2.49,1.0864,48001,36.55,50.58,GEV,17.3,1.0035,17.239,0.003,Fowey at Trekeivesteps,Fowey,36.8,50.50125,-4.50086,222743,69816,EA-DC,CC
500,48.5,2.81,1.1002,48001,40.22,58.48,GEV,17.3,1.0035,17.239,0.003,Fowey at Trekeivesteps,Fowey,36.8,50.50125,-4.50086,222743,69816,EA-DC,CC
1000,52.8,3.05,1.1122,48001,42.87,65.04,GEV,17.3,1.0035,17.239,0.003,Fowey at Trekeivesteps,Fowey,36.8,50.50125,-4.50086,222743,69816,EA-DC,CC
2,11.1,1,1.039,48003,10.3,11.96,Kappa3,11.1,1.0477,10.594,0.0303,Fal at Tregony,Fal,87,50.26602,-4.91844,192107,44747,EA-DC,FLVA
5,14.6,1.31,1.0404,48003,13.51,15.78,Kappa3,11.1,1.0477,10.594,0.0303,Fal at Tregony,Fal,87,50.26602,-4.91844,192107,44747,EA-DC,FLVA
10,17.3,1.56,1.0438,48003,15.91,18.82,Kappa3,11.1,1.0477,10.594,0.0303,Fal at Tregony,Fal,87,50.26602,-4.91844,192107,44747,EA-DC,FLVA
20,20.2,1.82,1.0494,48003,18.38,22.2,Kappa3,11.1,1.0477,10.594,0.0303,Fal at Tregony,Fal,87,50.26602,-4.91844,192107,44747,EA-DC,FLVA
30,22.1,1.99,1.0537,48003,19.95,24.49,Kappa3,11.1,1.0477,10.594,0.0303,Fal at Tregony,Fal,87,50.26602,-4.91844,192107,44747,EA-DC,FLVA
50,24.7,2.23,1.0603,48003,22.02,27.7,Kappa3,11.1,1.0477,10.594,0.0303,Fal at Tregony,Fal,87,50.26602,-4.91844,192107,44747,EA-DC,FLVA
75,27,2.43,1.0662,48003,23.81,30.61,Kappa3,11.1,1.0477,10.594,0.0303,Fal at Tregony,Fal,87,50.26602,-4.91844,192107,44747,EA-DC,FLVA
100,28.7,2.59,1.0709,48003,25.09,32.82,Kappa3,11.1,1.0477,10.594,0.0303,Fal at Tregony,Fal,87,50.26602,-4.91844,192107,44747,EA-DC,FLVA
200,33.3,3,1.0833,48003,28.47,38.95,Kappa3,11.1,1.0477,10.594,0.0303,Fal at Tregony,Fal,87,50.26602,-4.91844,192107,44747,EA-DC,FLVA
500,40.3,3.63,1.1022,48003,33.3,48.77,Kappa3,11.1,1.0477,10.594,0.0303,Fal at Tregony,Fal,87,50.26602,-4.91844,192107,44747,EA-DC,FLVA
1000,46.6,4.2,1.118,48003,37.45,57.99,Kappa3,11.1,1.0477,10.594,0.0303,Fal at Tregony,Fal,87,50.26602,-4.91844,192107,44747,EA-DC,FLVA
2,9.8,1,1.0461,48004,8.97,10.71,Kappa3,9.8,1.0029,9.772,0.0021,Warleggan at Trengoffe,Warleggan,25.3,50.47721,-4.59532,215951,67373,EA-DC,CC
5,13,1.33,1.0481,48004,11.86,14.25,Kappa3,9.8,1.0029,9.772,0.0021,Warleggan at Trengoffe,Warleggan,25.3,50.47721,-4.59532,215951,67373,EA-DC,CC
10,15.4,1.57,1.0517,48004,13.95,17,Kappa3,9.8,1.0029,9.772,0.0021,Warleggan at Trengoffe,Warleggan,25.3,50.47721,-4.59532,215951,67373,EA-DC,CC
20,18,1.83,1.0571,48004,16.14,20.07,Kappa3,9.8,1.0029,9.772,0.0021,Warleggan at Trengoffe,Warleggan,25.3,50.47721,-4.59532,215951,67373,EA-DC,CC
30,19.5,1.99,1.0611,48004,17.36,21.9,Kappa3,9.8,1.0029,9.772,0.0021,Warleggan at Trengoffe,Warleggan,25.3,50.47721,-4.59532,215951,67373,EA-DC,CC
50,21.7,2.21,1.0671,48004,19.11,24.65,Kappa3,9.8,1.0029,9.772,0.0021,Warleggan at Trengoffe,Warleggan,25.3,50.47721,-4.59532,215951,67373,EA-DC,CC
75,23.5,2.4,1.0724,48004,20.49,26.95,Kappa3,9.8,1.0029,9.772,0.0021,Warleggan at Trengoffe,Warleggan,25.3,50.47721,-4.59532,215951,67373,EA-DC,CC
100,24.8,2.54,1.0765,48004,21.46,28.65,Kappa3,9.8,1.0029,9.772,0.0021,Warleggan at Trengoffe,Warleggan,25.3,50.47721,-4.59532,215951,67373,EA-DC,CC
200,28.4,2.89,1.0876,48004,24.09,33.48,Kappa3,9.8,1.0029,9.772,0.0021,Warleggan at Trengoffe,Warleggan,25.3,50.47721,-4.59532,215951,67373,EA-DC,CC
500,33.7,3.43,1.1042,48004,27.75,40.93,Kappa3,9.8,1.0029,9.772,0.0021,Warleggan at Trengoffe,Warleggan,25.3,50.47721,-4.59532,215951,67373,EA-DC,CC
1000,38.2,3.9,1.1181,48004,30.69,47.54,Kappa3,9.8,1.0029,9.772,0.0021,Warleggan at Trengoffe,Warleggan,25.3,50.47721,-4.59532,215951,67373,EA-DC,CC
2,4.23,1,1.0498,48007,3.85,4.65,GEV,4.23,1.0522,4.02,0.0182,Kennal at Ponsanooth,Kennal,26.5,50.19641,-5.13671,176228,37642,EA-DC,C
5,6.14,1.45,1.0516,48007,5.56,6.78,GEV,4.23,1.0522,4.02,0.0182,Kennal at Ponsanooth,Kennal,26.5,50.19641,-5.13671,176228,37642,EA-DC,C
10,7.45,1.76,1.0552,48007,6.71,8.28,GEV,4.23,1.0522,4.02,0.0182,Kennal at Ponsanooth,Kennal,26.5,50.19641,-5.13671,176228,37642,EA-DC,C
20,8.75,2.07,1.0606,48007,7.8,9.82,GEV,4.23,1.0522,4.02,0.0182,Kennal at Ponsanooth,Kennal,26.5,50.19641,-5.13671,176228,37642,EA-DC,C
30,9.52,2.25,1.0646,48007,8.42,10.76,GEV,4.23,1.0522,4.02,0.0182,Kennal at Ponsanooth,Kennal,26.5,50.19641,-5.13671,176228,37642,EA-DC,C
50,10.5,2.48,1.0704,48007,9.19,12,GEV,4.23,1.0522,4.02,0.0182,Kennal at Ponsanooth,Kennal,26.5,50.19641,-5.13671,176228,37642,EA-DC,C
75,11.3,2.67,1.0757,48007,9.79,13.04,GEV,4.23,1.0522,4.02,0.0182,Kennal at Ponsanooth,Kennal,26.5,50.19641,-5.13671,176228,37642,EA-DC,C
100,11.8,2.8,1.0797,48007,10.15,13.71,GEV,4.23,1.0522,4.02,0.0182,Kennal at Ponsanooth,Kennal,26.5,50.19641,-5.13671,176228,37642,EA-DC,C
200,13.2,3.13,1.0905,48007,11.14,15.64,GEV,4.23,1.0522,4.02,0.0182,Kennal at Ponsanooth,Kennal,26.5,50.19641,-5.13671,176228,37642,EA-DC,C
500,15.1,3.57,1.1067,48007,12.38,18.42,GEV,4.23,1.0522,4.02,0.0182,Kennal at Ponsanooth,Kennal,26.5,50.19641,-5.13671,176228,37642,EA-DC,C
1000,16.6,3.92,1.1203,48007,13.29,20.74,GEV,4.23,1.0522,4.02,0.0182,Kennal at Ponsanooth,Kennal,26.5,50.19641,-5.13671,176228,37642,EA-DC,C
2,8.46,1,1.141,48009,6.53,10.96,Kappa3,8.46,1.0054,8.415,0.0043,St Neot at Craigshill Wood,St Neot,22.7,50.4656,-4.55967,218436,65995,EA-DC,CC
5,11.1,1.31,1.1412,48009,8.57,14.38,Kappa3,8.46,1.0054,8.415,0.0043,St Neot at Craigshill Wood,St Neot,22.7,50.4656,-4.55967,218436,65995,EA-DC,CC
10,13,1.53,1.1419,48009,10.02,16.86,Kappa3,8.46,1.0054,8.415,0.0043,St Neot at Craigshill Wood,St Neot,22.7,50.4656,-4.55967,218436,65995,EA-DC,CC
20,14.9,1.76,1.1431,48009,11.46,19.37,Kappa3,8.46,1.0054,8.415,0.0043,St Neot at Craigshill Wood,St Neot,22.7,50.4656,-4.55967,218436,65995,EA-DC,CC
30,16.1,1.9,1.144,48009,12.37,20.96,Kappa3,8.46,1.0054,8.415,0.0043,St Neot at Craigshill Wood,St Neot,22.7,50.4656,-4.55967,218436,65995,EA-DC,CC
50,17.7,2.09,1.1455,48009,13.56,23.1,Kappa3,8.46,1.0054,8.415,0.0043,St Neot at Craigshill Wood,St Neot,22.7,50.4656,-4.55967,218436,65995,EA-DC,CC
75,19,2.25,1.147,48009,14.52,24.86,Kappa3,8.46,1.0054,8.415,0.0043,St Neot at Craigshill Wood,St Neot,22.7,50.4656,-4.55967,218436,65995,EA-DC,CC
100,20,2.36,1.1482,48009,15.25,26.22,Kappa3,8.46,1.0054,8.415,0.0043,St Neot at Craigshill Wood,St Neot,22.7,50.4656,-4.55967,218436,65995,EA-DC,CC
200,22.5,2.66,1.1516,48009,17.06,29.67,Kappa3,8.46,1.0054,8.415,0.0043,St Neot at Craigshill Wood,St Neot,22.7,50.4656,-4.55967,218436,65995,EA-DC,CC
500,26.2,3.09,1.1575,48009,19.67,34.9,Kappa3,8.46,1.0054,8.415,0.0043,St Neot at Craigshill Wood,St Neot,22.7,50.4656,-4.55967,218436,65995,EA-DC,CC
1000,29.2,3.45,1.1631,48009,21.72,39.26,Kappa3,8.46,1.0054,8.415,0.0043,St Neot at Craigshill Wood,St Neot,22.7,50.4656,-4.55967,218436,65995,EA-DC,CC
2,50.9,1,1.0837,48011,43.48,59.59,GEV,50.9,1.0077,50.509,0.0054,Fowey at Restormel,Fowey,169.1,50.43105,-4.67947,209796,62454,EA-DC,CC
5,67.9,1.33,1.0839,48011,57.98,79.51,GEV,50.9,1.0077,50.509,0.0054,Fowey at Restormel,Fowey,169.1,50.43105,-4.67947,209796,62454,EA-DC,CC
10,80.2,1.58,1.0848,48011,68.37,94.07,GEV,50.9,1.0077,50.509,0.0054,Fowey at Restormel,Fowey,169.1,50.43105,-4.67947,209796,62454,EA-DC,CC
20,92.7,1.82,1.0865,48011,78.79,109.07,GEV,50.9,1.0077,50.509,0.0054,Fowey at Restormel,Fowey,169.1,50.43105,-4.67947,209796,62454,EA-DC,CC
30,100,1.97,1.0881,48011,84.75,118,GEV,50.9,1.0077,50.509,0.0054,Fowey at Restormel,Fowey,169.1,50.43105,-4.67947,209796,62454,EA-DC,CC
50,110,2.16,1.0907,48011,92.79,130.41,GEV,50.9,1.0077,50.509,0.0054,Fowey at Restormel,Fowey,169.1,50.43105,-4.67947,209796,62454,EA-DC,CC
75,118,2.32,1.0932,48011,99.09,140.52,GEV,50.9,1.0077,50.509,0.0054,Fowey at Restormel,Fowey,169.1,50.43105,-4.67947,209796,62454,EA-DC,CC
100,124,2.44,1.0954,48011,103.72,148.25,GEV,50.9,1.0077,50.509,0.0054,Fowey at Restormel,Fowey,169.1,50.43105,-4.67947,209796,62454,EA-DC,CC
200,139,2.73,1.1015,48011,115.01,168,GEV,50.9,1.0077,50.509,0.0054,Fowey at Restormel,Fowey,169.1,50.43105,-4.67947,209796,62454,EA-DC,CC
500,160,3.14,1.1119,48011,129.97,196.97,GEV,50.9,1.0077,50.509,0.0054,Fowey at Restormel,Fowey,169.1,50.43105,-4.67947,209796,62454,EA-DC,CC
1000,177,3.47,1.1213,48011,141.42,221.53,GEV,50.9,1.0077,50.509,0.0054,Fowey at Restormel,Fowey,169.1,50.43105,-4.67947,209796,62454,EA-DC,CC
2,10.1,1,1.0557,48012,9.08,11.23,GEV,10.1,1.0543,9.58,0.036,Fal at Trenowth,Fal,65.07,50.31916,-4.89889,193730,50600,EA-DC,VA
5,13.3,1.32,1.0572,48012,11.93,14.83,GEV,10.1,1.0543,9.58,0.036,Fal at Trenowth,Fal,65.07,50.31916,-4.89889,193730,50600,EA-DC,VA
10,15.6,1.55,1.0596,48012,13.93,17.47,GEV,10.1,1.0543,9.58,0.036,Fal at Trenowth,Fal,65.07,50.31916,-4.89889,193730,50600,EA-DC,VA
20,18,1.78,1.0633,48012,15.96,20.3,GEV,10.1,1.0543,9.58,0.036,Fal at Trenowth,Fal,65.07,50.31916,-4.89889,193730,50600,EA-DC,VA
30,19.5,1.93,1.0662,48012,17.2,22.11,GEV,10.1,1.0543,9.58,0.036,Fal at Trenowth,Fal,65.07,50.31916,-4.89889,193730,50600,EA-DC,VA
50,21.4,2.11,1.0706,48012,18.72,24.46,GEV,10.1,1.0543,9.58,0.036,Fal at Trenowth,Fal,65.07,50.31916,-4.89889,193730,50600,EA-DC,VA
75,22.9,2.27,1.0747,48012,19.88,26.37,GEV,10.1,1.0543,9.58,0.036,Fal at Trenowth,Fal,65.07,50.31916,-4.89889,193730,50600,EA-DC,VA
100,24.1,2.38,1.078,48012,20.8,27.92,GEV,10.1,1.0543,9.58,0.036,Fal at Trenowth,Fal,65.07,50.31916,-4.89889,193730,50600,EA-DC,VA
200,27,2.67,1.0869,48012,22.93,31.79,GEV,10.1,1.0543,9.58,0.036,Fal at Trenowth,Fal,65.07,50.31916,-4.89889,193730,50600,EA-DC,VA
500,31.1,3.08,1.101,48012,25.75,37.55,GEV,10.1,1.0543,9.58,0.036,Fal at Trenowth,Fal,65.07,50.31916,-4.89889,193730,50600,EA-DC,VA
1000,34.5,3.41,1.1131,48012,27.96,42.56,GEV,10.1,1.0543,9.58,0.036,Fal at Trenowth,Fal,65.07,50.31916,-4.89889,193730,50600,EA-DC,VA
2,57.5,1,1.0449,49001,52.76,62.67,GEV,57.5,1.0353,55.537,0.0226,Camel at Denby,Camel,208.8,50.47963,-4.79567,201748,68159,EA-DC,VA
5,76.6,1.33,1.0471,49001,69.99,83.83,GEV,57.5,1.0353,55.537,0.0226,Camel at Denby,Camel,208.8,50.47963,-4.79567,201748,68159,EA-DC,VA
10,90.5,1.57,1.05,49001,82.25,99.58,GEV,57.5,1.0353,55.537,0.0226,Camel at Denby,Camel,208.8,50.47963,-4.79567,201748,68159,EA-DC,VA
20,105,1.82,1.0544,49001,94.65,116.49,GEV,57.5,1.0353,55.537,0.0226,Camel at Denby,Camel,208.8,50.47963,-4.79567,201748,68159,EA-DC,VA
30,113,1.97,1.0577,49001,101.23,126.13,GEV,57.5,1.0353,55.537,0.0226,Camel at Denby,Camel,208.8,50.47963,-4.79567,201748,68159,EA-DC,VA
50,125,2.17,1.0627,49001,110.95,140.82,GEV,57.5,1.0353,55.537,0.0226,Camel at Denby,Camel,208.8,50.47963,-4.79567,201748,68159,EA-DC,VA
75,134,2.33,1.0673,49001,117.94,152.25,GEV,57.5,1.0353,55.537,0.0226,Camel at Denby,Camel,208.8,50.47963,-4.79567,201748,68159,EA-DC,VA
100,141,2.45,1.0708,49001,123.31,161.23,GEV,57.5,1.0353,55.537,0.0226,Camel at Denby,Camel,208.8,50.47963,-4.79567,201748,68159,EA-DC,VA
200,158,2.75,1.0804,49001,135.78,183.86,GEV,57.5,1.0353,55.537,0.0226,Camel at Denby,Camel,208.8,50.47963,-4.79567,201748,68159,EA-DC,VA
500,182,3.17,1.0951,49001,152.31,217.47,GEV,57.5,1.0353,55.537,0.0226,Camel at Denby,Camel,208.8,50.47963,-4.79567,201748,68159,EA-DC,VA
1000,202,3.52,1.1076,49001,165.33,246.8,GEV,57.5,1.0353,55.537,0.0226,Camel at Denby,Camel,208.8,50.47963,-4.79567,201748,68159,EA-DC,VA
2,4.48,1,1.0853,49002,3.82,5.26,GEV,4.48,1.0354,4.327,0.0176,Hayle at St Erth,Hayle,47.6,50.1568,-5.43303,154881,34171,EA-DC,CC
5,6.77,1.51,1.0869,49002,5.75,7.97,GEV,4.48,1.0354,4.327,0.0176,Hayle at St Erth,Hayle,47.6,50.1568,-5.43303,154881,34171,EA-DC,CC
10,8.38,1.87,1.0902,49002,7.08,9.93,GEV,4.48,1.0354,4.327,0.0176,Hayle at St Erth,Hayle,47.6,50.1568,-5.43303,154881,34171,EA-DC,CC
20,10,2.23,1.0953,49002,8.37,11.95,GEV,4.48,1.0354,4.327,0.0176,Hayle at St Erth,Hayle,47.6,50.1568,-5.43303,154881,34171,EA-DC,CC
30,11,2.45,1.0991,49002,9.14,13.24,GEV,4.48,1.0354,4.327,0.0176,Hayle at St Erth,Hayle,47.6,50.1568,-5.43303,154881,34171,EA-DC,CC
50,12.2,2.73,1.1048,49002,10.04,14.83,GEV,4.48,1.0354,4.327,0.0176,Hayle at St Erth,Hayle,47.6,50.1568,-5.43303,154881,34171,EA-DC,CC
75,13.2,2.96,1.11,49002,10.76,16.2,GEV,4.48,1.0354,4.327,0.0176,Hayle at St Erth,Hayle,47.6,50.1568,-5.43303,154881,34171,EA-DC,CC
100,14,3.12,1.1141,49002,11.33,17.3,GEV,4.48,1.0354,4.327,0.0176,Hayle at St Erth,Hayle,47.6,50.1568,-5.43303,154881,34171,EA-DC,CC
200,15.8,3.53,1.1251,49002,12.54,19.91,GEV,4.48,1.0354,4.327,0.0176,Hayle at St Erth,Hayle,47.6,50.1568,-5.43303,154881,34171,EA-DC,CC
500,18.4,4.1,1.142,49002,14.18,23.87,GEV,4.48,1.0354,4.327,0.0176,Hayle at St Erth,Hayle,47.6,50.1568,-5.43303,154881,34171,EA-DC,CC
1000,20.4,4.56,1.1565,49002,15.34,27.13,GEV,4.48,1.0354,4.327,0.0176,Hayle at St Erth,Hayle,47.6,50.1568,-5.43303,154881,34171,EA-DC,CC
2,14,1,1.0727,49003,12.2,16.06,Kappa3,14,1.0006,13.991,6e-4,De Lank at De Lank,De Lank,21.5,50.55885,-4.63778,213262,76556,EA-DC,CC
5,18.3,1.31,1.0743,49003,15.9,21.06,Kappa3,14,1.0006,13.991,6e-4,De Lank at De Lank,De Lank,21.5,50.55885,-4.63778,213262,76556,EA-DC,CC
10,21.4,1.53,1.0767,49003,18.51,24.74,Kappa3,14,1.0006,13.991,6e-4,De Lank at De Lank,De Lank,21.5,50.55885,-4.63778,213262,76556,EA-DC,CC
20,24.6,1.76,1.0803,49003,21.14,28.62,Kappa3,14,1.0006,13.991,6e-4,De Lank at De Lank,De Lank,21.5,50.55885,-4.63778,213262,76556,EA-DC,CC
30,26.6,1.9,1.083,49003,22.75,31.1,Kappa3,14,1.0006,13.991,6e-4,De Lank at De Lank,De Lank,21.5,50.55885,-4.63778,213262,76556,EA-DC,CC
50,29.3,2.09,1.0871,49003,24.88,34.51,Kappa3,14,1.0006,13.991,6e-4,De Lank at De Lank,De Lank,21.5,50.55885,-4.63778,213262,76556,EA-DC,CC
75,31.5,2.25,1.0909,49003,26.56,37.36,Kappa3,14,1.0006,13.991,6e-4,De Lank at De Lank,De Lank,21.5,50.55885,-4.63778,213262,76556,EA-DC,CC
100,33.1,2.36,1.0939,49003,27.76,39.47,Kappa3,14,1.0006,13.991,6e-4,De Lank at De Lank,De Lank,21.5,50.55885,-4.63778,213262,76556,EA-DC,CC
200,37.3,2.66,1.1022,49003,30.82,45.14,Kappa3,14,1.0006,13.991,6e-4,De Lank at De Lank,De Lank,21.5,50.55885,-4.63778,213262,76556,EA-DC,CC
500,43.5,3.1,1.1154,49003,35.12,53.88,Kappa3,14,1.0006,13.991,6e-4,De Lank at De Lank,De Lank,21.5,50.55885,-4.63778,213262,76556,EA-DC,CC
1000,48.6,3.47,1.1268,49003,38.46,61.41,Kappa3,14,1.0006,13.991,6e-4,De Lank at De Lank,De Lank,21.5,50.55885,-4.63778,213262,76556,EA-DC,CC
2,14,1,1.1219,49004,11.17,17.54,GEV,14,1.0475,13.366,0.0255,Gannel at Gwills,Gannel,41,50.3931,-5.05627,182866,59268,EA-DC,C
5,21,1.5,1.1201,49004,16.81,26.23,GEV,14,1.0475,13.366,0.0255,Gannel at Gwills,Gannel,41,50.3931,-5.05627,182866,59268,EA-DC,C
10,25.8,1.84,1.1201,49004,20.66,32.22,GEV,14,1.0475,13.366,0.0255,Gannel at Gwills,Gannel,41,50.3931,-5.05627,182866,59268,EA-DC,C
20,30.5,2.18,1.1212,49004,24.37,38.17,GEV,14,1.0475,13.366,0.0255,Gannel at Gwills,Gannel,41,50.3931,-5.05627,182866,59268,EA-DC,C
30,33.2,2.37,1.1225,49004,26.47,41.64,GEV,14,1.0475,13.366,0.0255,Gannel at Gwills,Gannel,41,50.3931,-5.05627,182866,59268,EA-DC,C
50,36.6,2.62,1.1248,49004,29.07,46.09,GEV,14,1.0475,13.366,0.0255,Gannel at Gwills,Gannel,41,50.3931,-5.05627,182866,59268,EA-DC,C
75,39.4,2.81,1.1272,49004,31.16,49.82,GEV,14,1.0475,13.366,0.0255,Gannel at Gwills,Gannel,41,50.3931,-5.05627,182866,59268,EA-DC,C
100,41.3,2.95,1.1292,49004,32.55,52.41,GEV,14,1.0475,13.366,0.0255,Gannel at Gwills,Gannel,41,50.3931,-5.05627,182866,59268,EA-DC,C
200,46.1,3.29,1.1352,49004,35.95,59.11,GEV,14,1.0475,13.366,0.0255,Gannel at Gwills,Gannel,41,50.3931,-5.05627,182866,59268,EA-DC,C
500,52.5,3.75,1.1456,49004,40.22,68.53,GEV,14,1.0475,13.366,0.0255,Gannel at Gwills,Gannel,41,50.3931,-5.05627,182866,59268,EA-DC,C
1000,57.5,4.11,1.1553,49004,43.33,76.3,GEV,14,1.0475,13.366,0.0255,Gannel at Gwills,Gannel,41,50.3931,-5.05627,182866,59268,EA-DC,C
2,4.06,1,1.2478,49005,2.63,6.27,GEV,4.06,1.0283,3.948,0.0149,Bolingey Stream at Bolingey Cocks Bridge,Bolingey Stream,16.08,50.33351,-5.13712,176841,52883,EA-DC,US
5,6.26,1.54,1.25,49005,4.04,9.69,GEV,4.06,1.0283,3.948,0.0149,Bolingey Stream at Bolingey Cocks Bridge,Bolingey Stream,16.08,50.33351,-5.13712,176841,52883,EA-DC,US
10,7.81,1.92,1.2526,49005,5.02,12.14,GEV,4.06,1.0283,3.948,0.0149,Bolingey Stream at Bolingey Cocks Bridge,Bolingey Stream,16.08,50.33351,-5.13712,176841,52883,EA-DC,US
20,9.38,2.31,1.256,49005,6,14.66,GEV,4.06,1.0283,3.948,0.0149,Bolingey Stream at Bolingey Cocks Bridge,Bolingey Stream,16.08,50.33351,-5.13712,176841,52883,EA-DC,US
30,10.3,2.54,1.2584,49005,6.56,16.16,GEV,4.06,1.0283,3.948,0.0149,Bolingey Stream at Bolingey Cocks Bridge,Bolingey Stream,16.08,50.33351,-5.13712,176841,52883,EA-DC,US
50,11.5,2.84,1.2619,49005,7.29,18.14,GEV,4.06,1.0283,3.948,0.0149,Bolingey Stream at Bolingey Cocks Bridge,Bolingey Stream,16.08,50.33351,-5.13712,176841,52883,EA-DC,US
75,12.5,3.09,1.2651,49005,7.88,19.82,GEV,4.06,1.0283,3.948,0.0149,Bolingey Stream at Bolingey Cocks Bridge,Bolingey Stream,16.08,50.33351,-5.13712,176841,52883,EA-DC,US
100,13.2,3.26,1.2676,49005,8.29,21.01,GEV,4.06,1.0283,3.948,0.0149,Bolingey Stream at Bolingey Cocks Bridge,Bolingey Stream,16.08,50.33351,-5.13712,176841,52883,EA-DC,US
200,15,3.7,1.2743,49005,9.33,24.12,GEV,4.06,1.0283,3.948,0.0149,Bolingey Stream at Bolingey Cocks Bridge,Bolingey Stream,16.08,50.33351,-5.13712,176841,52883,EA-DC,US
500,17.5,4.32,1.285,49005,10.71,28.61,GEV,4.06,1.0283,3.948,0.0149,Bolingey Stream at Bolingey Cocks Bridge,Bolingey Stream,16.08,50.33351,-5.13712,176841,52883,EA-DC,US
1000,19.5,4.81,1.2944,49005,11.76,32.34,GEV,4.06,1.0283,3.948,0.0149,Bolingey Stream at Bolingey Cocks Bridge,Bolingey Stream,16.08,50.33351,-5.13712,176841,52883,EA-DC,US
2,237,1,1.0525,50001,214.38,262,Kappa3,237,1.0097,234.713,0.007,Taw at Umberleigh,Taw,826.2,50.99547,-3.98504,260795,123662,EA-DC,VA
5,316,1.34,1.0534,50001,285.37,349.92,Kappa3,237,1.0097,234.713,0.007,Taw at Umberleigh,Taw,826.2,50.99547,-3.98504,260795,123662,EA-DC,VA
10,379,1.6,1.0568,50001,340.11,422.34,Kappa3,237,1.0097,234.713,0.007,Taw at Umberleigh,Taw,826.2,50.99547,-3.98504,260795,123662,EA-DC,VA
20,450,1.9,1.0627,50001,399.44,506.96,Kappa3,237,1.0097,234.713,0.007,Taw at Umberleigh,Taw,826.2,50.99547,-3.98504,260795,123662,EA-DC,VA
30,496,2.09,1.0674,50001,436.48,563.64,Kappa3,237,1.0097,234.713,0.007,Taw at Umberleigh,Taw,826.2,50.99547,-3.98504,260795,123662,EA-DC,VA
50,561,2.37,1.0746,50001,487.21,645.96,Kappa3,237,1.0097,234.713,0.007,Taw at Umberleigh,Taw,826.2,50.99547,-3.98504,260795,123662,EA-DC,VA
75,617,2.6,1.0812,50001,529.46,719.02,Kappa3,237,1.0097,234.713,0.007,Taw at Umberleigh,Taw,826.2,50.99547,-3.98504,260795,123662,EA-DC,VA
100,660,2.78,1.0864,50001,561.05,776.4,Kappa3,237,1.0097,234.713,0.007,Taw at Umberleigh,Taw,826.2,50.99547,-3.98504,260795,123662,EA-DC,VA
200,776,3.28,1.1004,50001,643.31,936.05,Kappa3,237,1.0097,234.713,0.007,Taw at Umberleigh,Taw,826.2,50.99547,-3.98504,260795,123662,EA-DC,VA
500,961,4.06,1.1217,50001,767.3,1203.6,Kappa3,237,1.0097,234.713,0.007,Taw at Umberleigh,Taw,826.2,50.99547,-3.98504,260795,123662,EA-DC,VA
1000,1130,4.77,1.1397,50001,874.52,1460.12,Kappa3,237,1.0097,234.713,0.007,Taw at Umberleigh,Taw,826.2,50.99547,-3.98504,260795,123662,EA-DC,VA
2,238,1,1.0578,50002,213.18,265.71,GEV,238,1.0126,235.047,0.0097,Torridge at Torrington,Torridge,663,50.94693,-4.1373,249955,118564,EA-DC,VA
5,321,1.35,1.0579,50002,287.47,358.44,GEV,238,1.0126,235.047,0.0097,Torridge at Torrington,Torridge,663,50.94693,-4.1373,249955,118564,EA-DC,VA
10,383,1.61,1.0602,50002,341.54,429.5,GEV,238,1.0126,235.047,0.0097,Torridge at Torrington,Torridge,663,50.94693,-4.1373,249955,118564,EA-DC,VA
20,448,1.88,1.0644,50002,396.42,506.29,GEV,238,1.0126,235.047,0.0097,Torridge at Torrington,Torridge,663,50.94693,-4.1373,249955,118564,EA-DC,VA
30,489,2.05,1.0679,50002,429.92,556.2,GEV,238,1.0126,235.047,0.0097,Torridge at Torrington,Torridge,663,50.94693,-4.1373,249955,118564,EA-DC,VA
50,543,2.28,1.0734,50002,472.61,623.87,GEV,238,1.0126,235.047,0.0097,Torridge at Torrington,Torridge,663,50.94693,-4.1373,249955,118564,EA-DC,VA
75,589,2.47,1.0785,50002,507.91,683.03,GEV,238,1.0126,235.047,0.0097,Torridge at Torrington,Torridge,663,50.94693,-4.1373,249955,118564,EA-DC,VA
100,623,2.62,1.0826,50002,533.25,727.86,GEV,238,1.0126,235.047,0.0097,Torridge at Torrington,Torridge,663,50.94693,-4.1373,249955,118564,EA-DC,VA
200,710,2.98,1.0938,50002,595.58,846.4,GEV,238,1.0126,235.047,0.0097,Torridge at Torrington,Torridge,663,50.94693,-4.1373,249955,118564,EA-DC,VA
500,837,3.52,1.1113,50002,680.61,1029.33,GEV,238,1.0126,235.047,0.0097,Torridge at Torrington,Torridge,663,50.94693,-4.1373,249955,118564,EA-DC,VA
1000,945,3.97,1.1263,50002,748.5,1193.09,GEV,238,1.0126,235.047,0.0097,Torridge at Torrington,Torridge,663,50.94693,-4.1373,249955,118564,EA-DC,VA
2,120,1,1.0505,50006,108.95,132.17,GEV,120,1.0086,118.981,0.0059,Mole at Woodleigh,Mole,327.5,50.97313,-3.90979,266011,121039,EA-DC,VA
5,158,1.31,1.0529,50006,142.82,174.8,GEV,120,1.0086,118.981,0.0059,Mole at Woodleigh,Mole,327.5,50.97313,-3.90979,266011,121039,EA-DC,VA
10,184,1.53,1.0561,50006,165.33,204.78,GEV,120,1.0086,118.981,0.0059,Mole at Woodleigh,Mole,327.5,50.97313,-3.90979,266011,121039,EA-DC,VA
20,210,1.75,1.0606,50006,187.13,235.67,GEV,120,1.0086,118.981,0.0059,Mole at Woodleigh,Mole,327.5,50.97313,-3.90979,266011,121039,EA-DC,VA
30,226,1.88,1.064,50006,200.13,255.22,GEV,120,1.0086,118.981,0.0059,Mole at Woodleigh,Mole,327.5,50.97313,-3.90979,266011,121039,EA-DC,VA
50,246,2.05,1.0691,50006,215.8,280.42,GEV,120,1.0086,118.981,0.0059,Mole at Woodleigh,Mole,327.5,50.97313,-3.90979,266011,121039,EA-DC,VA
75,262,2.18,1.0737,50006,227.91,301.18,GEV,120,1.0086,118.981,0.0059,Mole at Woodleigh,Mole,327.5,50.97313,-3.90979,266011,121039,EA-DC,VA
100,274,2.28,1.0773,50006,236.79,317.05,GEV,120,1.0086,118.981,0.0059,Mole at Woodleigh,Mole,327.5,50.97313,-3.90979,266011,121039,EA-DC,VA
200,303,2.52,1.0871,50006,257.25,356.89,GEV,120,1.0086,118.981,0.0059,Mole at Woodleigh,Mole,327.5,50.97313,-3.90979,266011,121039,EA-DC,VA
500,343,2.86,1.1022,50006,283.44,415.07,GEV,120,1.0086,118.981,0.0059,Mole at Woodleigh,Mole,327.5,50.97313,-3.90979,266011,121039,EA-DC,VA
1000,375,3.12,1.1151,50006,302.9,464.27,GEV,120,1.0086,118.981,0.0059,Mole at Woodleigh,Mole,327.5,50.97313,-3.90979,266011,121039,EA-DC,VA
2,13.1,1,1.0974,51001,10.92,15.72,GEV,13.1,1.0292,12.728,0.0155,Doniford Stream at Swill Bridge,Doniford Stream,75.8,51.17773,-3.30538,308848,142865,EA-WX,FV
5,19.1,1.46,1.101,51001,15.82,23.06,GEV,13.1,1.0292,12.728,0.0155,Doniford Stream at Swill Bridge,Doniford Stream,75.8,51.17773,-3.30538,308848,142865,EA-WX,FV
10,23.4,1.78,1.1055,51001,19.22,28.48,GEV,13.1,1.0292,12.728,0.0155,Doniford Stream at Swill Bridge,Doniford Stream,75.8,51.17773,-3.30538,308848,142865,EA-WX,FV
20,27.7,2.12,1.1115,51001,22.52,34.08,GEV,13.1,1.0292,12.728,0.0155,Doniford Stream at Swill Bridge,Doniford Stream,75.8,51.17773,-3.30538,308848,142865,EA-WX,FV
30,30.3,2.31,1.1159,51001,24.44,37.57,GEV,13.1,1.0292,12.728,0.0155,Doniford Stream at Swill Bridge,Doniford Stream,75.8,51.17773,-3.30538,308848,142865,EA-WX,FV
50,33.7,2.57,1.1222,51001,26.88,42.24,GEV,13.1,1.0292,12.728,0.0155,Doniford Stream at Swill Bridge,Doniford Stream,75.8,51.17773,-3.30538,308848,142865,EA-WX,FV
75,36.4,2.78,1.128,51001,28.75,46.09,GEV,13.1,1.0292,12.728,0.0155,Doniford Stream at Swill Bridge,Doniford Stream,75.8,51.17773,-3.30538,308848,142865,EA-WX,FV
100,38.4,2.93,1.1324,51001,30.09,49,GEV,13.1,1.0292,12.728,0.0155,Doniford Stream at Swill Bridge,Doniford Stream,75.8,51.17773,-3.30538,308848,142865,EA-WX,FV
200,43.4,3.31,1.1443,51001,33.32,56.52,GEV,13.1,1.0292,12.728,0.0155,Doniford Stream at Swill Bridge,Doniford Stream,75.8,51.17773,-3.30538,308848,142865,EA-WX,FV
500,50.4,3.85,1.1626,51001,37.51,67.71,GEV,13.1,1.0292,12.728,0.0155,Doniford Stream at Swill Bridge,Doniford Stream,75.8,51.17773,-3.30538,308848,142865,EA-WX,FV
1000,56.1,4.28,1.1782,51001,40.68,77.37,GEV,13.1,1.0292,12.728,0.0155,Doniford Stream at Swill Bridge,Doniford Stream,75.8,51.17773,-3.30538,308848,142865,EA-WX,FV
2,6.27,1,1.0676,51003,5.52,7.13,GEV,6.27,1.0076,6.223,0.0047,Washford at Beggearn Huish,Washford,36.3,51.14645,-3.37369,304008,139474,EA-WX,FV
5,8.98,1.43,1.0685,51003,7.89,10.23,GEV,6.27,1.0076,6.223,0.0047,Washford at Beggearn Huish,Washford,36.3,51.14645,-3.37369,304008,139474,EA-WX,FV
10,10.8,1.72,1.0709,51003,9.44,12.35,GEV,6.27,1.0076,6.223,0.0047,Washford at Beggearn Huish,Washford,36.3,51.14645,-3.37369,304008,139474,EA-WX,FV
20,12.6,2,1.0747,51003,10.94,14.51,GEV,6.27,1.0076,6.223,0.0047,Washford at Beggearn Huish,Washford,36.3,51.14645,-3.37369,304008,139474,EA-WX,FV
30,13.6,2.16,1.0777,51003,11.74,15.75,GEV,6.27,1.0076,6.223,0.0047,Washford at Beggearn Huish,Washford,36.3,51.14645,-3.37369,304008,139474,EA-WX,FV
50,14.8,2.37,1.0823,51003,12.67,17.28,GEV,6.27,1.0076,6.223,0.0047,Washford at Beggearn Huish,Washford,36.3,51.14645,-3.37369,304008,139474,EA-WX,FV
75,15.9,2.53,1.0865,51003,13.51,18.71,GEV,6.27,1.0076,6.223,0.0047,Washford at Beggearn Huish,Washford,36.3,51.14645,-3.37369,304008,139474,EA-WX,FV
100,16.6,2.65,1.0898,51003,14.03,19.65,GEV,6.27,1.0076,6.223,0.0047,Washford at Beggearn Huish,Washford,36.3,51.14645,-3.37369,304008,139474,EA-WX,FV
200,18.3,2.92,1.0989,51003,15.21,22.02,GEV,6.27,1.0076,6.223,0.0047,Washford at Beggearn Huish,Washford,36.3,51.14645,-3.37369,304008,139474,EA-WX,FV
500,20.7,3.29,1.113,51003,16.78,25.53,GEV,6.27,1.0076,6.223,0.0047,Washford at Beggearn Huish,Washford,36.3,51.14645,-3.37369,304008,139474,EA-WX,FV
1000,22.4,3.58,1.1252,51003,17.78,28.23,GEV,6.27,1.0076,6.223,0.0047,Washford at Beggearn Huish,Washford,36.3,51.14645,-3.37369,304008,139474,EA-WX,FV
2,35.8,1,1.0891,52004,30.29,42.32,GEV,35.8,1.0498,34.102,0.0336,Isle at Ashford Mill,Isle,90.1,50.96492,-2.91197,336054,118785,EA-WX,C VA
5,50.4,1.41,1.0893,52004,42.62,59.6,GEV,35.8,1.0498,34.102,0.0336,Isle at Ashford Mill,Isle,90.1,50.96492,-2.91197,336054,118785,EA-WX,C VA
10,61.1,1.71,1.0909,52004,51.52,72.46,GEV,35.8,1.0498,34.102,0.0336,Isle at Ashford Mill,Isle,90.1,50.96492,-2.91197,336054,118785,EA-WX,C VA
20,72.1,2.01,1.0934,52004,60.52,85.89,GEV,35.8,1.0498,34.102,0.0336,Isle at Ashford Mill,Isle,90.1,50.96492,-2.91197,336054,118785,EA-WX,C VA
30,78.8,2.2,1.0954,52004,65.91,94.21,GEV,35.8,1.0498,34.102,0.0336,Isle at Ashford Mill,Isle,90.1,50.96492,-2.91197,336054,118785,EA-WX,C VA
50,87.7,2.45,1.0986,52004,72.94,105.45,GEV,35.8,1.0498,34.102,0.0336,Isle at Ashford Mill,Isle,90.1,50.96492,-2.91197,336054,118785,EA-WX,C VA
75,95,2.65,1.1015,52004,78.6,114.82,GEV,35.8,1.0498,34.102,0.0336,Isle at Ashford Mill,Isle,90.1,50.96492,-2.91197,336054,118785,EA-WX,C VA
100,100,2.8,1.1039,52004,82.39,121.38,GEV,35.8,1.0498,34.102,0.0336,Isle at Ashford Mill,Isle,90.1,50.96492,-2.91197,336054,118785,EA-WX,C VA
200,114,3.18,1.1104,52004,92.85,139.97,GEV,35.8,1.0498,34.102,0.0336,Isle at Ashford Mill,Isle,90.1,50.96492,-2.91197,336054,118785,EA-WX,C VA
500,133,3.72,1.1209,52004,106.34,166.34,GEV,35.8,1.0498,34.102,0.0336,Isle at Ashford Mill,Isle,90.1,50.96492,-2.91197,336054,118785,EA-WX,C VA
1000,149,4.17,1.1302,52004,117.22,189.4,GEV,35.8,1.0498,34.102,0.0336,Isle at Ashford Mill,Isle,90.1,50.96492,-2.91197,336054,118785,EA-WX,C VA
2,43.9,1,1.0496,52005,39.93,48.27,Gumbel,43.9,1.0389,42.258,0.0229,Tone at Bishops Hull,Tone,202,51.01907,-3.13371,320576,125023,EA-WX,C VA
5,60.2,1.37,1.05,52005,54.71,66.24,Gumbel,43.9,1.0389,42.258,0.0229,Tone at Bishops Hull,Tone,202,51.01907,-3.13371,320576,125023,EA-WX,C VA
10,71.1,1.62,1.0516,52005,64.42,78.47,Gumbel,43.9,1.0389,42.258,0.0229,Tone at Bishops Hull,Tone,202,51.01907,-3.13371,320576,125023,EA-WX,C VA
20,81.4,1.86,1.0544,52005,73.37,90.31,Gumbel,43.9,1.0389,42.258,0.0229,Tone at Bishops Hull,Tone,202,51.01907,-3.13371,320576,125023,EA-WX,C VA
30,87.4,1.99,1.0567,52005,78.45,97.38,Gumbel,43.9,1.0389,42.258,0.0229,Tone at Bishops Hull,Tone,202,51.01907,-3.13371,320576,125023,EA-WX,C VA
50,94.9,2.16,1.0603,52005,84.61,106.44,Gumbel,43.9,1.0389,42.258,0.0229,Tone at Bishops Hull,Tone,202,51.01907,-3.13371,320576,125023,EA-WX,C VA
75,101,2.3,1.0636,52005,89.5,113.97,Gumbel,43.9,1.0389,42.258,0.0229,Tone at Bishops Hull,Tone,202,51.01907,-3.13371,320576,125023,EA-WX,C VA
100,105,2.39,1.0663,52005,92.59,119.08,Gumbel,43.9,1.0389,42.258,0.0229,Tone at Bishops Hull,Tone,202,51.01907,-3.13371,320576,125023,EA-WX,C VA
200,115,2.62,1.0737,52005,100.04,132.2,Gumbel,43.9,1.0389,42.258,0.0229,Tone at Bishops Hull,Tone,202,51.01907,-3.13371,320576,125023,EA-WX,C VA
500,128,2.92,1.0853,52005,109.03,150.28,Gumbel,43.9,1.0389,42.258,0.0229,Tone at Bishops Hull,Tone,202,51.01907,-3.13371,320576,125023,EA-WX,C VA
1000,138,3.15,1.0954,52005,115.43,164.98,Gumbel,43.9,1.0389,42.258,0.0229,Tone at Bishops Hull,Tone,202,51.01907,-3.13371,320576,125023,EA-WX,C VA
2,7.67,1,1.0326,52009,7.2,8.17,GEV,7.67,1.1441,6.704,0.0555,Sheppey at Fenny Castle,Sheppey,59.6,51.19166,-2.71919,349838,143850,EA-WX,C VA
5,10.9,1.42,1.0361,52009,10.17,11.68,GEV,7.67,1.1441,6.704,0.0555,Sheppey at Fenny Castle,Sheppey,59.6,51.19166,-2.71919,349838,143850,EA-WX,C VA
10,12.9,1.68,1.041,52009,11.92,13.96,GEV,7.67,1.1441,6.704,0.0555,Sheppey at Fenny Castle,Sheppey,59.6,51.19166,-2.71919,349838,143850,EA-WX,C VA
20,14.8,1.93,1.0475,52009,13.51,16.21,GEV,7.67,1.1441,6.704,0.0555,Sheppey at Fenny Castle,Sheppey,59.6,51.19166,-2.71919,349838,143850,EA-WX,C VA
30,15.8,2.06,1.0519,52009,14.31,17.45,GEV,7.67,1.1441,6.704,0.0555,Sheppey at Fenny Castle,Sheppey,59.6,51.19166,-2.71919,349838,143850,EA-WX,C VA
50,17.1,2.23,1.058,52009,15.31,19.1,GEV,7.67,1.1441,6.704,0.0555,Sheppey at Fenny Castle,Sheppey,59.6,51.19166,-2.71919,349838,143850,EA-WX,C VA
75,18.1,2.36,1.0634,52009,16.05,20.42,GEV,7.67,1.1441,6.704,0.0555,Sheppey at Fenny Castle,Sheppey,59.6,51.19166,-2.71919,349838,143850,EA-WX,C VA
100,18.7,2.44,1.0674,52009,16.46,21.25,GEV,7.67,1.1441,6.704,0.0555,Sheppey at Fenny Castle,Sheppey,59.6,51.19166,-2.71919,349838,143850,EA-WX,C VA
200,20.3,2.65,1.0778,52009,17.53,23.51,GEV,7.67,1.1441,6.704,0.0555,Sheppey at Fenny Castle,Sheppey,59.6,51.19166,-2.71919,349838,143850,EA-WX,C VA
500,22.3,2.91,1.0929,52009,18.74,26.54,GEV,7.67,1.1441,6.704,0.0555,Sheppey at Fenny Castle,Sheppey,59.6,51.19166,-2.71919,349838,143850,EA-WX,C VA
1000,23.8,3.1,1.1054,52009,19.56,28.97,GEV,7.67,1.1441,6.704,0.0555,Sheppey at Fenny Castle,Sheppey,59.6,51.19166,-2.71919,349838,143850,EA-WX,C VA
2,37.6,1,1.0977,52010,31.32,45.14,GEV,37.6,1.0204,36.849,0.0123,Brue at Lovington,Brue,135.2,51.08365,-2.5868,358994,131756,EA-WX,C VA
5,55.3,1.47,1.0981,52010,46.03,66.43,GEV,37.6,1.0204,36.849,0.0123,Brue at Lovington,Brue,135.2,51.08365,-2.5868,358994,131756,EA-WX,C VA
10,68.3,1.82,1.1001,52010,56.65,82.34,GEV,37.6,1.0204,36.849,0.0123,Brue at Lovington,Brue,135.2,51.08365,-2.5868,358994,131756,EA-WX,C VA
20,81.8,2.18,1.1039,52010,67.39,99.29,GEV,37.6,1.0204,36.849,0.0123,Brue at Lovington,Brue,135.2,51.08365,-2.5868,358994,131756,EA-WX,C VA
30,90.1,2.4,1.107,52010,73.82,109.96,GEV,37.6,1.0204,36.849,0.0123,Brue at Lovington,Brue,135.2,51.08365,-2.5868,358994,131756,EA-WX,C VA
50,101,2.69,1.1119,52010,82.04,124.34,GEV,37.6,1.0204,36.849,0.0123,Brue at Lovington,Brue,135.2,51.08365,-2.5868,358994,131756,EA-WX,C VA
75,110,2.93,1.1165,52010,88.63,136.52,GEV,37.6,1.0204,36.849,0.0123,Brue at Lovington,Brue,135.2,51.08365,-2.5868,358994,131756,EA-WX,C VA
100,117,3.11,1.1202,52010,93.66,146.15,GEV,37.6,1.0204,36.849,0.0123,Brue at Lovington,Brue,135.2,51.08365,-2.5868,358994,131756,EA-WX,C VA
200,134,3.56,1.1304,52010,105.38,170.39,GEV,37.6,1.0204,36.849,0.0123,Brue at Lovington,Brue,135.2,51.08365,-2.5868,358994,131756,EA-WX,C VA
500,159,4.22,1.1468,52010,121.56,207.97,GEV,37.6,1.0204,36.849,0.0123,Brue at Lovington,Brue,135.2,51.08365,-2.5868,358994,131756,EA-WX,C VA
1000,179,4.76,1.161,52010,133.59,239.84,GEV,37.6,1.0204,36.849,0.0123,Brue at Lovington,Brue,135.2,51.08365,-2.5868,358994,131756,EA-WX,C VA
2,21.4,1,1.1241,53004,17.02,26.91,Kappa3,21.4,1.0342,20.693,0.0174,Chew at Compton Dando,Chew,129.5,51.38046,-2.50715,364801,164723,EA-WX,FL
5,30.2,1.41,1.1245,53004,24,38.01,Kappa3,21.4,1.0342,20.693,0.0174,Chew at Compton Dando,Chew,129.5,51.38046,-2.50715,364801,164723,EA-WX,FL
10,36.5,1.71,1.1261,53004,28.92,46.07,Kappa3,21.4,1.0342,20.693,0.0174,Chew at Compton Dando,Chew,129.5,51.38046,-2.50715,364801,164723,EA-WX,FL
20,43.2,2.02,1.1289,53004,34.06,54.79,Kappa3,21.4,1.0342,20.693,0.0174,Chew at Compton Dando,Chew,129.5,51.38046,-2.50715,364801,164723,EA-WX,FL
30,47.3,2.21,1.1312,53004,37.15,60.23,Kappa3,21.4,1.0342,20.693,0.0174,Chew at Compton Dando,Chew,129.5,51.38046,-2.50715,364801,164723,EA-WX,FL
50,52.8,2.47,1.1348,53004,41.21,67.65,Kappa3,21.4,1.0342,20.693,0.0174,Chew at Compton Dando,Chew,129.5,51.38046,-2.50715,364801,164723,EA-WX,FL
75,57.5,2.69,1.1383,53004,44.61,74.12,Kappa3,21.4,1.0342,20.693,0.0174,Chew at Compton Dando,Chew,129.5,51.38046,-2.50715,364801,164723,EA-WX,FL
100,60.9,2.85,1.1411,53004,47.02,78.88,Kappa3,21.4,1.0342,20.693,0.0174,Chew at Compton Dando,Chew,129.5,51.38046,-2.50715,364801,164723,EA-WX,FL
200,69.8,3.26,1.149,53004,53.17,91.64,Kappa3,21.4,1.0342,20.693,0.0174,Chew at Compton Dando,Chew,129.5,51.38046,-2.50715,364801,164723,EA-WX,FL
500,82.8,3.87,1.162,53004,61.69,111.13,Kappa3,21.4,1.0342,20.693,0.0174,Chew at Compton Dando,Chew,129.5,51.38046,-2.50715,364801,164723,EA-WX,FL
1000,93.9,4.39,1.1736,53004,68.61,128.51,Kappa3,21.4,1.0342,20.693,0.0174,Chew at Compton Dando,Chew,129.5,51.38046,-2.50715,364801,164723,EA-WX,FL
2,30.8,1,1.0582,53006,27.57,34.41,GEV,30.8,1.2147,25.357,0.17,Frome (Bristol) at Frenchay,Frome (Bristol),148.9,51.49259,-2.52349,363753,177202,EA-WX,FL
5,40.7,1.32,1.0604,53006,36.28,45.66,GEV,30.8,1.2147,25.357,0.17,Frome (Bristol) at Frenchay,Frome (Bristol),148.9,51.49259,-2.52349,363753,177202,EA-WX,FL
10,47.8,1.55,1.0634,53006,42.37,53.92,GEV,30.8,1.2147,25.357,0.17,Frome (Bristol) at Frenchay,Frome (Bristol),148.9,51.49259,-2.52349,363753,177202,EA-WX,FL
20,55.2,1.79,1.0676,53006,48.56,62.75,GEV,30.8,1.2147,25.357,0.17,Frome (Bristol) at Frenchay,Frome (Bristol),148.9,51.49259,-2.52349,363753,177202,EA-WX,FL
30,59.6,1.94,1.0706,53006,52.14,68.13,GEV,30.8,1.2147,25.357,0.17,Frome (Bristol) at Frenchay,Frome (Bristol),148.9,51.49259,-2.52349,363753,177202,EA-WX,FL
50,65.5,2.13,1.0749,53006,56.85,75.46,GEV,30.8,1.2147,25.357,0.17,Frome (Bristol) at Frenchay,Frome (Bristol),148.9,51.49259,-2.52349,363753,177202,EA-WX,FL
75,70.3,2.28,1.0789,53006,60.58,81.58,GEV,30.8,1.2147,25.357,0.17,Frome (Bristol) at Frenchay,Frome (Bristol),148.9,51.49259,-2.52349,363753,177202,EA-WX,FL
100,73.8,2.4,1.0819,53006,63.25,86.11,GEV,30.8,1.2147,25.357,0.17,Frome (Bristol) at Frenchay,Frome (Bristol),148.9,51.49259,-2.52349,363753,177202,EA-WX,FL
200,82.6,2.68,1.0901,53006,69.75,97.82,GEV,30.8,1.2147,25.357,0.17,Frome (Bristol) at Frenchay,Frome (Bristol),148.9,51.49259,-2.52349,363753,177202,EA-WX,FL
500,95.2,3.09,1.1027,53006,78.6,115.31,GEV,30.8,1.2147,25.357,0.17,Frome (Bristol) at Frenchay,Frome (Bristol),148.9,51.49259,-2.52349,363753,177202,EA-WX,FL
1000,105,3.42,1.1134,53006,85.07,129.61,GEV,30.8,1.2147,25.357,0.17,Frome (Bristol) at Frenchay,Frome (Bristol),148.9,51.49259,-2.52349,363753,177202,EA-WX,FL
2,58.8,1,1.0961,53007,49.12,70.39,Gumbel,58.8,1.0452,56.257,0.024,Frome (Somerset) at Tellisford,Frome (Somerset),261.6,51.30662,-2.28085,380519,156427,EA-WX,FL
5,80.8,1.37,1.0978,53007,67.3,97.01,Gumbel,58.8,1.0452,56.257,0.024,Frome (Somerset) at Tellisford,Frome (Somerset),261.6,51.30662,-2.28085,380519,156427,EA-WX,FL
10,95.4,1.62,1.1003,53007,79.1,115.06,Gumbel,58.8,1.0452,56.257,0.024,Frome (Somerset) at Tellisford,Frome (Somerset),261.6,51.30662,-2.28085,380519,156427,EA-WX,FL
20,109,1.86,1.1039,53007,89.8,132.3,Gumbel,58.8,1.0452,56.257,0.024,Frome (Somerset) at Tellisford,Frome (Somerset),261.6,51.30662,-2.28085,380519,156427,EA-WX,FL
30,117,2,1.1065,53007,95.95,142.67,Gumbel,58.8,1.0452,56.257,0.024,Frome (Somerset) at Tellisford,Frome (Somerset),261.6,51.30662,-2.28085,380519,156427,EA-WX,FL
50,128,2.17,1.1105,53007,104.23,157.19,Gumbel,58.8,1.0452,56.257,0.024,Frome (Somerset) at Tellisford,Frome (Somerset),261.6,51.30662,-2.28085,380519,156427,EA-WX,FL
75,135,2.3,1.1142,53007,109.22,166.87,Gumbel,58.8,1.0452,56.257,0.024,Frome (Somerset) at Tellisford,Frome (Somerset),261.6,51.30662,-2.28085,380519,156427,EA-WX,FL
100,141,2.4,1.1171,53007,113.49,175.18,Gumbel,58.8,1.0452,56.257,0.024,Frome (Somerset) at Tellisford,Frome (Somerset),261.6,51.30662,-2.28085,380519,156427,EA-WX,FL
200,155,2.63,1.125,53007,123.05,195.25,Gumbel,58.8,1.0452,56.257,0.024,Frome (Somerset) at Tellisford,Frome (Somerset),261.6,51.30662,-2.28085,380519,156427,EA-WX,FL
500,172,2.93,1.1375,53007,133.62,221.41,Gumbel,58.8,1.0452,56.257,0.024,Frome (Somerset) at Tellisford,Frome (Somerset),261.6,51.30662,-2.28085,380519,156427,EA-WX,FL
1000,186,3.16,1.1485,53007,141.79,243.99,Gumbel,58.8,1.0452,56.257,0.024,Frome (Somerset) at Tellisford,Frome (Somerset),261.6,51.30662,-2.28085,380519,156427,EA-WX,FL
2,39.2,1,1.0898,53008,33.12,46.4,Gumbel,39.2,1.0308,38.027,0.0132,Avon at Great Somerford,Avon,303,51.54867,-2.05211,396483,183310,EA-WX,CC
5,54.2,1.38,1.0917,53008,45.64,64.37,Gumbel,39.2,1.0308,38.027,0.0132,Avon at Great Somerford,Avon,303,51.54867,-2.05211,396483,183310,EA-WX,CC
10,64.1,1.64,1.0947,53008,53.68,76.54,Gumbel,39.2,1.0308,38.027,0.0132,Avon at Great Somerford,Avon,303,51.54867,-2.05211,396483,183310,EA-WX,CC
20,73.6,1.88,1.0989,53008,61.18,88.54,Gumbel,39.2,1.0308,38.027,0.0132,Avon at Great Somerford,Avon,303,51.54867,-2.05211,396483,183310,EA-WX,CC
30,79.1,2.02,1.102,53008,65.39,95.69,Gumbel,39.2,1.0308,38.027,0.0132,Avon at Great Somerford,Avon,303,51.54867,-2.05211,396483,183310,EA-WX,CC
50,86,2.19,1.1066,53008,70.51,104.89,Gumbel,39.2,1.0308,38.027,0.0132,Avon at Great Somerford,Avon,303,51.54867,-2.05211,396483,183310,EA-WX,CC
75,91.4,2.33,1.1107,53008,74.4,112.28,Gumbel,39.2,1.0308,38.027,0.0132,Avon at Great Somerford,Avon,303,51.54867,-2.05211,396483,183310,EA-WX,CC
100,95.2,2.43,1.1139,53008,77.06,117.61,Gumbel,39.2,1.0308,38.027,0.0132,Avon at Great Somerford,Avon,303,51.54867,-2.05211,396483,183310,EA-WX,CC
200,104,2.66,1.1227,53008,82.89,130.48,Gumbel,39.2,1.0308,38.027,0.0132,Avon at Great Somerford,Avon,303,51.54867,-2.05211,396483,183310,EA-WX,CC
500,117,2.97,1.1362,53008,91.09,150.27,Gumbel,39.2,1.0308,38.027,0.0132,Avon at Great Somerford,Avon,303,51.54867,-2.05211,396483,183310,EA-WX,CC
1000,126,3.21,1.1477,53008,96.18,165.06,Gumbel,39.2,1.0308,38.027,0.0132,Avon at Great Somerford,Avon,303,51.54867,-2.05211,396483,183310,EA-WX,CC
2,13.5,1,1.0477,53009,12.32,14.79,GEV,13.5,1.16,11.638,0.0645,Wellow Brook at Wellow,Wellow Brook,72.6,51.32046,-2.37401,374033,157995,EA-WX,FL
5,19.6,1.45,1.0503,53009,17.8,21.58,GEV,13.5,1.16,11.638,0.0645,Wellow Brook at Wellow,Wellow Brook,72.6,51.32046,-2.37401,374033,157995,EA-WX,FL
10,23.8,1.76,1.0547,53009,21.44,26.42,GEV,13.5,1.16,11.638,0.0645,Wellow Brook at Wellow,Wellow Brook,72.6,51.32046,-2.37401,374033,157995,EA-WX,FL
20,28,2.07,1.0607,53009,24.95,31.43,GEV,13.5,1.16,11.638,0.0645,Wellow Brook at Wellow,Wellow Brook,72.6,51.32046,-2.37401,374033,157995,EA-WX,FL
30,30.4,2.26,1.0651,53009,26.87,34.4,GEV,13.5,1.16,11.638,0.0645,Wellow Brook at Wellow,Wellow Brook,72.6,51.32046,-2.37401,374033,157995,EA-WX,FL
50,33.6,2.49,1.0714,53009,29.35,38.46,GEV,13.5,1.16,11.638,0.0645,Wellow Brook at Wellow,Wellow Brook,72.6,51.32046,-2.37401,374033,157995,EA-WX,FL
75,36.1,2.67,1.077,53009,31.22,41.75,GEV,13.5,1.16,11.638,0.0645,Wellow Brook at Wellow,Wellow Brook,72.6,51.32046,-2.37401,374033,157995,EA-WX,FL
100,37.9,2.81,1.0812,53009,32.52,44.17,GEV,13.5,1.16,11.638,0.0645,Wellow Brook at Wellow,Wellow Brook,72.6,51.32046,-2.37401,374033,157995,EA-WX,FL
200,42.3,3.14,1.0924,53009,35.57,50.3,GEV,13.5,1.16,11.638,0.0645,Wellow Brook at Wellow,Wellow Brook,72.6,51.32046,-2.37401,374033,157995,EA-WX,FL
500,48.4,3.58,1.1091,53009,39.51,59.29,GEV,13.5,1.16,11.638,0.0645,Wellow Brook at Wellow,Wellow Brook,72.6,51.32046,-2.37401,374033,157995,EA-WX,FL
1000,53.1,3.94,1.123,53009,42.3,66.66,GEV,13.5,1.16,11.638,0.0645,Wellow Brook at Wellow,Wellow Brook,72.6,51.32046,-2.37401,374033,157995,EA-WX,FL
2,13.9,1,1.0969,53013,11.6,16.66,Gumbel,13.9,1.0738,12.945,0.036,Marden at Stanley,Marden,99.2,51.45568,-2.06564,395536,172969,EA-WX,FL
5,20,1.44,1.0968,53013,16.69,23.97,Gumbel,13.9,1.0738,12.945,0.036,Marden at Stanley,Marden,99.2,51.45568,-2.06564,395536,172969,EA-WX,FL
10,24.1,1.73,1.098,53013,20.06,28.95,Gumbel,13.9,1.0738,12.945,0.036,Marden at Stanley,Marden,99.2,51.45568,-2.06564,395536,172969,EA-WX,FL
20,28,2.01,1.1004,53013,23.21,33.78,Gumbel,13.9,1.0738,12.945,0.036,Marden at Stanley,Marden,99.2,51.45568,-2.06564,395536,172969,EA-WX,FL
30,30.2,2.18,1.1025,53013,24.94,36.57,Gumbel,13.9,1.0738,12.945,0.036,Marden at Stanley,Marden,99.2,51.45568,-2.06564,395536,172969,EA-WX,FL
50,33,2.38,1.1058,53013,27.1,40.19,Gumbel,13.9,1.0738,12.945,0.036,Marden at Stanley,Marden,99.2,51.45568,-2.06564,395536,172969,EA-WX,FL
75,35.3,2.54,1.1091,53013,28.82,43.24,Gumbel,13.9,1.0738,12.945,0.036,Marden at Stanley,Marden,99.2,51.45568,-2.06564,395536,172969,EA-WX,FL
100,36.8,2.65,1.1117,53013,29.9,45.29,Gumbel,13.9,1.0738,12.945,0.036,Marden at Stanley,Marden,99.2,51.45568,-2.06564,395536,172969,EA-WX,FL
200,40.6,2.92,1.1191,53013,32.56,50.62,Gumbel,13.9,1.0738,12.945,0.036,Marden at Stanley,Marden,99.2,51.45568,-2.06564,395536,172969,EA-WX,FL
500,45.6,3.28,1.1311,53013,35.82,58.05,Gumbel,13.9,1.0738,12.945,0.036,Marden at Stanley,Marden,99.2,51.45568,-2.06564,395536,172969,EA-WX,FL
1000,49.3,3.55,1.1418,53013,38.02,63.93,Gumbel,13.9,1.0738,12.945,0.036,Marden at Stanley,Marden,99.2,51.45568,-2.06564,395536,172969,EA-WX,FL
2,13.9,1,1.0755,53017,12.05,16.03,GEV,13.9,1.0381,13.39,0.0231,Boyd at Bitton,Boyd,47.9,51.4269,-2.45961,368142,169866,EA-WX,FV
5,20.7,1.49,1.0773,53017,17.89,23.95,GEV,13.9,1.0381,13.39,0.0231,Boyd at Bitton,Boyd,47.9,51.4269,-2.45961,368142,169866,EA-WX,FV
10,25.4,1.82,1.08,53017,21.84,29.54,GEV,13.9,1.0381,13.39,0.0231,Boyd at Bitton,Boyd,47.9,51.4269,-2.45961,368142,169866,EA-WX,FV
20,30,2.16,1.0837,53017,25.63,35.12,GEV,13.9,1.0381,13.39,0.0231,Boyd at Bitton,Boyd,47.9,51.4269,-2.45961,368142,169866,EA-WX,FV
30,32.7,2.35,1.0864,53017,27.8,38.47,GEV,13.9,1.0381,13.39,0.0231,Boyd at Bitton,Boyd,47.9,51.4269,-2.45961,368142,169866,EA-WX,FV
50,36.2,2.6,1.0904,53017,30.55,42.89,GEV,13.9,1.0381,13.39,0.0231,Boyd at Bitton,Boyd,47.9,51.4269,-2.45961,368142,169866,EA-WX,FV
75,39,2.81,1.094,53017,32.7,46.51,GEV,13.9,1.0381,13.39,0.0231,Boyd at Bitton,Boyd,47.9,51.4269,-2.45961,368142,169866,EA-WX,FV
100,41,2.95,1.0968,53017,34.21,49.14,GEV,13.9,1.0381,13.39,0.0231,Boyd at Bitton,Boyd,47.9,51.4269,-2.45961,368142,169866,EA-WX,FV
200,46,3.31,1.1044,53017,37.86,55.88,GEV,13.9,1.0381,13.39,0.0231,Boyd at Bitton,Boyd,47.9,51.4269,-2.45961,368142,169866,EA-WX,FV
500,52.7,3.79,1.1161,53017,42.49,65.36,GEV,13.9,1.0381,13.39,0.0231,Boyd at Bitton,Boyd,47.9,51.4269,-2.45961,368142,169866,EA-WX,FV
1000,58,4.17,1.1262,53017,45.95,73.21,GEV,13.9,1.0381,13.39,0.0231,Boyd at Bitton,Boyd,47.9,51.4269,-2.45961,368142,169866,EA-WX,FV
2,167,1,1.0423,53018,153.98,181.13,GEV,167,1.0756,155.256,0.0367,Avon at Bathford,Avon,1552,51.40183,-2.30998,378533,167023,EA-WX,IV
5,218,1.31,1.0441,53018,200.32,237.24,GEV,167,1.0756,155.256,0.0367,Avon at Bathford,Avon,1552,51.40183,-2.30998,378533,167023,EA-WX,IV
10,252,1.51,1.0465,53018,230.52,275.48,GEV,167,1.0756,155.256,0.0367,Avon at Bathford,Avon,1552,51.40183,-2.30998,378533,167023,EA-WX,IV
20,284,1.7,1.0501,53018,258.05,312.56,GEV,167,1.0756,155.256,0.0367,Avon at Bathford,Avon,1552,51.40183,-2.30998,378533,167023,EA-WX,IV
30,303,1.81,1.0528,53018,273.93,335.15,GEV,167,1.0756,155.256,0.0367,Avon at Bathford,Avon,1552,51.40183,-2.30998,378533,167023,EA-WX,IV
50,326,1.95,1.0568,53018,292.54,363.28,GEV,167,1.0756,155.256,0.0367,Avon at Bathford,Avon,1552,51.40183,-2.30998,378533,167023,EA-WX,IV
75,345,2.06,1.0605,53018,307.48,387.1,GEV,167,1.0756,155.256,0.0367,Avon at Bathford,Avon,1552,51.40183,-2.30998,378533,167023,EA-WX,IV
100,358,2.14,1.0633,53018,317.42,403.76,GEV,167,1.0756,155.256,0.0367,Avon at Bathford,Avon,1552,51.40183,-2.30998,378533,167023,EA-WX,IV
200,389,2.33,1.0711,53018,340,445.06,GEV,167,1.0756,155.256,0.0367,Avon at Bathford,Avon,1552,51.40183,-2.30998,378533,167023,EA-WX,IV
500,430,2.57,1.0829,53018,367.85,502.65,GEV,167,1.0756,155.256,0.0367,Avon at Bathford,Avon,1552,51.40183,-2.30998,378533,167023,EA-WX,IV
1000,461,2.76,1.0931,53018,387.19,548.88,GEV,167,1.0756,155.256,0.0367,Avon at Bathford,Avon,1552,51.40183,-2.30998,378533,167023,EA-WX,IV
2,7.4,1,1.0588,53023,6.62,8.28,Kappa3,7.4,1.0301,7.184,0.0097,Sherston Avon at Fosseway,Sherston Avon,89.7,51.58203,-2.15814,389139,187031,EA-WX,FV
5,10.6,1.43,1.0622,53023,9.42,11.93,Kappa3,7.4,1.0301,7.184,0.0097,Sherston Avon at Fosseway,Sherston Avon,89.7,51.58203,-2.15814,389139,187031,EA-WX,FV
10,12.8,1.72,1.0662,53023,11.29,14.51,Kappa3,7.4,1.0301,7.184,0.0097,Sherston Avon at Fosseway,Sherston Avon,89.7,51.58203,-2.15814,389139,187031,EA-WX,FV
20,15,2.03,1.0716,53023,13.1,17.18,Kappa3,7.4,1.0301,7.184,0.0097,Sherston Avon at Fosseway,Sherston Avon,89.7,51.58203,-2.15814,389139,187031,EA-WX,FV
30,16.4,2.22,1.0753,53023,14.22,18.91,Kappa3,7.4,1.0301,7.184,0.0097,Sherston Avon at Fosseway,Sherston Avon,89.7,51.58203,-2.15814,389139,187031,EA-WX,FV
50,18.2,2.46,1.0807,53023,15.63,21.19,Kappa3,7.4,1.0301,7.184,0.0097,Sherston Avon at Fosseway,Sherston Avon,89.7,51.58203,-2.15814,389139,187031,EA-WX,FV
75,19.7,2.66,1.0856,53023,16.77,23.14,Kappa3,7.4,1.0301,7.184,0.0097,Sherston Avon at Fosseway,Sherston Avon,89.7,51.58203,-2.15814,389139,187031,EA-WX,FV
100,20.8,2.81,1.0893,53023,17.59,24.6,Kappa3,7.4,1.0301,7.184,0.0097,Sherston Avon at Fosseway,Sherston Avon,89.7,51.58203,-2.15814,389139,187031,EA-WX,FV
200,23.5,3.18,1.0991,53023,19.53,28.28,Kappa3,7.4,1.0301,7.184,0.0097,Sherston Avon at Fosseway,Sherston Avon,89.7,51.58203,-2.15814,389139,187031,EA-WX,FV
500,27.5,3.72,1.114,53023,22.26,33.98,Kappa3,7.4,1.0301,7.184,0.0097,Sherston Avon at Fosseway,Sherston Avon,89.7,51.58203,-2.15814,389139,187031,EA-WX,FV
1000,30.8,4.16,1.1266,53023,24.38,38.91,Kappa3,7.4,1.0301,7.184,0.0097,Sherston Avon at Fosseway,Sherston Avon,89.7,51.58203,-2.15814,389139,187031,EA-WX,FV
2,12.1,1,1.0514,53026,10.97,13.35,GEV,12.1,1.1034,10.966,0.0794,Frome (Bristol) at Frampton Cotterell,Frome (Bristol),78.5,51.53774,-2.48105,366732,182203,EA-WX,C
5,16.1,1.33,1.0532,53026,14.54,17.82,GEV,12.1,1.1034,10.966,0.0794,Frome (Bristol) at Frampton Cotterell,Frome (Bristol),78.5,51.53774,-2.48105,366732,182203,EA-WX,C
10,19,1.57,1.0562,53026,17.07,21.15,GEV,12.1,1.1034,10.966,0.0794,Frome (Bristol) at Frampton Cotterell,Frome (Bristol),78.5,51.53774,-2.48105,366732,182203,EA-WX,C
20,22,1.82,1.0608,53026,19.6,24.7,GEV,12.1,1.1034,10.966,0.0794,Frome (Bristol) at Frampton Cotterell,Frome (Bristol),78.5,51.53774,-2.48105,366732,182203,EA-WX,C
30,23.8,1.97,1.0643,53026,21.06,26.89,GEV,12.1,1.1034,10.966,0.0794,Frome (Bristol) at Frampton Cotterell,Frome (Bristol),78.5,51.53774,-2.48105,366732,182203,EA-WX,C
50,26.2,2.16,1.0696,53026,22.96,29.89,GEV,12.1,1.1034,10.966,0.0794,Frome (Bristol) at Frampton Cotterell,Frome (Bristol),78.5,51.53774,-2.48105,366732,182203,EA-WX,C
75,28.1,2.33,1.0744,53026,24.41,32.34,GEV,12.1,1.1034,10.966,0.0794,Frome (Bristol) at Frampton Cotterell,Frome (Bristol),78.5,51.53774,-2.48105,366732,182203,EA-WX,C
100,29.6,2.44,1.0782,53026,25.54,34.31,GEV,12.1,1.1034,10.966,0.0794,Frome (Bristol) at Frampton Cotterell,Frome (Bristol),78.5,51.53774,-2.48105,366732,182203,EA-WX,C
200,33.2,2.74,1.0885,53026,28.12,39.2,GEV,12.1,1.1034,10.966,0.0794,Frome (Bristol) at Frampton Cotterell,Frome (Bristol),78.5,51.53774,-2.48105,366732,182203,EA-WX,C
500,38.4,3.17,1.1043,53026,31.61,46.64,GEV,12.1,1.1034,10.966,0.0794,Frome (Bristol) at Frampton Cotterell,Frome (Bristol),78.5,51.53774,-2.48105,366732,182203,EA-WX,C
1000,42.6,3.52,1.1177,53026,34.25,52.98,GEV,12.1,1.1034,10.966,0.0794,Frome (Bristol) at Frampton Cotterell,Frome (Bristol),78.5,51.53774,-2.48105,366732,182203,EA-WX,C
2,10.7,1,1.0745,53028,9.29,12.32,Kappa3,10.7,1.0495,10.195,0.0154,By Brook at Middlehill,By Brook,102,51.41796,-2.26875,381408,168806,EA-WX,FV
5,15.1,1.41,1.0761,53028,13.08,17.43,Kappa3,10.7,1.0495,10.195,0.0154,By Brook at Middlehill,By Brook,102,51.41796,-2.26875,381408,168806,EA-WX,FV
10,18.2,1.7,1.0795,53028,15.67,21.14,Kappa3,10.7,1.0495,10.195,0.0154,By Brook at Middlehill,By Brook,102,51.41796,-2.26875,381408,168806,EA-WX,FV
20,21.3,1.99,1.0842,53028,18.18,24.96,Kappa3,10.7,1.0495,10.195,0.0154,By Brook at Middlehill,By Brook,102,51.41796,-2.26875,381408,168806,EA-WX,FV
30,23.1,2.16,1.0877,53028,19.59,27.24,Kappa3,10.7,1.0495,10.195,0.0154,By Brook at Middlehill,By Brook,102,51.41796,-2.26875,381408,168806,EA-WX,FV
50,25.6,2.39,1.0928,53028,21.51,30.46,Kappa3,10.7,1.0495,10.195,0.0154,By Brook at Middlehill,By Brook,102,51.41796,-2.26875,381408,168806,EA-WX,FV
75,27.5,2.57,1.0974,53028,22.92,32.99,Kappa3,10.7,1.0495,10.195,0.0154,By Brook at Middlehill,By Brook,102,51.41796,-2.26875,381408,168806,EA-WX,FV
100,29,2.71,1.1009,53028,24.02,35.01,Kappa3,10.7,1.0495,10.195,0.0154,By Brook at Middlehill,By Brook,102,51.41796,-2.26875,381408,168806,EA-WX,FV
200,32.6,3.05,1.1104,53028,26.55,40.03,Kappa3,10.7,1.0495,10.195,0.0154,By Brook at Middlehill,By Brook,102,51.41796,-2.26875,381408,168806,EA-WX,FV
500,37.8,3.53,1.1247,53028,30.02,47.59,Kappa3,10.7,1.0495,10.195,0.0154,By Brook at Middlehill,By Brook,102,51.41796,-2.26875,381408,168806,EA-WX,FV
1000,41.9,3.92,1.1369,53028,32.58,53.88,Kappa3,10.7,1.0495,10.195,0.0154,By Brook at Middlehill,By Brook,102,51.41796,-2.26875,381408,168806,EA-WX,FV
2,12,1,1.0756,53029,10.4,13.84,Kappa3,12,1.1763,10.202,0.0914,Biss at Trowbridge,Biss,77.6,51.31995,-2.21037,385436,157893,EA-WX,FV
5,16.5,1.38,1.0773,53029,14.26,19.09,Kappa3,12,1.1763,10.202,0.0914,Biss at Trowbridge,Biss,77.6,51.31995,-2.21037,385436,157893,EA-WX,FV
10,19.8,1.65,1.0796,53029,17.04,23.01,Kappa3,12,1.1763,10.202,0.0914,Biss at Trowbridge,Biss,77.6,51.31995,-2.21037,385436,157893,EA-WX,FV
20,23.1,1.92,1.0832,53029,19.75,27.02,Kappa3,12,1.1763,10.202,0.0914,Biss at Trowbridge,Biss,77.6,51.31995,-2.21037,385436,157893,EA-WX,FV
30,25.1,2.09,1.086,53029,21.35,29.51,Kappa3,12,1.1763,10.202,0.0914,Biss at Trowbridge,Biss,77.6,51.31995,-2.21037,385436,157893,EA-WX,FV
50,27.8,2.32,1.0903,53029,23.47,32.93,Kappa3,12,1.1763,10.202,0.0914,Biss at Trowbridge,Biss,77.6,51.31995,-2.21037,385436,157893,EA-WX,FV
75,30,2.5,1.0943,53029,25.14,35.8,Kappa3,12,1.1763,10.202,0.0914,Biss at Trowbridge,Biss,77.6,51.31995,-2.21037,385436,157893,EA-WX,FV
100,31.6,2.64,1.0975,53029,26.33,37.92,Kappa3,12,1.1763,10.202,0.0914,Biss at Trowbridge,Biss,77.6,51.31995,-2.21037,385436,157893,EA-WX,FV
200,35.8,2.99,1.1063,53029,29.37,43.64,Kappa3,12,1.1763,10.202,0.0914,Biss at Trowbridge,Biss,77.6,51.31995,-2.21037,385436,157893,EA-WX,FV
500,41.9,3.49,1.1203,53029,33.54,52.35,Kappa3,12,1.1763,10.202,0.0914,Biss at Trowbridge,Biss,77.6,51.31995,-2.21037,385436,157893,EA-WX,FV
1000,46.9,3.91,1.1326,53029,36.74,59.86,Kappa3,12,1.1763,10.202,0.0914,Biss at Trowbridge,Biss,77.6,51.31995,-2.21037,385436,157893,EA-WX,FV
2,341,1,1.0239,54001,325.57,357.16,GEV,341,1.041,327.561,0.0241,Severn at Bewdley,Severn,4325,52.38303,-2.32127,378230,276160,EA-WM,US
5,427,1.25,1.025,54001,406.83,448.17,GEV,341,1.041,327.561,0.0241,Severn at Bewdley,Severn,4325,52.38303,-2.32127,378230,276160,EA-WM,US
10,482,1.41,1.0281,54001,456.52,508.9,GEV,341,1.041,327.561,0.0241,Severn at Bewdley,Severn,4325,52.38303,-2.32127,378230,276160,EA-WM,US
20,533,1.56,1.0329,54001,500.23,567.91,GEV,341,1.041,327.561,0.0241,Severn at Bewdley,Severn,4325,52.38303,-2.32127,378230,276160,EA-WM,US
30,561,1.65,1.0365,54001,522.93,601.84,GEV,341,1.041,327.561,0.0241,Severn at Bewdley,Severn,4325,52.38303,-2.32127,378230,276160,EA-WM,US
50,596,1.75,1.0418,54001,550.03,645.81,GEV,341,1.041,327.561,0.0241,Severn at Bewdley,Severn,4325,52.38303,-2.32127,378230,276160,EA-WM,US
75,623,1.83,1.0465,54001,569.9,681.05,GEV,341,1.041,327.561,0.0241,Severn at Bewdley,Severn,4325,52.38303,-2.32127,378230,276160,EA-WM,US
100,642,1.88,1.0501,54001,583.34,706.56,GEV,341,1.041,327.561,0.0241,Severn at Bewdley,Severn,4325,52.38303,-2.32127,378230,276160,EA-WM,US
200,686,2.01,1.0596,54001,612.42,768.43,GEV,341,1.041,327.561,0.0241,Severn at Bewdley,Severn,4325,52.38303,-2.32127,378230,276160,EA-WM,US
500,742,2.18,1.0739,54001,645.23,853.28,GEV,341,1.041,327.561,0.0241,Severn at Bewdley,Severn,4325,52.38303,-2.32127,378230,276160,EA-WM,US
1000,783,2.29,1.0858,54001,666.33,920.09,GEV,341,1.041,327.561,0.0241,Severn at Bewdley,Severn,4325,52.38303,-2.32127,378230,276160,EA-WM,US
2,177,1,1.0699,54002,155.05,202.06,GEV,177,1.0877,162.73,0.0666,Avon at Evesham,Avon,2210,52.092,-1.94293,404007,243741,EA-WM,VA
5,237,1.34,1.0719,54002,206.85,271.55,GEV,177,1.0877,162.73,0.0666,Avon at Evesham,Avon,2210,52.092,-1.94293,404007,243741,EA-WM,VA
10,275,1.55,1.0742,54002,239,316.42,GEV,177,1.0877,162.73,0.0666,Avon at Evesham,Avon,2210,52.092,-1.94293,404007,243741,EA-WM,VA
20,311,1.76,1.0771,54002,268.87,359.73,GEV,177,1.0877,162.73,0.0666,Avon at Evesham,Avon,2210,52.092,-1.94293,404007,243741,EA-WM,VA
30,332,1.87,1.0792,54002,285.93,385.49,GEV,177,1.0877,162.73,0.0666,Avon at Evesham,Avon,2210,52.092,-1.94293,404007,243741,EA-WM,VA
50,357,2.02,1.0822,54002,305.79,416.78,GEV,177,1.0877,162.73,0.0666,Avon at Evesham,Avon,2210,52.092,-1.94293,404007,243741,EA-WM,VA
75,377,2.13,1.0849,54002,321.35,442.29,GEV,177,1.0877,162.73,0.0666,Avon at Evesham,Avon,2210,52.092,-1.94293,404007,243741,EA-WM,VA
100,391,2.21,1.087,54002,332.02,460.45,GEV,177,1.0877,162.73,0.0666,Avon at Evesham,Avon,2210,52.092,-1.94293,404007,243741,EA-WM,VA
200,424,2.4,1.0928,54002,356.31,504.55,GEV,177,1.0877,162.73,0.0666,Avon at Evesham,Avon,2210,52.092,-1.94293,404007,243741,EA-WM,VA
500,467,2.64,1.1017,54002,386.25,564.63,GEV,177,1.0877,162.73,0.0666,Avon at Evesham,Avon,2210,52.092,-1.94293,404007,243741,EA-WM,VA
1000,499,2.82,1.1095,54002,407.05,611.72,GEV,177,1.0877,162.73,0.0666,Avon at Evesham,Avon,2210,52.092,-1.94293,404007,243741,EA-WM,VA
2,30.7,1,1.0638,54004,27.2,34.66,GenLog,30.7,1.3453,22.821,0.1964,Sowe at Stoneleigh,Sowe,262,52.35493,-1.51462,433155,273096,EA-WM,CC
5,42.4,1.38,1.0666,54004,37.37,48.11,GenLog,30.7,1.3453,22.821,0.1964,Sowe at Stoneleigh,Sowe,262,52.35493,-1.51462,433155,273096,EA-WM,CC
10,51,1.66,1.0706,54004,44.62,58.3,GenLog,30.7,1.3453,22.821,0.1964,Sowe at Stoneleigh,Sowe,262,52.35493,-1.51462,433155,273096,EA-WM,CC
20,60.4,1.97,1.0764,54004,52.28,69.78,GenLog,30.7,1.3453,22.821,0.1964,Sowe at Stoneleigh,Sowe,262,52.35493,-1.51462,433155,273096,EA-WM,CC
30,66.5,2.17,1.0806,54004,57.13,77.41,GenLog,30.7,1.3453,22.821,0.1964,Sowe at Stoneleigh,Sowe,262,52.35493,-1.51462,433155,273096,EA-WM,CC
50,74.7,2.43,1.0869,54004,63.44,87.95,GenLog,30.7,1.3453,22.821,0.1964,Sowe at Stoneleigh,Sowe,262,52.35493,-1.51462,433155,273096,EA-WM,CC
75,81.9,2.67,1.0927,54004,68.84,97.44,GenLog,30.7,1.3453,22.821,0.1964,Sowe at Stoneleigh,Sowe,262,52.35493,-1.51462,433155,273096,EA-WM,CC
100,87.4,2.85,1.0971,54004,72.88,104.81,GenLog,30.7,1.3453,22.821,0.1964,Sowe at Stoneleigh,Sowe,262,52.35493,-1.51462,433155,273096,EA-WM,CC
200,102,3.32,1.1089,54004,83.29,124.91,GenLog,30.7,1.3453,22.821,0.1964,Sowe at Stoneleigh,Sowe,262,52.35493,-1.51462,433155,273096,EA-WM,CC
500,125,4.07,1.1269,54004,98.9,157.98,GenLog,30.7,1.3453,22.821,0.1964,Sowe at Stoneleigh,Sowe,262,52.35493,-1.51462,433155,273096,EA-WM,CC
1000,145,4.73,1.142,54004,111.77,188.1,GenLog,30.7,1.3453,22.821,0.1964,Sowe at Stoneleigh,Sowe,262,52.35493,-1.51462,433155,273096,EA-WM,CC
2,304,1,1.0275,54005,288.26,320.6,GEV,304,1.0127,300.192,0.009,Severn at Montford,Severn,2025,52.72457,-2.87221,341190,314460,EA-WM,US
5,389,1.28,1.0288,54005,367.94,411.26,GEV,304,1.0127,300.192,0.009,Severn at Montford,Severn,2025,52.72457,-2.87221,341190,314460,EA-WM,US
10,443,1.46,1.0318,54005,416.64,471.03,GEV,304,1.0127,300.192,0.009,Severn at Montford,Severn,2025,52.72457,-2.87221,341190,314460,EA-WM,US
20,493,1.62,1.0363,54005,459.72,528.69,GEV,304,1.0127,300.192,0.009,Severn at Montford,Severn,2025,52.72457,-2.87221,341190,314460,EA-WM,US
30,521,1.71,1.0397,54005,482.72,562.31,GEV,304,1.0127,300.192,0.009,Severn at Montford,Severn,2025,52.72457,-2.87221,341190,314460,EA-WM,US
50,555,1.82,1.0445,54005,509.6,604.44,GEV,304,1.0127,300.192,0.009,Severn at Montford,Severn,2025,52.72457,-2.87221,341190,314460,EA-WM,US
75,581,1.91,1.0489,54005,529.1,637.99,GEV,304,1.0127,300.192,0.009,Severn at Montford,Severn,2025,52.72457,-2.87221,341190,314460,EA-WM,US
100,600,1.97,1.0522,54005,543.05,662.92,GEV,304,1.0127,300.192,0.009,Severn at Montford,Severn,2025,52.72457,-2.87221,341190,314460,EA-WM,US
200,643,2.11,1.0611,54005,572.44,722.26,GEV,304,1.0127,300.192,0.009,Severn at Montford,Severn,2025,52.72457,-2.87221,341190,314460,EA-WM,US
500,698,2.3,1.0743,54005,606.53,803.27,GEV,304,1.0127,300.192,0.009,Severn at Montford,Severn,2025,52.72457,-2.87221,341190,314460,EA-WM,US
1000,738,2.43,1.0854,54005,628.49,866.59,GEV,304,1.0127,300.192,0.009,Severn at Montford,Severn,2025,52.72457,-2.87221,341190,314460,EA-WM,US
2,139,1,1.061,54008,123.77,156.11,GEV,139,1.0182,136.511,0.009,Teme at Tenbury,Teme,1134.4,52.31331,-2.59155,359770,268520,EA-WM,VA
5,192,1.38,1.0624,54008,170.52,216.19,GEV,139,1.0182,136.511,0.009,Teme at Tenbury,Teme,1134.4,52.31331,-2.59155,359770,268520,EA-WM,VA
10,229,1.65,1.0657,54008,202.15,259.42,GEV,139,1.0182,136.511,0.009,Teme at Tenbury,Teme,1134.4,52.31331,-2.59155,359770,268520,EA-WM,VA
20,265,1.91,1.0709,54008,231.71,303.08,GEV,139,1.0182,136.511,0.009,Teme at Tenbury,Teme,1134.4,52.31331,-2.59155,359770,268520,EA-WM,VA
30,286,2.06,1.075,54008,248.2,329.55,GEV,139,1.0182,136.511,0.009,Teme at Tenbury,Teme,1134.4,52.31331,-2.59155,359770,268520,EA-WM,VA
50,313,2.25,1.081,54008,268.69,364.62,GEV,139,1.0182,136.511,0.009,Teme at Tenbury,Teme,1134.4,52.31331,-2.59155,359770,268520,EA-WM,VA
75,334,2.4,1.0866,54008,283.82,393.05,GEV,139,1.0182,136.511,0.009,Teme at Tenbury,Teme,1134.4,52.31331,-2.59155,359770,268520,EA-WM,VA
100,349,2.51,1.0909,54008,294.28,413.89,GEV,139,1.0182,136.511,0.009,Teme at Tenbury,Teme,1134.4,52.31331,-2.59155,359770,268520,EA-WM,VA
200,387,2.78,1.1025,54008,319.63,468.57,GEV,139,1.0182,136.511,0.009,Teme at Tenbury,Teme,1134.4,52.31331,-2.59155,359770,268520,EA-WM,VA
500,438,3.15,1.1203,54008,350.57,547.23,GEV,139,1.0182,136.511,0.009,Teme at Tenbury,Teme,1134.4,52.31331,-2.59155,359770,268520,EA-WM,VA
1000,477,3.43,1.1353,54008,371.96,611.7,GEV,139,1.0182,136.511,0.009,Teme at Tenbury,Teme,1134.4,52.31331,-2.59155,359770,268520,EA-WM,VA
2,21.5,1,1.0649,54011,19.01,24.32,Kappa3,21.5,1.1331,18.974,0.0824,Salwarpe at Harford Hill,Salwarpe,184,52.25538,-2.19392,386860,261930,EA-WM,FV
5,30.6,1.42,1.0652,54011,27.04,34.63,Kappa3,21.5,1.1331,18.974,0.0824,Salwarpe at Harford Hill,Salwarpe,184,52.25538,-2.19392,386860,261930,EA-WM,FV
10,36.9,1.72,1.0665,54011,32.53,41.86,Kappa3,21.5,1.1331,18.974,0.0824,Salwarpe at Harford Hill,Salwarpe,184,52.25538,-2.19392,386860,261930,EA-WM,FV
20,43.3,2.01,1.069,54011,37.99,49.35,Kappa3,21.5,1.1331,18.974,0.0824,Salwarpe at Harford Hill,Salwarpe,184,52.25538,-2.19392,386860,261930,EA-WM,FV
30,47.1,2.19,1.071,54011,41.17,53.88,Kappa3,21.5,1.1331,18.974,0.0824,Salwarpe at Harford Hill,Salwarpe,184,52.25538,-2.19392,386860,261930,EA-WM,FV
50,52.1,2.42,1.0742,54011,45.28,59.95,Kappa3,21.5,1.1331,18.974,0.0824,Salwarpe at Harford Hill,Salwarpe,184,52.25538,-2.19392,386860,261930,EA-WM,FV
75,56.2,2.61,1.0772,54011,48.58,65.02,Kappa3,21.5,1.1331,18.974,0.0824,Salwarpe at Harford Hill,Salwarpe,184,52.25538,-2.19392,386860,261930,EA-WM,FV
100,59.2,2.75,1.0796,54011,50.95,68.79,Kappa3,21.5,1.1331,18.974,0.0824,Salwarpe at Harford Hill,Salwarpe,184,52.25538,-2.19392,386860,261930,EA-WM,FV
200,66.7,3.1,1.0863,54011,56.71,78.45,Kappa3,21.5,1.1331,18.974,0.0824,Salwarpe at Harford Hill,Salwarpe,184,52.25538,-2.19392,386860,261930,EA-WM,FV
500,77.4,3.6,1.0971,54011,64.54,92.82,Kappa3,21.5,1.1331,18.974,0.0824,Salwarpe at Harford Hill,Salwarpe,184,52.25538,-2.19392,386860,261930,EA-WM,FV
1000,86.1,4.01,1.1065,54011,70.61,104.99,Kappa3,21.5,1.1331,18.974,0.0824,Salwarpe at Harford Hill,Salwarpe,184,52.25538,-2.19392,386860,261930,EA-WM,FV
2,34.9,1,1.0403,54012,32.3,37.71,GenLog,34.9,1.0807,32.294,0.0397,Tern at Walcot,Tern,852,52.70664,-2.60559,359180,312280,EA-WM,FV
5,44.6,1.28,1.0415,54012,41.18,48.3,GenLog,34.9,1.0807,32.294,0.0397,Tern at Walcot,Tern,852,52.70664,-2.60559,359180,312280,EA-WM,FV
10,51.5,1.48,1.044,54012,47.33,56.04,GenLog,34.9,1.0807,32.294,0.0397,Tern at Walcot,Tern,852,52.70664,-2.60559,359180,312280,EA-WM,FV
20,58.8,1.68,1.0478,54012,53.66,64.44,GenLog,34.9,1.0807,32.294,0.0397,Tern at Walcot,Tern,852,52.70664,-2.60559,359180,312280,EA-WM,FV
30,63.4,1.82,1.0507,54012,57.54,69.85,GenLog,34.9,1.0807,32.294,0.0397,Tern at Walcot,Tern,852,52.70664,-2.60559,359180,312280,EA-WM,FV
50,69.6,1.99,1.0551,54012,62.65,77.32,GenLog,34.9,1.0807,32.294,0.0397,Tern at Walcot,Tern,852,52.70664,-2.60559,359180,312280,EA-WM,FV
75,74.8,2.14,1.0591,54012,66.84,83.71,GenLog,34.9,1.0807,32.294,0.0397,Tern at Walcot,Tern,852,52.70664,-2.60559,359180,312280,EA-WM,FV
100,78.8,2.26,1.0622,54012,70.01,88.69,GenLog,34.9,1.0807,32.294,0.0397,Tern at Walcot,Tern,852,52.70664,-2.60559,359180,312280,EA-WM,FV
200,89.2,2.56,1.0705,54012,78.05,101.94,GenLog,34.9,1.0807,32.294,0.0397,Tern at Walcot,Tern,852,52.70664,-2.60559,359180,312280,EA-WM,FV
500,105,3.01,1.0834,54012,89.74,122.85,GenLog,34.9,1.0807,32.294,0.0397,Tern at Walcot,Tern,852,52.70664,-2.60559,359180,312280,EA-WM,FV
1000,119,3.41,1.0943,54012,99.73,141.99,GenLog,34.9,1.0807,32.294,0.0397,Tern at Walcot,Tern,852,52.70664,-2.60559,359180,312280,EA-WM,FV
2,192,1,1.0444,54014,176.33,209.06,GEV,192,1.011,189.914,0.0082,Severn at Abermule,Severn,580,52.5534,-3.23325,316481,295777,NRW,VA
5,257,1.34,1.0457,54014,235.45,280.52,GEV,192,1.011,189.914,0.0082,Severn at Abermule,Severn,580,52.5534,-3.23325,316481,295777,NRW,VA
10,305,1.59,1.0485,54014,277.96,334.67,GEV,192,1.011,189.914,0.0082,Severn at Abermule,Severn,580,52.5534,-3.23325,316481,295777,NRW,VA
20,356,1.86,1.0532,54014,321.61,394.07,GEV,192,1.011,189.914,0.0082,Severn at Abermule,Severn,580,52.5534,-3.23325,316481,295777,NRW,VA
30,388,2.02,1.0569,54014,348.12,432.45,GEV,192,1.011,189.914,0.0082,Severn at Abermule,Severn,580,52.5534,-3.23325,316481,295777,NRW,VA
50,430,2.24,1.0625,54014,381.82,484.25,GEV,192,1.011,189.914,0.0082,Severn at Abermule,Severn,580,52.5534,-3.23325,316481,295777,NRW,VA
75,466,2.43,1.0677,54014,409.85,529.84,GEV,192,1.011,189.914,0.0082,Severn at Abermule,Severn,580,52.5534,-3.23325,316481,295777,NRW,VA
100,493,2.57,1.0718,54014,430.35,564.77,GEV,192,1.011,189.914,0.0082,Severn at Abermule,Severn,580,52.5534,-3.23325,316481,295777,NRW,VA
200,560,2.92,1.0828,54014,479.15,654.49,GEV,192,1.011,189.914,0.0082,Severn at Abermule,Severn,580,52.5534,-3.23325,316481,295777,NRW,VA
500,660,3.44,1.0998000000000001,54014,547.73,795.28,GEV,192,1.011,189.914,0.0082,Severn at Abermule,Severn,580,52.5534,-3.23325,316481,295777,NRW,VA
1000,744,3.88,1.1142,54014,601.9,919.65,GEV,192,1.011,189.914,0.0082,Severn at Abermule,Severn,580,52.5534,-3.23325,316481,295777,NRW,VA
2,11.1,1,1.0244,54016,10.59,11.64,Kappa3,11.1,1.0452,10.62,0.0222,Roden at Rodington,Roden,259,52.72361,-2.60982,358910,314170,EA-WM,FLCB
5,15.1,1.36,1.0334,54016,14.16,16.1,Kappa3,11.1,1.0452,10.62,0.0222,Roden at Rodington,Roden,259,52.72361,-2.60982,358910,314170,EA-WM,FLCB
10,18,1.62,1.0442,54016,16.54,19.59,Kappa3,11.1,1.0452,10.62,0.0222,Roden at Rodington,Roden,259,52.72361,-2.60982,358910,314170,EA-WM,FLCB
20,20.9,1.88,1.0566,54016,18.76,23.28,Kappa3,11.1,1.0452,10.62,0.0222,Roden at Rodington,Roden,259,52.72361,-2.60982,358910,314170,EA-WM,FLCB
30,22.6,2.04,1.0644,54016,20,25.54,Kappa3,11.1,1.0452,10.62,0.0222,Roden at Rodington,Roden,259,52.72361,-2.60982,358910,314170,EA-WM,FLCB
50,24.9,2.25,1.0749,54016,21.61,28.69,Kappa3,11.1,1.0452,10.62,0.0222,Roden at Rodington,Roden,259,52.72361,-2.60982,358910,314170,EA-WM,FLCB
75,26.8,2.42,1.0837,54016,22.89,31.37,Kappa3,11.1,1.0452,10.62,0.0222,Roden at Rodington,Roden,259,52.72361,-2.60982,358910,314170,EA-WM,FLCB
100,28.2,2.54,1.0902,54016,23.81,33.4,Kappa3,11.1,1.0452,10.62,0.0222,Roden at Rodington,Roden,259,52.72361,-2.60982,358910,314170,EA-WM,FLCB
200,31.8,2.86,1.1065,54016,26.08,38.78,Kappa3,11.1,1.0452,10.62,0.0222,Roden at Rodington,Roden,259,52.72361,-2.60982,358910,314170,EA-WM,FLCB
500,36.9,3.33,1.1297,54016,29.05,46.86,Kappa3,11.1,1.0452,10.62,0.0222,Roden at Rodington,Roden,259,52.72361,-2.60982,358910,314170,EA-WM,FLCB
1000,41.1,3.7,1.1483,54016,31.34,53.9,Kappa3,11.1,1.0452,10.62,0.0222,Roden at Rodington,Roden,259,52.72361,-2.60982,358910,314170,EA-WM,FLCB
2,10.7,1,1.0402,54020,9.9,11.56,Kappa3,10.7,1.0608,10.087,0.0281,Perry at Yeaton,Perry,180.8,52.76778,-2.83972,343440,319240,EA-WM,C
5,14.3,1.34,1.0451,54020,13.12,15.59,Kappa3,10.7,1.0608,10.087,0.0281,Perry at Yeaton,Perry,180.8,52.76778,-2.83972,343440,319240,EA-WM,C
10,16.7,1.56,1.0508,54020,15.15,18.4,Kappa3,10.7,1.0608,10.087,0.0281,Perry at Yeaton,Perry,180.8,52.76778,-2.83972,343440,319240,EA-WM,C
20,19,1.77,1.0577,54020,17.02,21.21,Kappa3,10.7,1.0608,10.087,0.0281,Perry at Yeaton,Perry,180.8,52.76778,-2.83972,343440,319240,EA-WM,C
30,20.3,1.89,1.0623,54020,18.03,22.85,Kappa3,10.7,1.0608,10.087,0.0281,Perry at Yeaton,Perry,180.8,52.76778,-2.83972,343440,319240,EA-WM,C
50,21.9,2.05,1.0685,54020,19.23,24.94,Kappa3,10.7,1.0608,10.087,0.0281,Perry at Yeaton,Perry,180.8,52.76778,-2.83972,343440,319240,EA-WM,C
75,23.3,2.17,1.0739,54020,20.26,26.79,Kappa3,10.7,1.0608,10.087,0.0281,Perry at Yeaton,Perry,180.8,52.76778,-2.83972,343440,319240,EA-WM,C
100,24.2,2.26,1.0778,54020,20.89,28.03,Kappa3,10.7,1.0608,10.087,0.0281,Perry at Yeaton,Perry,180.8,52.76778,-2.83972,343440,319240,EA-WM,C
200,26.5,2.48,1.0881,54020,22.46,31.27,Kappa3,10.7,1.0608,10.087,0.0281,Perry at Yeaton,Perry,180.8,52.76778,-2.83972,343440,319240,EA-WM,C
500,29.6,2.77,1.1029,54020,24.43,35.86,Kappa3,10.7,1.0608,10.087,0.0281,Perry at Yeaton,Perry,180.8,52.76778,-2.83972,343440,319240,EA-WM,C
1000,32,2.99,1.115,54020,25.85,39.61,Kappa3,10.7,1.0608,10.087,0.0281,Perry at Yeaton,Perry,180.8,52.76778,-2.83972,343440,319240,EA-WM,C
2,14.7,1,1.0327,54022,13.8,15.66,Kappa3,14.7,1,14.7,0,Severn at Plynlimon flume,Severn,8.7,52.47065,-3.68999,285300,287200,UKCEH,FL
5,18.8,1.28,1.037,54022,17.51,20.19,Kappa3,14.7,1,14.7,0,Severn at Plynlimon flume,Severn,8.7,52.47065,-3.68999,285300,287200,UKCEH,FL
10,21.8,1.48,1.0421,54022,20.11,23.64,Kappa3,14.7,1,14.7,0,Severn at Plynlimon flume,Severn,8.7,52.47065,-3.68999,285300,287200,UKCEH,FL
20,24.8,1.69,1.0488,54022,22.59,27.23,Kappa3,14.7,1,14.7,0,Severn at Plynlimon flume,Severn,8.7,52.47065,-3.68999,285300,287200,UKCEH,FL
30,26.7,1.82,1.0535,54022,24.11,29.57,Kappa3,14.7,1,14.7,0,Severn at Plynlimon flume,Severn,8.7,52.47065,-3.68999,285300,287200,UKCEH,FL
50,29.2,1.99,1.0602,54022,26.04,32.74,Kappa3,14.7,1,14.7,0,Severn at Plynlimon flume,Severn,8.7,52.47065,-3.68999,285300,287200,UKCEH,FL
75,31.3,2.13,1.066,54022,27.61,35.48,Kappa3,14.7,1,14.7,0,Severn at Plynlimon flume,Severn,8.7,52.47065,-3.68999,285300,287200,UKCEH,FL
100,32.9,2.24,1.0704,54022,28.79,37.59,Kappa3,14.7,1,14.7,0,Severn at Plynlimon flume,Severn,8.7,52.47065,-3.68999,285300,287200,UKCEH,FL
200,36.9,2.51,1.082,54022,31.62,43.06,Kappa3,14.7,1,14.7,0,Severn at Plynlimon flume,Severn,8.7,52.47065,-3.68999,285300,287200,UKCEH,FL
500,42.7,2.91,1.0992,54022,35.47,51.4,Kappa3,14.7,1,14.7,0,Severn at Plynlimon flume,Severn,8.7,52.47065,-3.68999,285300,287200,UKCEH,FL
1000,47.7,3.24,1.1135,54022,38.64,58.89,Kappa3,14.7,1,14.7,0,Severn at Plynlimon flume,Severn,8.7,52.47065,-3.68999,285300,287200,UKCEH,FL
2,6.81,1,1.0636,54024,6.03,7.68,GEV,6.81,1.1273,6.041,0.0544,Worfe at Burcote,Worfe,258,52.5553,-2.37606,374600,295340,EA-WM,C
5,9.9,1.45,1.0657,54024,8.74,11.22,GEV,6.81,1.1273,6.041,0.0544,Worfe at Burcote,Worfe,258,52.5553,-2.37606,374600,295340,EA-WM,C
10,12,1.77,1.0695,54024,10.52,13.69,GEV,6.81,1.1273,6.041,0.0544,Worfe at Burcote,Worfe,258,52.5553,-2.37606,374600,295340,EA-WM,C
20,14.2,2.08,1.0753,54024,12.32,16.37,GEV,6.81,1.1273,6.041,0.0544,Worfe at Burcote,Worfe,258,52.5553,-2.37606,374600,295340,EA-WM,C
30,15.4,2.27,1.0796,54024,13.25,17.89,GEV,6.81,1.1273,6.041,0.0544,Worfe at Burcote,Worfe,258,52.5553,-2.37606,374600,295340,EA-WM,C
50,17,2.5,1.086,54024,14.46,19.98,GEV,6.81,1.1273,6.041,0.0544,Worfe at Burcote,Worfe,258,52.5553,-2.37606,374600,295340,EA-WM,C
75,18.3,2.69,1.0917,54024,15.41,21.73,GEV,6.81,1.1273,6.041,0.0544,Worfe at Burcote,Worfe,258,52.5553,-2.37606,374600,295340,EA-WM,C
100,19.3,2.83,1.0961,54024,16.12,23.1,GEV,6.81,1.1273,6.041,0.0544,Worfe at Burcote,Worfe,258,52.5553,-2.37606,374600,295340,EA-WM,C
200,21.6,3.17,1.1079,54024,17.67,26.4,GEV,6.81,1.1273,6.041,0.0544,Worfe at Burcote,Worfe,258,52.5553,-2.37606,374600,295340,EA-WM,C
500,24.7,3.63,1.1258,54024,19.58,31.16,GEV,6.81,1.1273,6.041,0.0544,Worfe at Burcote,Worfe,258,52.5553,-2.37606,374600,295340,EA-WM,C
1000,27.2,3.99,1.1408,54024,21.01,35.21,GEV,6.81,1.1273,6.041,0.0544,Worfe at Burcote,Worfe,258,52.5553,-2.37606,374600,295340,EA-WM,C
2,23.5,1,1.049,54025,21.4,25.81,Gumbel,23.5,1.0021,23.452,0.0016,Dulas at Rhos-y-pentref,Dulas,52.7,52.43029,-3.54599,294985,282492,NRW,FL
5,30.7,1.31,1.0504,54025,27.88,33.81,Gumbel,23.5,1.0021,23.452,0.0016,Dulas at Rhos-y-pentref,Dulas,52.7,52.43029,-3.54599,294985,282492,NRW,FL
10,35.5,1.51,1.0524,54025,32.12,39.24,Gumbel,23.5,1.0021,23.452,0.0016,Dulas at Rhos-y-pentref,Dulas,52.7,52.43029,-3.54599,294985,282492,NRW,FL
20,40.1,1.71,1.0555,54025,36.07,44.58,Gumbel,23.5,1.0021,23.452,0.0016,Dulas at Rhos-y-pentref,Dulas,52.7,52.43029,-3.54599,294985,282492,NRW,FL
30,42.7,1.82,1.0578,54025,38.25,47.67,Gumbel,23.5,1.0021,23.452,0.0016,Dulas at Rhos-y-pentref,Dulas,52.7,52.43029,-3.54599,294985,282492,NRW,FL
50,46,1.96,1.0614,54025,40.93,51.7,Gumbel,23.5,1.0021,23.452,0.0016,Dulas at Rhos-y-pentref,Dulas,52.7,52.43029,-3.54599,294985,282492,NRW,FL
75,48.6,2.07,1.0648,54025,42.97,54.96,Gumbel,23.5,1.0021,23.452,0.0016,Dulas at Rhos-y-pentref,Dulas,52.7,52.43029,-3.54599,294985,282492,NRW,FL
100,50.5,2.15,1.0675,54025,44.43,57.4,Gumbel,23.5,1.0021,23.452,0.0016,Dulas at Rhos-y-pentref,Dulas,52.7,52.43029,-3.54599,294985,282492,NRW,FL
200,54.9,2.34,1.0749,54025,47.65,63.25,Gumbel,23.5,1.0021,23.452,0.0016,Dulas at Rhos-y-pentref,Dulas,52.7,52.43029,-3.54599,294985,282492,NRW,FL
500,60.8,2.59,1.0865,54025,51.68,71.54,Gumbel,23.5,1.0021,23.452,0.0016,Dulas at Rhos-y-pentref,Dulas,52.7,52.43029,-3.54599,294985,282492,NRW,FL
1000,65.2,2.77,1.0966,54025,54.42,78.12,Gumbel,23.5,1.0021,23.452,0.0016,Dulas at Rhos-y-pentref,Dulas,52.7,52.43029,-3.54599,294985,282492,NRW,FL
2,11.8,1,1.069,54027,10.35,13.45,Gumbel,11.8,1.1581,10.189,0.0471,Frome at Ebley Mill,Frome,198,51.74009,-2.2474,383014,204627,EA-WM,CBVA
5,16.8,1.42,1.0714,54027,14.68,19.23,Gumbel,11.8,1.1581,10.189,0.0471,Frome at Ebley Mill,Frome,198,51.74009,-2.2474,383014,204627,EA-WM,CBVA
10,20,1.7,1.0747,54027,17.37,23.03,Gumbel,11.8,1.1581,10.189,0.0471,Frome at Ebley Mill,Frome,198,51.74009,-2.2474,383014,204627,EA-WM,CBVA
20,23.2,1.96,1.0797,54027,19.96,26.96,Gumbel,11.8,1.1581,10.189,0.0471,Frome at Ebley Mill,Frome,198,51.74009,-2.2474,383014,204627,EA-WM,CBVA
30,25,2.12,1.0833,54027,21.37,29.24,Gumbel,11.8,1.1581,10.189,0.0471,Frome at Ebley Mill,Frome,198,51.74009,-2.2474,383014,204627,EA-WM,CBVA
50,27.3,2.31,1.0887,54027,23.11,32.25,Gumbel,11.8,1.1581,10.189,0.0471,Frome at Ebley Mill,Frome,198,51.74009,-2.2474,383014,204627,EA-WM,CBVA
75,29,2.46,1.0937,54027,24.33,34.57,Gumbel,11.8,1.1581,10.189,0.0471,Frome at Ebley Mill,Frome,198,51.74009,-2.2474,383014,204627,EA-WM,CBVA
100,30.3,2.57,1.0975,54027,25.25,36.36,Gumbel,11.8,1.1581,10.189,0.0471,Frome at Ebley Mill,Frome,198,51.74009,-2.2474,383014,204627,EA-WM,CBVA
200,33.4,2.83,1.1079,54027,27.32,40.83,Gumbel,11.8,1.1581,10.189,0.0471,Frome at Ebley Mill,Frome,198,51.74009,-2.2474,383014,204627,EA-WM,CBVA
500,37.4,3.17,1.1238,54027,29.75,47.01,Gumbel,11.8,1.1581,10.189,0.0471,Frome at Ebley Mill,Frome,198,51.74009,-2.2474,383014,204627,EA-WM,CBVA
1000,40.4,3.42,1.1374,54027,31.39,52,Gumbel,11.8,1.1581,10.189,0.0471,Frome at Ebley Mill,Frome,198,51.74009,-2.2474,383014,204627,EA-WM,CBVA
2,279,1,1.0551,54028,251.16,309.93,Kappa3,279,1.004,277.879,0.0031,Vyrnwy at Llanymynech,Vyrnwy,778,52.76918,-3.10871,325294,319641,NRW,VA
5,370,1.33,1.0561,54028,332.46,411.78,Kappa3,279,1.004,277.879,0.0031,Vyrnwy at Llanymynech,Vyrnwy,778,52.76918,-3.10871,325294,319641,NRW,VA
10,441,1.58,1.0588,54028,394.28,493.26,Kappa3,279,1.004,277.879,0.0031,Vyrnwy at Llanymynech,Vyrnwy,778,52.76918,-3.10871,325294,319641,NRW,VA
20,521,1.87,1.0633,54028,461.95,587.6,Kappa3,279,1.004,277.879,0.0031,Vyrnwy at Llanymynech,Vyrnwy,778,52.76918,-3.10871,325294,319641,NRW,VA
30,573,2.05,1.067,54028,504.61,650.66,Kappa3,279,1.004,277.879,0.0031,Vyrnwy at Llanymynech,Vyrnwy,778,52.76918,-3.10871,325294,319641,NRW,VA
50,644,2.31,1.0727,54028,561.24,738.96,Kappa3,279,1.004,277.879,0.0031,Vyrnwy at Llanymynech,Vyrnwy,778,52.76918,-3.10871,325294,319641,NRW,VA
75,707,2.53,1.0781,54028,610.11,819.28,Kappa3,279,1.004,277.879,0.0031,Vyrnwy at Llanymynech,Vyrnwy,778,52.76918,-3.10871,325294,319641,NRW,VA
100,755,2.71,1.0823,54028,646.58,881.59,Kappa3,279,1.004,277.879,0.0031,Vyrnwy at Llanymynech,Vyrnwy,778,52.76918,-3.10871,325294,319641,NRW,VA
200,884,3.17,1.0938,54028,741.54,1053.83,Kappa3,279,1.004,277.879,0.0031,Vyrnwy at Llanymynech,Vyrnwy,778,52.76918,-3.10871,325294,319641,NRW,VA
500,1090,3.9,1.1117,54028,885.71,1341.41,Kappa3,279,1.004,277.879,0.0031,Vyrnwy at Llanymynech,Vyrnwy,778,52.76918,-3.10871,325294,319641,NRW,VA
1000,1270,4.56,1.1269,54028,1004.87,1605.09,Kappa3,279,1.004,277.879,0.0031,Vyrnwy at Llanymynech,Vyrnwy,778,52.76918,-3.10871,325294,319641,NRW,VA
2,182,1,1.0538,54029,164.23,201.69,Gumbel,182,1.0168,178.989,0.0086,Teme at Knightsford Bridge,Teme,1480,52.19916,-2.38929,373490,255730,EA-WM,XC
5,242,1.33,1.0559,54029,217.53,269.23,Gumbel,182,1.0168,178.989,0.0086,Teme at Knightsford Bridge,Teme,1480,52.19916,-2.38929,373490,255730,EA-WM,XC
10,282,1.55,1.0593,54029,251.89,315.71,Gumbel,182,1.0168,178.989,0.0086,Teme at Knightsford Bridge,Teme,1480,52.19916,-2.38929,373490,255730,EA-WM,XC
20,320,1.76,1.0642,54029,283.26,361.51,Gumbel,182,1.0168,178.989,0.0086,Teme at Knightsford Bridge,Teme,1480,52.19916,-2.38929,373490,255730,EA-WM,XC
30,342,1.88,1.0678,54029,300.74,388.93,Gumbel,182,1.0168,178.989,0.0086,Teme at Knightsford Bridge,Teme,1480,52.19916,-2.38929,373490,255730,EA-WM,XC
50,370,2.03,1.0731,54029,322.22,424.87,Gumbel,182,1.0168,178.989,0.0086,Teme at Knightsford Bridge,Teme,1480,52.19916,-2.38929,373490,255730,EA-WM,XC
75,392,2.15,1.0778,54029,338.46,454.01,Gumbel,182,1.0168,178.989,0.0086,Teme at Knightsford Bridge,Teme,1480,52.19916,-2.38929,373490,255730,EA-WM,XC
100,407,2.24,1.0815,54029,349.06,474.55,Gumbel,182,1.0168,178.989,0.0086,Teme at Knightsford Bridge,Teme,1480,52.19916,-2.38929,373490,255730,EA-WM,XC
200,444,2.44,1.0913,54029,374.12,526.93,Gumbel,182,1.0168,178.989,0.0086,Teme at Knightsford Bridge,Teme,1480,52.19916,-2.38929,373490,255730,EA-WM,XC
500,493,2.71,1.1062,54029,404.51,600.84,Gumbel,182,1.0168,178.989,0.0086,Teme at Knightsford Bridge,Teme,1480,52.19916,-2.38929,373490,255730,EA-WM,XC
1000,530,2.91,1.1187,54029,425.4,660.32,Gumbel,182,1.0168,178.989,0.0086,Teme at Knightsford Bridge,Teme,1480,52.19916,-2.38929,373490,255730,EA-WM,XC
2,14,1,1.1043,54036,11.53,17.01,GEV,14,1.0279,13.62,0.018,Isbourne at Hinton on the Green,Isbourne,90.7,52.06449,-1.96687,402368,240680,EA-WM,C VA
5,21.4,1.53,1.1067,54036,17.54,26.1,GEV,14,1.0279,13.62,0.018,Isbourne at Hinton on the Green,Isbourne,90.7,52.06449,-1.96687,402368,240680,EA-WM,C VA
10,26.7,1.9,1.1104,54036,21.75,32.78,GEV,14,1.0279,13.62,0.018,Isbourne at Hinton on the Green,Isbourne,90.7,52.06449,-1.96687,402368,240680,EA-WM,C VA
20,32,2.28,1.1158,54036,25.82,39.67,GEV,14,1.0279,13.62,0.018,Isbourne at Hinton on the Green,Isbourne,90.7,52.06449,-1.96687,402368,240680,EA-WM,C VA
30,35.2,2.51,1.1197,54036,28.2,43.93,GEV,14,1.0279,13.62,0.018,Isbourne at Hinton on the Green,Isbourne,90.7,52.06449,-1.96687,402368,240680,EA-WM,C VA
50,39.3,2.81,1.1256,54036,31.17,49.56,GEV,14,1.0279,13.62,0.018,Isbourne at Hinton on the Green,Isbourne,90.7,52.06449,-1.96687,402368,240680,EA-WM,C VA
75,42.6,3.05,1.1309,54036,33.47,54.22,GEV,14,1.0279,13.62,0.018,Isbourne at Hinton on the Green,Isbourne,90.7,52.06449,-1.96687,402368,240680,EA-WM,C VA
100,45.1,3.22,1.135,54036,35.19,57.81,GEV,14,1.0279,13.62,0.018,Isbourne at Hinton on the Green,Isbourne,90.7,52.06449,-1.96687,402368,240680,EA-WM,C VA
200,51.2,3.66,1.1461,54036,39.19,66.89,GEV,14,1.0279,13.62,0.018,Isbourne at Hinton on the Green,Isbourne,90.7,52.06449,-1.96687,402368,240680,EA-WM,C VA
500,59.7,4.26,1.1632,54036,44.39,80.29,GEV,14,1.0279,13.62,0.018,Isbourne at Hinton on the Green,Isbourne,90.7,52.06449,-1.96687,402368,240680,EA-WM,C VA
1000,66.5,4.75,1.1779,54036,48.24,91.66,GEV,14,1.0279,13.62,0.018,Isbourne at Hinton on the Green,Isbourne,90.7,52.06449,-1.96687,402368,240680,EA-WM,C VA
2,79.3,1,1.0372,54038,73.82,85.19,GEV,79.3,1.0042,78.965,0.0031,Tanat at Llanyblodwel,Tanat,229,52.79432,-3.1103,325230,322440,EA-WM,FV
5,104,1.32,1.04,54038,96.3,112.31,GEV,79.3,1.0042,78.965,0.0031,Tanat at Llanyblodwel,Tanat,229,52.79432,-3.1103,325230,322440,EA-WM,FV
10,122,1.54,1.0437,54038,112.19,132.67,GEV,79.3,1.0042,78.965,0.0031,Tanat at Llanyblodwel,Tanat,229,52.79432,-3.1103,325230,322440,EA-WM,FV
20,139,1.75,1.0488,54038,126.61,152.61,GEV,79.3,1.0042,78.965,0.0031,Tanat at Llanyblodwel,Tanat,229,52.79432,-3.1103,325230,322440,EA-WM,FV
30,149,1.88,1.0525,54038,134.78,164.72,GEV,79.3,1.0042,78.965,0.0031,Tanat at Llanyblodwel,Tanat,229,52.79432,-3.1103,325230,322440,EA-WM,FV
50,163,2.05,1.0578,54038,146,181.98,GEV,79.3,1.0042,78.965,0.0031,Tanat at Llanyblodwel,Tanat,229,52.79432,-3.1103,325230,322440,EA-WM,FV
75,173,2.18,1.0625,54038,153.62,194.83,GEV,79.3,1.0042,78.965,0.0031,Tanat at Llanyblodwel,Tanat,229,52.79432,-3.1103,325230,322440,EA-WM,FV
100,181,2.28,1.0661,54038,159.66,205.19,GEV,79.3,1.0042,78.965,0.0031,Tanat at Llanyblodwel,Tanat,229,52.79432,-3.1103,325230,322440,EA-WM,FV
200,200,2.52,1.0756,54038,173.38,230.71,GEV,79.3,1.0042,78.965,0.0031,Tanat at Llanyblodwel,Tanat,229,52.79432,-3.1103,325230,322440,EA-WM,FV
500,225,2.84,1.09,54038,190.03,266.4,GEV,79.3,1.0042,78.965,0.0031,Tanat at Llanyblodwel,Tanat,229,52.79432,-3.1103,325230,322440,EA-WM,FV
1000,246,3.1,1.1021,54038,203.32,297.64,GEV,79.3,1.0042,78.965,0.0031,Tanat at Llanyblodwel,Tanat,229,52.79432,-3.1103,325230,322440,EA-WM,FV
2,4.97,1,1.0608,54040,4.43,5.58,Kappa3,4.97,1.0226,4.86,0.0118,Meese at Tibberton,Meese,167.8,52.78104,-2.47482,368070,320490,EA-WM,C
5,6.96,1.4,1.0647,54040,6.16,7.87,Kappa3,4.97,1.0226,4.86,0.0118,Meese at Tibberton,Meese,167.8,52.78104,-2.47482,368070,320490,EA-WM,C
10,8.35,1.68,1.0702,54040,7.31,9.54,Kappa3,4.97,1.0226,4.86,0.0118,Meese at Tibberton,Meese,167.8,52.78104,-2.47482,368070,320490,EA-WM,C
20,9.78,1.97,1.0776,54040,8.45,11.32,Kappa3,4.97,1.0226,4.86,0.0118,Meese at Tibberton,Meese,167.8,52.78104,-2.47482,368070,320490,EA-WM,C
30,10.7,2.14,1.0828,54040,9.16,12.51,Kappa3,4.97,1.0226,4.86,0.0118,Meese at Tibberton,Meese,167.8,52.78104,-2.47482,368070,320490,EA-WM,C
50,11.8,2.37,1.0901,54040,9.96,13.97,Kappa3,4.97,1.0226,4.86,0.0118,Meese at Tibberton,Meese,167.8,52.78104,-2.47482,368070,320490,EA-WM,C
75,12.7,2.56,1.0966,54040,10.6,15.22,Kappa3,4.97,1.0226,4.86,0.0118,Meese at Tibberton,Meese,167.8,52.78104,-2.47482,368070,320490,EA-WM,C
100,13.4,2.7,1.1015,54040,11.09,16.2,Kappa3,4.97,1.0226,4.86,0.0118,Meese at Tibberton,Meese,167.8,52.78104,-2.47482,368070,320490,EA-WM,C
200,15.2,3.05,1.1143,54040,12.29,18.79,Kappa3,4.97,1.0226,4.86,0.0118,Meese at Tibberton,Meese,167.8,52.78104,-2.47482,368070,320490,EA-WM,C
500,17.7,3.56,1.1333,54040,13.85,22.62,Kappa3,4.97,1.0226,4.86,0.0118,Meese at Tibberton,Meese,167.8,52.78104,-2.47482,368070,320490,EA-WM,C
1000,19.8,3.98,1.149,54040,15.08,26,Kappa3,4.97,1.0226,4.86,0.0118,Meese at Tibberton,Meese,167.8,52.78104,-2.47482,368070,320490,EA-WM,C
2,12.4,1,1.0827,54041,10.61,14.49,Kappa3,12.4,1.0538,11.767,0.025,Tern at Eaton upon Tern,Tern,192,52.80466,-2.5218,364920,323140,EA-WM,C
5,17,1.37,1.0853,54041,14.48,19.96,Kappa3,12.4,1.0538,11.767,0.025,Tern at Eaton upon Tern,Tern,192,52.80466,-2.5218,364920,323140,EA-WM,C
10,20.1,1.62,1.0877,54041,17.05,23.7,Kappa3,12.4,1.0538,11.767,0.025,Tern at Eaton upon Tern,Tern,192,52.80466,-2.5218,364920,323140,EA-WM,C
20,23.2,1.87,1.0909,54041,19.56,27.51,Kappa3,12.4,1.0538,11.767,0.025,Tern at Eaton upon Tern,Tern,192,52.80466,-2.5218,364920,323140,EA-WM,C
30,25,2.02,1.0931,54041,21,29.77,Kappa3,12.4,1.0538,11.767,0.025,Tern at Eaton upon Tern,Tern,192,52.80466,-2.5218,364920,323140,EA-WM,C
50,27.4,2.21,1.0964,54041,22.88,32.82,Kappa3,12.4,1.0538,11.767,0.025,Tern at Eaton upon Tern,Tern,192,52.80466,-2.5218,364920,323140,EA-WM,C
75,29.2,2.36,1.0995,54041,24.25,35.17,Kappa3,12.4,1.0538,11.767,0.025,Tern at Eaton upon Tern,Tern,192,52.80466,-2.5218,364920,323140,EA-WM,C
100,30.6,2.47,1.1018,54041,25.3,37,Kappa3,12.4,1.0538,11.767,0.025,Tern at Eaton upon Tern,Tern,192,52.80466,-2.5218,364920,323140,EA-WM,C
200,34,2.74,1.1082,54041,27.8,41.58,Kappa3,12.4,1.0538,11.767,0.025,Tern at Eaton upon Tern,Tern,192,52.80466,-2.5218,364920,323140,EA-WM,C
500,38.7,3.12,1.1183,54041,31.08,48.18,Kappa3,12.4,1.0538,11.767,0.025,Tern at Eaton upon Tern,Tern,192,52.80466,-2.5218,364920,323140,EA-WM,C
1000,42.4,3.42,1.1272,54041,33.53,53.62,Kappa3,12.4,1.0538,11.767,0.025,Tern at Eaton upon Tern,Tern,192,52.80466,-2.5218,364920,323140,EA-WM,C
2,490,1,1.0225,54057,469.09,511.84,GEV,490,1.0703,457.834,0.0431,Severn at Haw Bridge,Severn,9895,51.94918,-2.22706,384491,227878,EA-WM,VA
5,617,1.26,1.0274,54057,585.16,650.57,GEV,490,1.0703,457.834,0.0431,Severn at Haw Bridge,Severn,9895,51.94918,-2.22706,384491,227878,EA-WM,VA
10,705,1.44,1.0353,54057,658.66,754.6,GEV,490,1.0703,457.834,0.0431,Severn at Haw Bridge,Severn,9895,51.94918,-2.22706,384491,227878,EA-WM,VA
20,795,1.62,1.0457,54057,728.33,867.77,GEV,490,1.0703,457.834,0.0431,Severn at Haw Bridge,Severn,9895,51.94918,-2.22706,384491,227878,EA-WM,VA
30,848,1.73,1.0528,54057,766.65,937.98,GEV,490,1.0703,457.834,0.0431,Severn at Haw Bridge,Severn,9895,51.94918,-2.22706,384491,227878,EA-WM,VA
50,916,1.87,1.0626,54057,813.22,1031.76,GEV,490,1.0703,457.834,0.0431,Severn at Haw Bridge,Severn,9895,51.94918,-2.22706,384491,227878,EA-WM,VA
75,972,1.98,1.071,54057,849.73,1111.87,GEV,490,1.0703,457.834,0.0431,Severn at Haw Bridge,Severn,9895,51.94918,-2.22706,384491,227878,EA-WM,VA
100,1010,2.07,1.0773,54057,872.85,1168.7,GEV,490,1.0703,457.834,0.0431,Severn at Haw Bridge,Severn,9895,51.94918,-2.22706,384491,227878,EA-WM,VA
200,1110,2.27,1.0936,54057,931.45,1322.77,GEV,490,1.0703,457.834,0.0431,Severn at Haw Bridge,Severn,9895,51.94918,-2.22706,384491,227878,EA-WM,VA
500,1250,2.55,1.1174,54057,1005.59,1553.81,GEV,490,1.0703,457.834,0.0431,Severn at Haw Bridge,Severn,9895,51.94918,-2.22706,384491,227878,EA-WM,VA
1000,1360,2.78,1.137,54057,1057.42,1749.16,GEV,490,1.0703,457.834,0.0431,Severn at Haw Bridge,Severn,9895,51.94918,-2.22706,384491,227878,EA-WM,VA
2,93.7,1,1.1062,54080,76.88,114.2,GEV,93.7,1.0063,93.11,0.005,Severn at Dolwen,Severn,174,52.4552,-3.48852,298949,285181,NRW,CC
5,126,1.34,1.107,54080,103.24,153.78,GEV,93.7,1.0063,93.11,0.005,Severn at Dolwen,Severn,174,52.4552,-3.48852,298949,285181,NRW,CC
10,148,1.58,1.1086,54080,120.92,181.14,GEV,93.7,1.0063,93.11,0.005,Severn at Dolwen,Severn,174,52.4552,-3.48852,298949,285181,NRW,CC
20,171,1.83,1.1111,54080,139.1,210.22,GEV,93.7,1.0063,93.11,0.005,Severn at Dolwen,Severn,174,52.4552,-3.48852,298949,285181,NRW,CC
30,185,1.97,1.113,54080,149.98,228.19,GEV,93.7,1.0063,93.11,0.005,Severn at Dolwen,Severn,174,52.4552,-3.48852,298949,285181,NRW,CC
50,202,2.16,1.1161,54080,162.87,250.52,GEV,93.7,1.0063,93.11,0.005,Severn at Dolwen,Severn,174,52.4552,-3.48852,298949,285181,NRW,CC
75,216,2.31,1.1189,54080,173.31,269.21,GEV,93.7,1.0063,93.11,0.005,Severn at Dolwen,Severn,174,52.4552,-3.48852,298949,285181,NRW,CC
100,226,2.42,1.1213,54080,180.57,282.85,GEV,93.7,1.0063,93.11,0.005,Severn at Dolwen,Severn,174,52.4552,-3.48852,298949,285181,NRW,CC
200,252,2.69,1.1278,54080,199.08,318.99,GEV,93.7,1.0063,93.11,0.005,Severn at Dolwen,Severn,174,52.4552,-3.48852,298949,285181,NRW,CC
500,287,3.06,1.1384,54080,222.61,370.02,GEV,93.7,1.0063,93.11,0.005,Severn at Dolwen,Severn,174,52.4552,-3.48852,298949,285181,NRW,CC
1000,315,3.36,1.1479,54080,240.38,412.78,GEV,93.7,1.0063,93.11,0.005,Severn at Dolwen,Severn,174,52.4552,-3.48852,298949,285181,NRW,CC
2,77.2,1,1.0986,54114,64.21,92.82,GEV,77.2,1.1281,68.435,0.094,Avon at Warwick,Avon,1012,52.285,-1.56293,429912,265296,EA-WM,VA
5,105,1.36,1.1007,54114,87,126.72,GEV,77.2,1.1281,68.435,0.094,Avon at Warwick,Avon,1012,52.285,-1.56293,429912,265296,EA-WM,VA
10,125,1.61,1.1025,54114,103.24,151.35,GEV,77.2,1.1281,68.435,0.094,Avon at Warwick,Avon,1012,52.285,-1.56293,429912,265296,EA-WM,VA
20,144,1.87,1.105,54114,118.41,175.13,GEV,77.2,1.1281,68.435,0.094,Avon at Warwick,Avon,1012,52.285,-1.56293,429912,265296,EA-WM,VA
30,156,2.02,1.1068,54114,127.86,190.33,GEV,77.2,1.1281,68.435,0.094,Avon at Warwick,Avon,1012,52.285,-1.56293,429912,265296,EA-WM,VA
50,171,2.22,1.1096,54114,139.47,209.66,GEV,77.2,1.1281,68.435,0.094,Avon at Warwick,Avon,1012,52.285,-1.56293,429912,265296,EA-WM,VA
75,183,2.38,1.1122,54114,148.57,225.41,GEV,77.2,1.1281,68.435,0.094,Avon at Warwick,Avon,1012,52.285,-1.56293,429912,265296,EA-WM,VA
100,192,2.49,1.1143,54114,155.3,237.37,GEV,77.2,1.1281,68.435,0.094,Avon at Warwick,Avon,1012,52.285,-1.56293,429912,265296,EA-WM,VA
200,214,2.78,1.1201,54114,171.34,267.27,GEV,77.2,1.1281,68.435,0.094,Avon at Warwick,Avon,1012,52.285,-1.56293,429912,265296,EA-WM,VA
500,245,3.18,1.1298,54114,192.88,311.21,GEV,77.2,1.1281,68.435,0.094,Avon at Warwick,Avon,1012,52.285,-1.56293,429912,265296,EA-WM,VA
1000,270,3.49,1.1384,54114,209.42,348.1,GEV,77.2,1.1281,68.435,0.094,Avon at Warwick,Avon,1012,52.285,-1.56293,429912,265296,EA-WM,VA
2,17.3,1,1.061,54906,15.4,19.43,GEV,17.3,1.6371,10.568,0.2346,Stour (Worcs) at Kidderminster Gilt Edge,Stour (Worcs),324,52.38896,-2.25269,382900,276800,EA-WM,VA
5,24.3,1.4,1.0612,54906,21.63,27.3,GEV,17.3,1.6371,10.568,0.2346,Stour (Worcs) at Kidderminster Gilt Edge,Stour (Worcs),324,52.38896,-2.25269,382900,276800,EA-WM,VA
10,29.1,1.68,1.0643,54906,25.75,32.88,GEV,17.3,1.6371,10.568,0.2346,Stour (Worcs) at Kidderminster Gilt Edge,Stour (Worcs),324,52.38896,-2.25269,382900,276800,EA-WM,VA
20,34,1.97,1.0697,54906,29.79,38.8,GEV,17.3,1.6371,10.568,0.2346,Stour (Worcs) at Kidderminster Gilt Edge,Stour (Worcs),324,52.38896,-2.25269,382900,276800,EA-WM,VA
30,37,2.14,1.0739,54906,32.17,42.55,GEV,17.3,1.6371,10.568,0.2346,Stour (Worcs) at Kidderminster Gilt Edge,Stour (Worcs),324,52.38896,-2.25269,382900,276800,EA-WM,VA
50,40.7,2.35,1.0803,54906,34.98,47.35,GEV,17.3,1.6371,10.568,0.2346,Stour (Worcs) at Kidderminster Gilt Edge,Stour (Worcs),324,52.38896,-2.25269,382900,276800,EA-WM,VA
75,43.8,2.53,1.0863,54906,37.24,51.52,GEV,17.3,1.6371,10.568,0.2346,Stour (Worcs) at Kidderminster Gilt Edge,Stour (Worcs),324,52.38896,-2.25269,382900,276800,EA-WM,VA
100,46,2.66,1.0909,54906,38.79,54.55,GEV,17.3,1.6371,10.568,0.2346,Stour (Worcs) at Kidderminster Gilt Edge,Stour (Worcs),324,52.38896,-2.25269,382900,276800,EA-WM,VA
200,51.5,2.97,1.1032,54906,42.48,62.43,GEV,17.3,1.6371,10.568,0.2346,Stour (Worcs) at Kidderminster Gilt Edge,Stour (Worcs),324,52.38896,-2.25269,382900,276800,EA-WM,VA
500,59,3.41,1.1219,54906,47.09,73.92,GEV,17.3,1.6371,10.568,0.2346,Stour (Worcs) at Kidderminster Gilt Edge,Stour (Worcs),324,52.38896,-2.25269,382900,276800,EA-WM,VA
1000,65.1,3.76,1.1377,54906,50.56,83.83,GEV,17.3,1.6371,10.568,0.2346,Stour (Worcs) at Kidderminster Gilt Edge,Stour (Worcs),324,52.38896,-2.25269,382900,276800,EA-WM,VA
2,431,1,1.0589,55002,385.27,482.16,Gumbel,431,1.0066,428.195,0.0049,Wye at Belmont,Wye,1895.9,52.04518,-2.75233,348500,238799,EA-WM,VA
5,561,1.3,1.0597,55002,500.73,628.52,Gumbel,431,1.0066,428.195,0.0049,Wye at Belmont,Wye,1895.9,52.04518,-2.75233,348500,238799,EA-WM,VA
10,647,1.5,1.0614,55002,575.68,727.16,Gumbel,431,1.0066,428.195,0.0049,Wye at Belmont,Wye,1895.9,52.04518,-2.75233,348500,238799,EA-WM,VA
20,729,1.69,1.0641,55002,645.42,823.4,Gumbel,431,1.0066,428.195,0.0049,Wye at Belmont,Wye,1895.9,52.04518,-2.75233,348500,238799,EA-WM,VA
30,777,1.8,1.0662,55002,685.26,881.02,Gumbel,431,1.0066,428.195,0.0049,Wye at Belmont,Wye,1895.9,52.04518,-2.75233,348500,238799,EA-WM,VA
50,836,1.94,1.0696,55002,732.71,953.85,Gumbel,431,1.0066,428.195,0.0049,Wye at Belmont,Wye,1895.9,52.04518,-2.75233,348500,238799,EA-WM,VA
75,883,2.05,1.0727,55002,769.53,1013.21,Gumbel,431,1.0066,428.195,0.0049,Wye at Belmont,Wye,1895.9,52.04518,-2.75233,348500,238799,EA-WM,VA
100,916,2.13,1.0752,55002,794.65,1055.88,Gumbel,431,1.0066,428.195,0.0049,Wye at Belmont,Wye,1895.9,52.04518,-2.75233,348500,238799,EA-WM,VA
200,996,2.31,1.0822,55002,853.13,1162.79,Gumbel,431,1.0066,428.195,0.0049,Wye at Belmont,Wye,1895.9,52.04518,-2.75233,348500,238799,EA-WM,VA
500,1100,2.55,1.0933,55002,923.56,1310.15,Gumbel,431,1.0066,428.195,0.0049,Wye at Belmont,Wye,1895.9,52.04518,-2.75233,348500,238799,EA-WM,VA
1000,1180,2.74,1.1031,55002,973.55,1430.23,Gumbel,431,1.0066,428.195,0.0049,Wye at Belmont,Wye,1895.9,52.04518,-2.75233,348500,238799,EA-WM,VA
2,56.5,1,1.072,55004,49.3,64.75,Gumbel,56.5,1.0029,56.339,0.0025,Irfon at Abernant,Irfon,72.8,52.1013,-3.62126,289048,246014,NRW,VA
5,71.5,1.27,1.073,55004,62.28,82.09,Gumbel,56.5,1.0029,56.339,0.0025,Irfon at Abernant,Irfon,72.8,52.1013,-3.62126,289048,246014,NRW,VA
10,81.5,1.44,1.075,55004,70.73,93.91,Gumbel,56.5,1.0029,56.339,0.0025,Irfon at Abernant,Irfon,72.8,52.1013,-3.62126,289048,246014,NRW,VA
20,91,1.61,1.0781,55004,78.53,105.45,Gumbel,56.5,1.0029,56.339,0.0025,Irfon at Abernant,Irfon,72.8,52.1013,-3.62126,289048,246014,NRW,VA
30,96.5,1.71,1.0805,55004,82.91,112.31,Gumbel,56.5,1.0029,56.339,0.0025,Irfon at Abernant,Irfon,72.8,52.1013,-3.62126,289048,246014,NRW,VA
50,103,1.83,1.0841,55004,87.92,120.66,Gumbel,56.5,1.0029,56.339,0.0025,Irfon at Abernant,Irfon,72.8,52.1013,-3.62126,289048,246014,NRW,VA
75,109,1.93,1.0875,55004,92.48,128.48,Gumbel,56.5,1.0029,56.339,0.0025,Irfon at Abernant,Irfon,72.8,52.1013,-3.62126,289048,246014,NRW,VA
100,113,1.99,1.0902,55004,95.4,133.84,Gumbel,56.5,1.0029,56.339,0.0025,Irfon at Abernant,Irfon,72.8,52.1013,-3.62126,289048,246014,NRW,VA
200,122,2.16,1.0976,55004,101.65,146.43,Gumbel,56.5,1.0029,56.339,0.0025,Irfon at Abernant,Irfon,72.8,52.1013,-3.62126,289048,246014,NRW,VA
500,134,2.37,1.1094,55004,109.33,164.24,Gumbel,56.5,1.0029,56.339,0.0025,Irfon at Abernant,Irfon,72.8,52.1013,-3.62126,289048,246014,NRW,VA
1000,143,2.54,1.1197,55004,114.58,178.47,Gumbel,56.5,1.0029,56.339,0.0025,Irfon at Abernant,Irfon,72.8,52.1013,-3.62126,289048,246014,NRW,VA
2,516,1,1.0538,55007,465.63,571.82,GEV,516,1.0046,513.643,0.0037,Wye at Erwood,Wye,1282.1,52.09101,-3.35038,307580,244490,NRW,VA
5,687,1.33,1.0549,55007,618.68,762.87,GEV,516,1.0046,513.643,0.0037,Wye at Erwood,Wye,1282.1,52.09101,-3.35038,307580,244490,NRW,VA
10,810,1.57,1.0581,55007,725.12,904.81,GEV,516,1.0046,513.643,0.0037,Wye at Erwood,Wye,1282.1,52.09101,-3.35038,307580,244490,NRW,VA
20,937,1.82,1.0637,55007,830.18,1057.56,GEV,516,1.0046,513.643,0.0037,Wye at Erwood,Wye,1282.1,52.09101,-3.35038,307580,244490,NRW,VA
30,1010,1.97,1.068,55007,887.81,1149,GEV,516,1.0046,513.643,0.0037,Wye at Erwood,Wye,1282.1,52.09101,-3.35038,307580,244490,NRW,VA
50,1110,2.16,1.0747,55007,963.83,1278.34,GEV,516,1.0046,513.643,0.0037,Wye at Erwood,Wye,1282.1,52.09101,-3.35038,307580,244490,NRW,VA
75,1200,2.32,1.0808,55007,1030.48,1397.4,GEV,516,1.0046,513.643,0.0037,Wye at Erwood,Wye,1282.1,52.09101,-3.35038,307580,244490,NRW,VA
100,1260,2.44,1.0855,55007,1072.84,1479.81,GEV,516,1.0046,513.643,0.0037,Wye at Erwood,Wye,1282.1,52.09101,-3.35038,307580,244490,NRW,VA
200,1410,2.73,1.0985,55007,1172.87,1695.07,GEV,516,1.0046,513.643,0.0037,Wye at Erwood,Wye,1282.1,52.09101,-3.35038,307580,244490,NRW,VA
500,1630,3.15,1.1182,55007,1309.45,2029.02,GEV,516,1.0046,513.643,0.0037,Wye at Erwood,Wye,1282.1,52.09101,-3.35038,307580,244490,NRW,VA
1000,1800,3.5,1.135,55007,1404.37,2307.09,GEV,516,1.0046,513.643,0.0037,Wye at Erwood,Wye,1282.1,52.09101,-3.35038,307580,244490,NRW,VA
2,27.9,1,1.0456,55013,25.57,30.45,GEV,27.9,1.0102,27.618,0.0068,Arrow at Titley Mill,Arrow,126.4,52.22059,-2.98481,332821,258500,EA-WM,VA
5,38.5,1.38,1.0461,55013,35.24,42.06,GEV,27.9,1.0102,27.618,0.0068,Arrow at Titley Mill,Arrow,126.4,52.22059,-2.98481,332821,258500,EA-WM,VA
10,46.2,1.66,1.0486,55013,42.1,50.7,GEV,27.9,1.0102,27.618,0.0068,Arrow at Titley Mill,Arrow,126.4,52.22059,-2.98481,332821,258500,EA-WM,VA
20,54.1,1.94,1.0531,55013,48.88,59.87,GEV,27.9,1.0102,27.618,0.0068,Arrow at Titley Mill,Arrow,126.4,52.22059,-2.98481,332821,258500,EA-WM,VA
30,58.9,2.11,1.0566,55013,52.88,65.61,GEV,27.9,1.0102,27.618,0.0068,Arrow at Titley Mill,Arrow,126.4,52.22059,-2.98481,332821,258500,EA-WM,VA
50,65.2,2.34,1.0622,55013,57.93,73.39,GEV,27.9,1.0102,27.618,0.0068,Arrow at Titley Mill,Arrow,126.4,52.22059,-2.98481,332821,258500,EA-WM,VA
75,70.4,2.52,1.0673,55013,61.96,79.99,GEV,27.9,1.0102,27.618,0.0068,Arrow at Titley Mill,Arrow,126.4,52.22059,-2.98481,332821,258500,EA-WM,VA
100,74.2,2.66,1.0713,55013,64.83,84.92,GEV,27.9,1.0102,27.618,0.0068,Arrow at Titley Mill,Arrow,126.4,52.22059,-2.98481,332821,258500,EA-WM,VA
200,83.8,3,1.0822,55013,71.78,97.83,GEV,27.9,1.0102,27.618,0.0068,Arrow at Titley Mill,Arrow,126.4,52.22059,-2.98481,332821,258500,EA-WM,VA
500,97.5,3.49,1.0988,55013,81.06,117.27,GEV,27.9,1.0102,27.618,0.0068,Arrow at Titley Mill,Arrow,126.4,52.22059,-2.98481,332821,258500,EA-WM,VA
1000,109,3.89,1.1128,55013,88.4,134.4,GEV,27.9,1.0102,27.618,0.0068,Arrow at Titley Mill,Arrow,126.4,52.22059,-2.98481,332821,258500,EA-WM,VA
2,43,1,1.0943,55021,36.04,51.31,Gumbel,43,1.0177,42.252,0.0094,Lugg at Butts Bridge,Lugg,371,52.22642,-2.73038,350208,258942,EA-WM,VA
5,59.9,1.39,1.095,55021,50.14,71.56,Gumbel,43,1.0177,42.252,0.0094,Lugg at Butts Bridge,Lugg,371,52.22642,-2.73038,350208,258942,EA-WM,VA
10,71.1,1.65,1.0966,55021,59.34,85.19,Gumbel,43,1.0177,42.252,0.0094,Lugg at Butts Bridge,Lugg,371,52.22642,-2.73038,350208,258942,EA-WM,VA
20,81.9,1.9,1.0991,55021,68.05,98.56,Gumbel,43,1.0177,42.252,0.0094,Lugg at Butts Bridge,Lugg,371,52.22642,-2.73038,350208,258942,EA-WM,VA
30,88.1,2.05,1.1009,55021,72.97,106.37,Gumbel,43,1.0177,42.252,0.0094,Lugg at Butts Bridge,Lugg,371,52.22642,-2.73038,350208,258942,EA-WM,VA
50,95.8,2.23,1.1039,55021,78.93,116.28,Gumbel,43,1.0177,42.252,0.0094,Lugg at Butts Bridge,Lugg,371,52.22642,-2.73038,350208,258942,EA-WM,VA
75,102,2.37,1.1066,55021,83.63,124.4,Gumbel,43,1.0177,42.252,0.0094,Lugg at Butts Bridge,Lugg,371,52.22642,-2.73038,350208,258942,EA-WM,VA
100,106,2.47,1.1088,55021,86.58,129.78,Gumbel,43,1.0177,42.252,0.0094,Lugg at Butts Bridge,Lugg,371,52.22642,-2.73038,350208,258942,EA-WM,VA
200,117,2.71,1.1148,55021,94.55,144.77,Gumbel,43,1.0177,42.252,0.0094,Lugg at Butts Bridge,Lugg,371,52.22642,-2.73038,350208,258942,EA-WM,VA
500,130,3.03,1.1246,55021,103.27,163.64,Gumbel,43,1.0177,42.252,0.0094,Lugg at Butts Bridge,Lugg,371,52.22642,-2.73038,350208,258942,EA-WM,VA
1000,141,3.27,1.1332,55021,110.35,180.16,Gumbel,43,1.0177,42.252,0.0094,Lugg at Butts Bridge,Lugg,371,52.22642,-2.73038,350208,258942,EA-WM,VA
2,116,1,1.0503,55026,105.36,127.71,Kappa3,116,1.0041,115.528,0.0034,Wye at Ddol Farm,Wye,174,52.2968,-3.50328,297580,267584,NRW,FVVA
5,149,1.28,1.0519,55026,134.93,164.53,Kappa3,116,1.0041,115.528,0.0034,Wye at Ddol Farm,Wye,174,52.2968,-3.50328,297580,267584,NRW,FVVA
10,172,1.48,1.0544,55026,155.04,190.82,Kappa3,116,1.0041,115.528,0.0034,Wye at Ddol Farm,Wye,174,52.2968,-3.50328,297580,267584,NRW,FVVA
20,196,1.69,1.0581,55026,175.46,218.94,Kappa3,116,1.0041,115.528,0.0034,Wye at Ddol Farm,Wye,174,52.2968,-3.50328,297580,267584,NRW,FVVA
30,211,1.82,1.0608,55026,187.95,236.88,Kappa3,116,1.0041,115.528,0.0034,Wye at Ddol Farm,Wye,174,52.2968,-3.50328,297580,267584,NRW,FVVA
50,230,1.99,1.065,55026,203.29,260.22,Kappa3,116,1.0041,115.528,0.0034,Wye at Ddol Farm,Wye,174,52.2968,-3.50328,297580,267584,NRW,FVVA
75,247,2.13,1.0688,55026,216.8,281.41,Kappa3,116,1.0041,115.528,0.0034,Wye at Ddol Farm,Wye,174,52.2968,-3.50328,297580,267584,NRW,FVVA
100,259,2.23,1.0717,55026,226.13,296.65,Kappa3,116,1.0041,115.528,0.0034,Wye at Ddol Farm,Wye,174,52.2968,-3.50328,297580,267584,NRW,FVVA
200,289,2.49,1.0798,55026,248.63,335.93,Kappa3,116,1.0041,115.528,0.0034,Wye at Ddol Farm,Wye,174,52.2968,-3.50328,297580,267584,NRW,FVVA
500,334,2.88,1.0922,55026,280.98,397.03,Kappa3,116,1.0041,115.528,0.0034,Wye at Ddol Farm,Wye,174,52.2968,-3.50328,297580,267584,NRW,FVVA
1000,371,3.2,1.1029,55026,306.2,449.52,Kappa3,116,1.0041,115.528,0.0034,Wye at Ddol Farm,Wye,174,52.2968,-3.50328,297580,267584,NRW,FVVA
2,150,1,1.0607,55029,133.64,168.37,Gumbel,150,1.0094,148.6,0.0051,Monnow at Grosmont,Monnow,354,51.91893,-2.85041,341609,224831,NRW,VA
5,208,1.39,1.0626,55029,184.66,234.29,Gumbel,150,1.0094,148.6,0.0051,Monnow at Grosmont,Monnow,354,51.91893,-2.85041,341609,224831,NRW,VA
10,246,1.64,1.066,55029,217.04,278.83,Gumbel,150,1.0094,148.6,0.0051,Monnow at Grosmont,Monnow,354,51.91893,-2.85041,341609,224831,NRW,VA
20,283,1.89,1.0712,55029,247.31,323.84,Gumbel,150,1.0094,148.6,0.0051,Monnow at Grosmont,Monnow,354,51.91893,-2.85041,341609,224831,NRW,VA
30,304,2.03,1.075,55029,263.82,350.3,Gumbel,150,1.0094,148.6,0.0051,Monnow at Grosmont,Monnow,354,51.91893,-2.85041,341609,224831,NRW,VA
50,331,2.21,1.0808,55029,284.24,385.45,Gumbel,150,1.0094,148.6,0.0051,Monnow at Grosmont,Monnow,354,51.91893,-2.85041,341609,224831,NRW,VA
75,352,2.35,1.0861,55029,299.39,413.85,Gumbel,150,1.0094,148.6,0.0051,Monnow at Grosmont,Monnow,354,51.91893,-2.85041,341609,224831,NRW,VA
100,367,2.44,1.0902,55029,309.85,434.69,Gumbel,150,1.0094,148.6,0.0051,Monnow at Grosmont,Monnow,354,51.91893,-2.85041,341609,224831,NRW,VA
200,402,2.68,1.1012,55029,332.79,485.61,Gumbel,150,1.0094,148.6,0.0051,Monnow at Grosmont,Monnow,354,51.91893,-2.85041,341609,224831,NRW,VA
500,449,2.99,1.1181,55029,360.76,558.82,Gumbel,150,1.0094,148.6,0.0051,Monnow at Grosmont,Monnow,354,51.91893,-2.85041,341609,224831,NRW,VA
1000,485,3.23,1.1323,55029,380.17,618.74,Gumbel,150,1.0094,148.6,0.0051,Monnow at Grosmont,Monnow,354,51.91893,-2.85041,341609,224831,NRW,VA
2,370,1,1.0411,56001,341.91,400.39,GEV,370,1.0183,363.365,0.0098,Usk at Chainbridge,Usk,911.7,51.74519,-2.94858,334606,205591,NRW,VA
5,496,1.34,1.0438,56001,456.03,539.48,GEV,370,1.0183,363.365,0.0098,Usk at Chainbridge,Usk,911.7,51.74519,-2.94858,334606,205591,NRW,VA
10,592,1.6,1.0499,56001,538.11,651.29,GEV,370,1.0183,363.365,0.0098,Usk at Chainbridge,Usk,911.7,51.74519,-2.94858,334606,205591,NRW,VA
20,695,1.88,1.0592,56001,620.91,777.93,GEV,370,1.0183,363.365,0.0098,Usk at Chainbridge,Usk,911.7,51.74519,-2.94858,334606,205591,NRW,VA
30,760,2.05,1.0659,56001,670.64,861.27,GEV,370,1.0183,363.365,0.0098,Usk at Chainbridge,Usk,911.7,51.74519,-2.94858,334606,205591,NRW,VA
50,847,2.29,1.0757,56001,734.12,977.23,GEV,370,1.0183,363.365,0.0098,Usk at Chainbridge,Usk,911.7,51.74519,-2.94858,334606,205591,NRW,VA
75,921,2.49,1.0843,56001,785.9,1079.33,GEV,370,1.0183,363.365,0.0098,Usk at Chainbridge,Usk,911.7,51.74519,-2.94858,334606,205591,NRW,VA
100,977,2.64,1.0908,56001,823.98,1158.44,GEV,370,1.0183,363.365,0.0098,Usk at Chainbridge,Usk,911.7,51.74519,-2.94858,334606,205591,NRW,VA
200,1120,3.03,1.1079,56001,916.21,1369.11,GEV,370,1.0183,363.365,0.0098,Usk at Chainbridge,Usk,911.7,51.74519,-2.94858,334606,205591,NRW,VA
500,1330,3.61,1.133,56001,1041.26,1698.8,GEV,370,1.0183,363.365,0.0098,Usk at Chainbridge,Usk,911.7,51.74519,-2.94858,334606,205591,NRW,VA
1000,1520,4.1,1.1538,56001,1148.33,2011.96,GEV,370,1.0183,363.365,0.0098,Usk at Chainbridge,Usk,911.7,51.74519,-2.94858,334606,205591,NRW,VA
2,106,1,1.0382,56002,98.49,114.08,GEV,106,1.1617,91.249,0.0945,Ebbw at Rhiwderin,Ebbw,211.82,51.59386,-3.07157,325868,188879,NRW,FVVA
5,138,1.3,1.0393,56002,127.96,148.83,GEV,106,1.1617,91.249,0.0945,Ebbw at Rhiwderin,Ebbw,211.82,51.59386,-3.07157,325868,188879,NRW,FVVA
10,159,1.5,1.0418,56002,146.74,172.29,GEV,106,1.1617,91.249,0.0945,Ebbw at Rhiwderin,Ebbw,211.82,51.59386,-3.07157,325868,188879,NRW,FVVA
20,181,1.71,1.0459,56002,165.76,197.64,GEV,106,1.1617,91.249,0.0945,Ebbw at Rhiwderin,Ebbw,211.82,51.59386,-3.07157,325868,188879,NRW,FVVA
30,194,1.83,1.0491,56002,176.6,213.11,GEV,106,1.1617,91.249,0.0945,Ebbw at Rhiwderin,Ebbw,211.82,51.59386,-3.07157,325868,188879,NRW,FVVA
50,210,1.98,1.054,56002,189.43,232.8,GEV,106,1.1617,91.249,0.0945,Ebbw at Rhiwderin,Ebbw,211.82,51.59386,-3.07157,325868,188879,NRW,FVVA
75,223,2.1,1.0585,56002,199.49,249.29,GEV,106,1.1617,91.249,0.0945,Ebbw at Rhiwderin,Ebbw,211.82,51.59386,-3.07157,325868,188879,NRW,FVVA
100,232,2.19,1.062,56002,206.2,261.03,GEV,106,1.1617,91.249,0.0945,Ebbw at Rhiwderin,Ebbw,211.82,51.59386,-3.07157,325868,188879,NRW,FVVA
200,256,2.41,1.0714,56002,223.63,293.05,GEV,106,1.1617,91.249,0.0945,Ebbw at Rhiwderin,Ebbw,211.82,51.59386,-3.07157,325868,188879,NRW,FVVA
500,287,2.71,1.0859,56002,244.19,337.31,GEV,106,1.1617,91.249,0.0945,Ebbw at Rhiwderin,Ebbw,211.82,51.59386,-3.07157,325868,188879,NRW,FVVA
1000,312,2.94,1.0982,56002,259.67,374.88,GEV,106,1.1617,91.249,0.0945,Ebbw at Rhiwderin,Ebbw,211.82,51.59386,-3.07157,325868,188879,NRW,FVVA
2,352,1,1.0432,56004,324,382.42,Kappa3,352,1.0088,348.92,0.0056,Usk at Llandetty,Usk,543.9,51.87529,-3.27011,312660,220398,NRW,VA
5,460,1.31,1.0461,56004,421.11,502.48,Kappa3,352,1.0088,348.92,0.0056,Usk at Llandetty,Usk,543.9,51.87529,-3.27011,312660,220398,NRW,VA
10,540,1.53,1.0495,56004,491.21,593.63,Kappa3,352,1.0088,348.92,0.0056,Usk at Llandetty,Usk,543.9,51.87529,-3.27011,312660,220398,NRW,VA
20,625,1.78,1.0544,56004,563.36,693.38,Kappa3,352,1.0088,348.92,0.0056,Usk at Llandetty,Usk,543.9,51.87529,-3.27011,312660,220398,NRW,VA
30,679,1.93,1.0581,56004,607.85,758.48,Kappa3,352,1.0088,348.92,0.0056,Usk at Llandetty,Usk,543.9,51.87529,-3.27011,312660,220398,NRW,VA
50,751,2.13,1.0636,56004,665.51,847.47,Kappa3,352,1.0088,348.92,0.0056,Usk at Llandetty,Usk,543.9,51.87529,-3.27011,312660,220398,NRW,VA
75,812,2.31,1.0686,56004,712.98,924.77,Kappa3,352,1.0088,348.92,0.0056,Usk at Llandetty,Usk,543.9,51.87529,-3.27011,312660,220398,NRW,VA
100,857,2.43,1.0725,56004,747.14,983.01,Kappa3,352,1.0088,348.92,0.0056,Usk at Llandetty,Usk,543.9,51.87529,-3.27011,312660,220398,NRW,VA
200,976,2.77,1.083,56004,834.79,1141.09,Kappa3,352,1.0088,348.92,0.0056,Usk at Llandetty,Usk,543.9,51.87529,-3.27011,312660,220398,NRW,VA
500,1150,3.28,1.099,56004,955.75,1383.74,Kappa3,352,1.0088,348.92,0.0056,Usk at Llandetty,Usk,543.9,51.87529,-3.27011,312660,220398,NRW,VA
1000,1310,3.71,1.1126,56004,1062.79,1614.71,Kappa3,352,1.0088,348.92,0.0056,Usk at Llandetty,Usk,543.9,51.87529,-3.27011,312660,220398,NRW,VA
2,164,1,1.056,56006,147.39,182.48,GEV,164,1.004,163.35,0.003,Usk at Trallong,Usk,183.8,51.95441,-3.53333,294726,229547,NRW,VA
5,215,1.31,1.0565,56006,193.04,239.45,GEV,164,1.004,163.35,0.003,Usk at Trallong,Usk,183.8,51.95441,-3.53333,294726,229547,NRW,VA
10,251,1.53,1.0582,56006,224.66,280.43,GEV,164,1.004,163.35,0.003,Usk at Trallong,Usk,183.8,51.95441,-3.53333,294726,229547,NRW,VA
20,287,1.75,1.0613,56006,255.41,322.5,GEV,164,1.004,163.35,0.003,Usk at Trallong,Usk,183.8,51.95441,-3.53333,294726,229547,NRW,VA
30,307,1.87,1.0637,56006,272,346.5,GEV,164,1.004,163.35,0.003,Usk at Trallong,Usk,183.8,51.95441,-3.53333,294726,229547,NRW,VA
50,334,2.04,1.0676,56006,293.81,379.69,GEV,164,1.004,163.35,0.003,Usk at Trallong,Usk,183.8,51.95441,-3.53333,294726,229547,NRW,VA
75,356,2.17,1.0712,56006,311.1,407.38,GEV,164,1.004,163.35,0.003,Usk at Trallong,Usk,183.8,51.95441,-3.53333,294726,229547,NRW,VA
100,371,2.26,1.0742,56006,322.44,426.88,GEV,164,1.004,163.35,0.003,Usk at Trallong,Usk,183.8,51.95441,-3.53333,294726,229547,NRW,VA
200,410,2.5,1.0823,56006,351.13,478.75,GEV,164,1.004,163.35,0.003,Usk at Trallong,Usk,183.8,51.95441,-3.53333,294726,229547,NRW,VA
500,462,2.82,1.0953,56006,386.51,552.24,GEV,164,1.004,163.35,0.003,Usk at Trallong,Usk,183.8,51.95441,-3.53333,294726,229547,NRW,VA
1000,503,3.07,1.1067,56006,412.35,613.57,GEV,164,1.004,163.35,0.003,Usk at Trallong,Usk,183.8,51.95441,-3.53333,294726,229547,NRW,VA
2,353,1,1.0598,57005,315.02,395.56,Kappa3,353,1.0908,323.627,0.0724,Taff at Pontypridd,Taff,454.8,51.59873,-3.33076,307924,189715,NRW,FVVA
5,443,1.25,1.0596,57005,395.48,496.23,Kappa3,353,1.0908,323.627,0.0724,Taff at Pontypridd,Taff,454.8,51.59873,-3.33076,307924,189715,NRW,FVVA
10,504,1.43,1.0603,57005,449.36,565.29,Kappa3,353,1.0908,323.627,0.0724,Taff at Pontypridd,Taff,454.8,51.59873,-3.33076,307924,189715,NRW,FVVA
20,566,1.6,1.062,57005,503.05,636.83,Kappa3,353,1.0908,323.627,0.0724,Taff at Pontypridd,Taff,454.8,51.59873,-3.33076,307924,189715,NRW,FVVA
30,603,1.71,1.0635,57005,534.46,680.33,Kappa3,353,1.0908,323.627,0.0724,Taff at Pontypridd,Taff,454.8,51.59873,-3.33076,307924,189715,NRW,FVVA
50,651,1.84,1.0661,57005,574.24,738.01,Kappa3,353,1.0908,323.627,0.0724,Taff at Pontypridd,Taff,454.8,51.59873,-3.33076,307924,189715,NRW,FVVA
75,690,1.96,1.0687,57005,605.75,785.97,Kappa3,353,1.0908,323.627,0.0724,Taff at Pontypridd,Taff,454.8,51.59873,-3.33076,307924,189715,NRW,FVVA
100,719,2.04,1.0708,57005,628.78,822.16,Kappa3,353,1.0908,323.627,0.0724,Taff at Pontypridd,Taff,454.8,51.59873,-3.33076,307924,189715,NRW,FVVA
200,791,2.24,1.077,57005,683.96,914.79,Kappa3,353,1.0908,323.627,0.0724,Taff at Pontypridd,Taff,454.8,51.59873,-3.33076,307924,189715,NRW,FVVA
500,893,2.53,1.0874,57005,757.75,1052.38,Kappa3,353,1.0908,323.627,0.0724,Taff at Pontypridd,Taff,454.8,51.59873,-3.33076,307924,189715,NRW,FVVA
1000,975,2.76,1.0967,57005,813.64,1168.36,Kappa3,353,1.0908,323.627,0.0724,Taff at Pontypridd,Taff,454.8,51.59873,-3.33076,307924,189715,NRW,FVVA
2,118,1,1.0521,57006,106.82,130.35,Gumbel,118,1.1018,107.1,0.0904,Rhondda at Trehafod,Rhondda,102.7,51.60935,-3.36921,305283,190946,NRW,VA
5,149,1.26,1.0524,57006,134.81,164.69,Gumbel,118,1.1018,107.1,0.0904,Rhondda at Trehafod,Rhondda,102.7,51.60935,-3.36921,305283,190946,NRW,VA
10,170,1.44,1.0534,57006,153.52,188.25,Gumbel,118,1.1018,107.1,0.0904,Rhondda at Trehafod,Rhondda,102.7,51.60935,-3.36921,305283,190946,NRW,VA
20,190,1.61,1.0552,57006,171.01,211.1,Gumbel,118,1.1018,107.1,0.0904,Rhondda at Trehafod,Rhondda,102.7,51.60935,-3.36921,305283,190946,NRW,VA
30,201,1.7,1.0566,57006,180.44,223.9,Gumbel,118,1.1018,107.1,0.0904,Rhondda at Trehafod,Rhondda,102.7,51.60935,-3.36921,305283,190946,NRW,VA
50,215,1.82,1.059,57006,192.15,240.57,Gumbel,118,1.1018,107.1,0.0904,Rhondda at Trehafod,Rhondda,102.7,51.60935,-3.36921,305283,190946,NRW,VA
75,226,1.92,1.0614,57006,201.09,254,Gumbel,118,1.1018,107.1,0.0904,Rhondda at Trehafod,Rhondda,102.7,51.60935,-3.36921,305283,190946,NRW,VA
100,234,1.99,1.0633,57006,207.48,263.91,Gumbel,118,1.1018,107.1,0.0904,Rhondda at Trehafod,Rhondda,102.7,51.60935,-3.36921,305283,190946,NRW,VA
200,254,2.15,1.0687,57006,222.99,289.33,Gumbel,118,1.1018,107.1,0.0904,Rhondda at Trehafod,Rhondda,102.7,51.60935,-3.36921,305283,190946,NRW,VA
500,279,2.36,1.0776,57006,240.98,323.01,Gumbel,118,1.1018,107.1,0.0904,Rhondda at Trehafod,Rhondda,102.7,51.60935,-3.36921,305283,190946,NRW,VA
1000,298,2.52,1.0856,57006,253.69,350.05,Gumbel,118,1.1018,107.1,0.0904,Rhondda at Trehafod,Rhondda,102.7,51.60935,-3.36921,305283,190946,NRW,VA
2,167,1,1.0929,57007,140.31,198.76,GenLog,167,1.063,157.097,0.0505,Taff at Fiddlers Elbow,Taff,194.5,51.64777,-3.3178,308920,195153,NRW,FVVA
5,220,1.32,1.0928,57007,184.88,261.8,GenLog,167,1.063,157.097,0.0505,Taff at Fiddlers Elbow,Taff,194.5,51.64777,-3.3178,308920,195153,NRW,FVVA
10,260,1.56,1.0941,57007,217.98,310.12,GenLog,167,1.063,157.097,0.0505,Taff at Fiddlers Elbow,Taff,194.5,51.64777,-3.3178,308920,195153,NRW,FVVA
20,304,1.82,1.0965,57007,253.78,364.16,GenLog,167,1.063,157.097,0.0505,Taff at Fiddlers Elbow,Taff,194.5,51.64777,-3.3178,308920,195153,NRW,FVVA
30,333,1.99,1.0985,57007,277,400.32,GenLog,167,1.063,157.097,0.0505,Taff at Fiddlers Elbow,Taff,194.5,51.64777,-3.3178,308920,195153,NRW,FVVA
50,372,2.23,1.1018,57007,307.62,449.85,GenLog,167,1.063,157.097,0.0505,Taff at Fiddlers Elbow,Taff,194.5,51.64777,-3.3178,308920,195153,NRW,FVVA
75,407,2.44,1.1049,57007,334.72,494.89,GenLog,167,1.063,157.097,0.0505,Taff at Fiddlers Elbow,Taff,194.5,51.64777,-3.3178,308920,195153,NRW,FVVA
100,434,2.6,1.1075,57007,355.28,530.16,GenLog,167,1.063,157.097,0.0505,Taff at Fiddlers Elbow,Taff,194.5,51.64777,-3.3178,308920,195153,NRW,FVVA
200,505,3.02,1.1146,57007,408.26,624.66,GenLog,167,1.063,157.097,0.0505,Taff at Fiddlers Elbow,Taff,194.5,51.64777,-3.3178,308920,195153,NRW,FVVA
500,619,3.71,1.1264,57007,490.2,781.64,GenLog,167,1.063,157.097,0.0505,Taff at Fiddlers Elbow,Taff,194.5,51.64777,-3.3178,308920,195153,NRW,FVVA
1000,722,4.32,1.1368,57007,561.56,928.28,GenLog,167,1.063,157.097,0.0505,Taff at Fiddlers Elbow,Taff,194.5,51.64777,-3.3178,308920,195153,NRW,FVVA
2,55,1,1.0845,57009,46.92,64.48,GEV,55,1.1658,47.176,0.0797,Ely at St Fagans,Ely,145,51.48559,-3.26727,312103,177055,NRW,FVVA
5,72.2,1.31,1.0867,57009,61.34,84.98,GEV,55,1.1658,47.176,0.0797,Ely at St Fagans,Ely,145,51.48559,-3.26727,312103,177055,NRW,FVVA
10,84.8,1.54,1.0901,57009,71.61,100.42,GEV,55,1.1658,47.176,0.0797,Ely at St Fagans,Ely,145,51.48559,-3.26727,312103,177055,NRW,FVVA
20,97.9,1.78,1.095,57009,81.95,116.96,GEV,55,1.1658,47.176,0.0797,Ely at St Fagans,Ely,145,51.48559,-3.26727,312103,177055,NRW,FVVA
30,106,1.93,1.0986,57009,88.16,127.45,GEV,55,1.1658,47.176,0.0797,Ely at St Fagans,Ely,145,51.48559,-3.26727,312103,177055,NRW,FVVA
50,116,2.12,1.104,57009,95.55,140.82,GEV,55,1.1658,47.176,0.0797,Ely at St Fagans,Ely,145,51.48559,-3.26727,312103,177055,NRW,FVVA
75,125,2.28,1.1089,57009,102.08,153.07,GEV,55,1.1658,47.176,0.0797,Ely at St Fagans,Ely,145,51.48559,-3.26727,312103,177055,NRW,FVVA
100,132,2.39,1.1127,57009,107.07,162.73,GEV,55,1.1658,47.176,0.0797,Ely at St Fagans,Ely,145,51.48559,-3.26727,312103,177055,NRW,FVVA
200,148,2.69,1.1232,57009,117.86,185.85,GEV,55,1.1658,47.176,0.0797,Ely at St Fagans,Ely,145,51.48559,-3.26727,312103,177055,NRW,FVVA
500,171,3.12,1.1394,57009,132.41,220.84,GEV,55,1.1658,47.176,0.0797,Ely at St Fagans,Ely,145,51.48559,-3.26727,312103,177055,NRW,FVVA
1000,191,3.47,1.1535,57009,144.37,252.69,GEV,55,1.1658,47.176,0.0797,Ely at St Fagans,Ely,145,51.48559,-3.26727,312103,177055,NRW,FVVA
2,38.9,1,1.0691,57010,34.13,44.34,Kappa3,38.9,1.1157,34.867,0.0794,Ely at Lanelay,Ely,39.4,51.53476,-3.39471,303359,182684,NRW,FVVA
5,49.4,1.27,1.069,57010,43.34,56.3,Kappa3,38.9,1.1157,34.867,0.0794,Ely at Lanelay,Ely,39.4,51.53476,-3.39471,303359,182684,NRW,FVVA
10,56.7,1.46,1.0698,57010,49.68,64.72,Kappa3,38.9,1.1157,34.867,0.0794,Ely at Lanelay,Ely,39.4,51.53476,-3.39471,303359,182684,NRW,FVVA
20,64.2,1.65,1.0716,57010,56.06,73.52,Kappa3,38.9,1.1157,34.867,0.0794,Ely at Lanelay,Ely,39.4,51.53476,-3.39471,303359,182684,NRW,FVVA
30,68.7,1.77,1.0731,57010,59.83,78.89,Kappa3,38.9,1.1157,34.867,0.0794,Ely at Lanelay,Ely,39.4,51.53476,-3.39471,303359,182684,NRW,FVVA
50,74.6,1.92,1.0757,57010,64.66,86.07,Kappa3,38.9,1.1157,34.867,0.0794,Ely at Lanelay,Ely,39.4,51.53476,-3.39471,303359,182684,NRW,FVVA
75,79.5,2.04,1.0783,57010,68.58,92.16,Kappa3,38.9,1.1157,34.867,0.0794,Ely at Lanelay,Ely,39.4,51.53476,-3.39471,303359,182684,NRW,FVVA
100,83.1,2.14,1.0804,57010,71.41,96.7,Kappa3,38.9,1.1157,34.867,0.0794,Ely at Lanelay,Ely,39.4,51.53476,-3.39471,303359,182684,NRW,FVVA
200,92.2,2.37,1.0864,57010,78.38,108.46,Kappa3,38.9,1.1157,34.867,0.0794,Ely at Lanelay,Ely,39.4,51.53476,-3.39471,303359,182684,NRW,FVVA
500,105,2.71,1.0963,57010,87.69,125.73,Kappa3,38.9,1.1157,34.867,0.0794,Ely at Lanelay,Ely,39.4,51.53476,-3.39471,303359,182684,NRW,FVVA
1000,116,2.98,1.1053,57010,95.33,141.15,Kappa3,38.9,1.1157,34.867,0.0794,Ely at Lanelay,Ely,39.4,51.53476,-3.39471,303359,182684,NRW,FVVA
2,54.9,1,1.0804,57014,47.18,63.88,GEV,54.9,1.0745,51.093,0.0545,Rhymney at Bargoed,Rhymney,63.2,51.67783,-3.22211,315596,198381,NRW,FV
5,70.5,1.28,1.08,57014,60.63,81.98,GEV,54.9,1.0745,51.093,0.0545,Rhymney at Bargoed,Rhymney,63.2,51.67783,-3.22211,315596,198381,NRW,FV
10,80.9,1.47,1.0804,57014,69.52,94.14,GEV,54.9,1.0745,51.093,0.0545,Rhymney at Bargoed,Rhymney,63.2,51.67783,-3.22211,315596,198381,NRW,FV
20,90.9,1.66,1.0817,57014,77.93,106.03,GEV,54.9,1.0745,51.093,0.0545,Rhymney at Bargoed,Rhymney,63.2,51.67783,-3.22211,315596,198381,NRW,FV
30,96.7,1.76,1.0829,57014,82.72,113.04,GEV,54.9,1.0745,51.093,0.0545,Rhymney at Bargoed,Rhymney,63.2,51.67783,-3.22211,315596,198381,NRW,FV
50,104,1.89,1.0849,57014,88.65,122.01,GEV,54.9,1.0745,51.093,0.0545,Rhymney at Bargoed,Rhymney,63.2,51.67783,-3.22211,315596,198381,NRW,FV
75,110,2,1.0869,57014,93.42,129.52,GEV,54.9,1.0745,51.093,0.0545,Rhymney at Bargoed,Rhymney,63.2,51.67783,-3.22211,315596,198381,NRW,FV
100,114,2.07,1.0886,57014,96.53,134.64,GEV,54.9,1.0745,51.093,0.0545,Rhymney at Bargoed,Rhymney,63.2,51.67783,-3.22211,315596,198381,NRW,FV
200,124,2.26,1.0935,57014,104.07,147.74,GEV,54.9,1.0745,51.093,0.0545,Rhymney at Bargoed,Rhymney,63.2,51.67783,-3.22211,315596,198381,NRW,FV
500,137,2.5,1.1018,57014,113.29,165.67,GEV,54.9,1.0745,51.093,0.0545,Rhymney at Bargoed,Rhymney,63.2,51.67783,-3.22211,315596,198381,NRW,FV
1000,147,2.68,1.1096,57014,119.89,180.24,GEV,54.9,1.0745,51.093,0.0545,Rhymney at Bargoed,Rhymney,63.2,51.67783,-3.22211,315596,198381,NRW,FV
2,95.1,1,1.0471,57015,86.9,104.08,GenLog,95.1,1.0166,93.549,0.015,Taff at Merthyr Tydfil,Taff,111.25,51.75182,-3.38764,304308,206814,NRW,FVVA
5,125,1.31,1.0473,57015,114.17,136.85,GenLog,95.1,1.0166,93.549,0.015,Taff at Merthyr Tydfil,Taff,111.25,51.75182,-3.38764,304308,206814,NRW,FVVA
10,147,1.55,1.0497,57015,133.67,161.66,GenLog,95.1,1.0166,93.549,0.015,Taff at Merthyr Tydfil,Taff,111.25,51.75182,-3.38764,304308,206814,NRW,FVVA
20,172,1.81,1.0541,57015,155.12,190.71,GenLog,95.1,1.0166,93.549,0.015,Taff at Merthyr Tydfil,Taff,111.25,51.75182,-3.38764,304308,206814,NRW,FVVA
30,188,1.98,1.0576,57015,168.46,209.81,GenLog,95.1,1.0166,93.549,0.015,Taff at Merthyr Tydfil,Taff,111.25,51.75182,-3.38764,304308,206814,NRW,FVVA
50,210,2.21,1.0631,57015,186.27,236.76,GenLog,95.1,1.0166,93.549,0.015,Taff at Merthyr Tydfil,Taff,111.25,51.75182,-3.38764,304308,206814,NRW,FVVA
75,230,2.42,1.0682,57015,202.1,261.75,GenLog,95.1,1.0166,93.549,0.015,Taff at Merthyr Tydfil,Taff,111.25,51.75182,-3.38764,304308,206814,NRW,FVVA
100,245,2.58,1.0722,57015,213.71,280.87,GenLog,95.1,1.0166,93.549,0.015,Taff at Merthyr Tydfil,Taff,111.25,51.75182,-3.38764,304308,206814,NRW,FVVA
200,286,3.01,1.0831,57015,244.58,334.44,GenLog,95.1,1.0166,93.549,0.015,Taff at Merthyr Tydfil,Taff,111.25,51.75182,-3.38764,304308,206814,NRW,FVVA
500,351,3.69,1.0999,57015,291.24,423.02,GenLog,95.1,1.0166,93.549,0.015,Taff at Merthyr Tydfil,Taff,111.25,51.75182,-3.38764,304308,206814,NRW,FVVA
1000,411,4.32,1.1142,57015,332.5,508.03,GenLog,95.1,1.0166,93.549,0.015,Taff at Merthyr Tydfil,Taff,111.25,51.75182,-3.38764,304308,206814,NRW,FVVA
2,24.3,1,1.0622,57017,21.59,27.35,Kappa3,24.3,1.0197,23.831,0.0197,Rhondda Fawr at Tynewydd,Rhondda Fawr,16.6,51.67677,-3.54515,293259,198687,NRW,FVVA
5,30.8,1.27,1.0634,57017,27.3,34.74,Kappa3,24.3,1.0197,23.831,0.0197,Rhondda Fawr at Tynewydd,Rhondda Fawr,16.6,51.67677,-3.54515,293259,198687,NRW,FVVA
10,35.4,1.46,1.0656,57017,31.25,40.09,Kappa3,24.3,1.0197,23.831,0.0197,Rhondda Fawr at Tynewydd,Rhondda Fawr,16.6,51.67677,-3.54515,293259,198687,NRW,FVVA
20,40.1,1.65,1.0691,57017,35.18,45.71,Kappa3,24.3,1.0197,23.831,0.0197,Rhondda Fawr at Tynewydd,Rhondda Fawr,16.6,51.67677,-3.54515,293259,198687,NRW,FVVA
30,42.9,1.77,1.0716,57017,37.46,49.13,Kappa3,24.3,1.0197,23.831,0.0197,Rhondda Fawr at Tynewydd,Rhondda Fawr,16.6,51.67677,-3.54515,293259,198687,NRW,FVVA
50,46.6,1.92,1.0756,57017,40.4,53.76,Kappa3,24.3,1.0197,23.831,0.0197,Rhondda Fawr at Tynewydd,Rhondda Fawr,16.6,51.67677,-3.54515,293259,198687,NRW,FVVA
75,49.7,2.04,1.0792,57017,42.8,57.71,Kappa3,24.3,1.0197,23.831,0.0197,Rhondda Fawr at Tynewydd,Rhondda Fawr,16.6,51.67677,-3.54515,293259,198687,NRW,FVVA
100,51.9,2.14,1.082,57017,44.47,60.57,Kappa3,24.3,1.0197,23.831,0.0197,Rhondda Fawr at Tynewydd,Rhondda Fawr,16.6,51.67677,-3.54515,293259,198687,NRW,FVVA
200,57.6,2.37,1.0898,57017,48.67,68.17,Kappa3,24.3,1.0197,23.831,0.0197,Rhondda Fawr at Tynewydd,Rhondda Fawr,16.6,51.67677,-3.54515,293259,198687,NRW,FVVA
500,65.8,2.71,1.102,57017,54.39,79.6,Kappa3,24.3,1.0197,23.831,0.0197,Rhondda Fawr at Tynewydd,Rhondda Fawr,16.6,51.67677,-3.54515,293259,198687,NRW,FVVA
1000,72.5,2.98,1.1126,57017,58.82,89.36,Kappa3,24.3,1.0197,23.831,0.0197,Rhondda Fawr at Tynewydd,Rhondda Fawr,16.6,51.67677,-3.54515,293259,198687,NRW,FVVA
2,119,1,1.0342,58001,111.41,127.11,Kappa3,119,1.1112,107.095,0.0766,Ogmore at Bridgend,Ogmore,158,51.5032,-3.58076,290379,179437,NRW,FVVA
5,151,1.27,1.037,58001,140.62,162.14,Kappa3,119,1.1112,107.095,0.0766,Ogmore at Bridgend,Ogmore,158,51.5032,-3.58076,290379,179437,NRW,FVVA
10,173,1.46,1.0403,58001,160.11,186.93,Kappa3,119,1.1112,107.095,0.0766,Ogmore at Bridgend,Ogmore,158,51.5032,-3.58076,290379,179437,NRW,FVVA
20,195,1.64,1.0447,58001,178.98,212.45,Kappa3,119,1.1112,107.095,0.0766,Ogmore at Bridgend,Ogmore,158,51.5032,-3.58076,290379,179437,NRW,FVVA
30,209,1.75,1.0478,58001,190.72,229.03,Kappa3,119,1.1112,107.095,0.0766,Ogmore at Bridgend,Ogmore,158,51.5032,-3.58076,290379,179437,NRW,FVVA
50,226,1.9,1.0523,58001,204.51,249.75,Kappa3,119,1.1112,107.095,0.0766,Ogmore at Bridgend,Ogmore,158,51.5032,-3.58076,290379,179437,NRW,FVVA
75,240,2.02,1.0564,58001,215.53,267.25,Kappa3,119,1.1112,107.095,0.0766,Ogmore at Bridgend,Ogmore,158,51.5032,-3.58076,290379,179437,NRW,FVVA
100,251,2.11,1.0594,58001,224.16,281.05,Kappa3,119,1.1112,107.095,0.0766,Ogmore at Bridgend,Ogmore,158,51.5032,-3.58076,290379,179437,NRW,FVVA
200,277,2.32,1.0676,58001,243.67,314.89,Kappa3,119,1.1112,107.095,0.0766,Ogmore at Bridgend,Ogmore,158,51.5032,-3.58076,290379,179437,NRW,FVVA
500,313,2.63,1.0799,58001,269.22,363.89,Kappa3,119,1.1112,107.095,0.0766,Ogmore at Bridgend,Ogmore,158,51.5032,-3.58076,290379,179437,NRW,FVVA
1000,343,2.88,1.0901,58001,289.64,406.19,Kappa3,119,1.1112,107.095,0.0766,Ogmore at Bridgend,Ogmore,158,51.5032,-3.58076,290379,179437,NRW,FVVA
2,224,1,1.0357,58002,209.12,239.94,GEV,224,1.0167,220.31,0.015,Neath at Resolven,Neath,190.9,51.70148,-3.71574,281529,201698,NRW,FVVA
5,291,1.3,1.0355,58002,271.77,311.59,GEV,224,1.0167,220.31,0.015,Neath at Resolven,Neath,190.9,51.70148,-3.71574,281529,201698,NRW,FVVA
10,339,1.51,1.0378,58002,315.22,364.57,GEV,224,1.0167,220.31,0.015,Neath at Resolven,Neath,190.9,51.70148,-3.71574,281529,201698,NRW,FVVA
20,387,1.73,1.0425,58002,356.68,419.89,GEV,224,1.0167,220.31,0.015,Neath at Resolven,Neath,190.9,51.70148,-3.71574,281529,201698,NRW,FVVA
30,415,1.85,1.0463,58002,379.77,453.5,GEV,224,1.0167,220.31,0.015,Neath at Resolven,Neath,190.9,51.70148,-3.71574,281529,201698,NRW,FVVA
50,452,2.02,1.0521,58002,409.17,499.31,GEV,224,1.0167,220.31,0.015,Neath at Resolven,Neath,190.9,51.70148,-3.71574,281529,201698,NRW,FVVA
75,482,2.15,1.0575,58002,431.97,537.82,GEV,224,1.0167,220.31,0.015,Neath at Resolven,Neath,190.9,51.70148,-3.71574,281529,201698,NRW,FVVA
100,504,2.25,1.0617,58002,448.19,566.75,GEV,224,1.0167,220.31,0.015,Neath at Resolven,Neath,190.9,51.70148,-3.71574,281529,201698,NRW,FVVA
200,559,2.49,1.073,58002,486.9,641.78,GEV,224,1.0167,220.31,0.015,Neath at Resolven,Neath,190.9,51.70148,-3.71574,281529,201698,NRW,FVVA
500,634,2.83,1.0902,58002,535.28,750.93,GEV,224,1.0167,220.31,0.015,Neath at Resolven,Neath,190.9,51.70148,-3.71574,281529,201698,NRW,FVVA
1000,695,3.1,1.1046,58002,571.88,844.63,GEV,224,1.0167,220.31,0.015,Neath at Resolven,Neath,190.9,51.70148,-3.71574,281529,201698,NRW,FVVA
2,53.7,1,1.0773,58005,46.41,62.14,GEV,53.7,1.0541,50.946,0.0384,Ogmore at Brynmenyn,Ogmore,74.3,51.54803,-3.58248,290368,184425,NRW,FVVA
5,69.1,1.29,1.0782,58005,59.62,80.09,GEV,53.7,1.0541,50.946,0.0384,Ogmore at Brynmenyn,Ogmore,74.3,51.54803,-3.58248,290368,184425,NRW,FVVA
10,79,1.47,1.0799,58005,67.95,91.85,GEV,53.7,1.0541,50.946,0.0384,Ogmore at Brynmenyn,Ogmore,74.3,51.54803,-3.58248,290368,184425,NRW,FVVA
20,88.4,1.65,1.0824,58005,75.69,103.24,GEV,53.7,1.0541,50.946,0.0384,Ogmore at Brynmenyn,Ogmore,74.3,51.54803,-3.58248,290368,184425,NRW,FVVA
30,93.8,1.75,1.0843,58005,80.04,109.92,GEV,53.7,1.0541,50.946,0.0384,Ogmore at Brynmenyn,Ogmore,74.3,51.54803,-3.58248,290368,184425,NRW,FVVA
50,100,1.87,1.0873,58005,84.87,117.83,GEV,53.7,1.0541,50.946,0.0384,Ogmore at Brynmenyn,Ogmore,74.3,51.54803,-3.58248,290368,184425,NRW,FVVA
75,106,1.97,1.0901,58005,89.51,125.53,GEV,53.7,1.0541,50.946,0.0384,Ogmore at Brynmenyn,Ogmore,74.3,51.54803,-3.58248,290368,184425,NRW,FVVA
100,109,2.03,1.0923,58005,91.68,129.59,GEV,53.7,1.0541,50.946,0.0384,Ogmore at Brynmenyn,Ogmore,74.3,51.54803,-3.58248,290368,184425,NRW,FVVA
200,118,2.19,1.0984,58005,98.17,141.83,GEV,53.7,1.0541,50.946,0.0384,Ogmore at Brynmenyn,Ogmore,74.3,51.54803,-3.58248,290368,184425,NRW,FVVA
500,129,2.4,1.1083,58005,105.45,157.8,GEV,53.7,1.0541,50.946,0.0384,Ogmore at Brynmenyn,Ogmore,74.3,51.54803,-3.58248,290368,184425,NRW,FVVA
1000,137,2.56,1.1171,58005,110.27,170.21,GEV,53.7,1.0541,50.946,0.0384,Ogmore at Brynmenyn,Ogmore,74.3,51.54803,-3.58248,290368,184425,NRW,FVVA
2,87.1,1,1.0524,58006,78.8,96.27,Gumbel,87.1,1.0003,87.073,3e-4,Mellte at Pontneddfechan,Mellte,65.8,51.76178,-3.57367,291491,208183,NRW,FVVA
5,111,1.28,1.0522,58006,100.46,122.64,Gumbel,87.1,1.0003,87.073,3e-4,Mellte at Pontneddfechan,Mellte,65.8,51.76178,-3.57367,291491,208183,NRW,FVVA
10,127,1.46,1.0533,58006,114.71,140.61,Gumbel,87.1,1.0003,87.073,3e-4,Mellte at Pontneddfechan,Mellte,65.8,51.76178,-3.57367,291491,208183,NRW,FVVA
20,142,1.63,1.0555,58006,127.74,157.86,Gumbel,87.1,1.0003,87.073,3e-4,Mellte at Pontneddfechan,Mellte,65.8,51.76178,-3.57367,291491,208183,NRW,FVVA
30,151,1.73,1.0575,58006,135.33,168.49,Gumbel,87.1,1.0003,87.073,3e-4,Mellte at Pontneddfechan,Mellte,65.8,51.76178,-3.57367,291491,208183,NRW,FVVA
50,162,1.86,1.0606,58006,144.36,181.8,Gumbel,87.1,1.0003,87.073,3e-4,Mellte at Pontneddfechan,Mellte,65.8,51.76178,-3.57367,291491,208183,NRW,FVVA
75,171,1.96,1.0636,58006,151.53,192.97,Gumbel,87.1,1.0003,87.073,3e-4,Mellte at Pontneddfechan,Mellte,65.8,51.76178,-3.57367,291491,208183,NRW,FVVA
100,177,2.03,1.0661,58006,156.13,200.66,Gumbel,87.1,1.0003,87.073,3e-4,Mellte at Pontneddfechan,Mellte,65.8,51.76178,-3.57367,291491,208183,NRW,FVVA
200,192,2.2,1.073,58006,167.23,220.43,Gumbel,87.1,1.0003,87.073,3e-4,Mellte at Pontneddfechan,Mellte,65.8,51.76178,-3.57367,291491,208183,NRW,FVVA
500,211,2.42,1.0842,58006,180.08,247.23,Gumbel,87.1,1.0003,87.073,3e-4,Mellte at Pontneddfechan,Mellte,65.8,51.76178,-3.57367,291491,208183,NRW,FVVA
1000,226,2.59,1.0941,58006,189.48,269.56,Gumbel,87.1,1.0003,87.073,3e-4,Mellte at Pontneddfechan,Mellte,65.8,51.76178,-3.57367,291491,208183,NRW,FVVA
2,44.6,1,1.0321,58007,41.92,47.45,Kappa3,44.6,1.097,40.656,0.0675,Llynfi at Coytrahen,Llynfi,50.2,51.55724,-3.60143,289076,185478,NRW,FVVA
5,55.9,1.25,1.0329,58007,52.46,59.56,Kappa3,44.6,1.097,40.656,0.0675,Llynfi at Coytrahen,Llynfi,50.2,51.55724,-3.60143,289076,185478,NRW,FVVA
10,63.5,1.42,1.0349,58007,59.37,67.92,Kappa3,44.6,1.097,40.656,0.0675,Llynfi at Coytrahen,Llynfi,50.2,51.55724,-3.60143,289076,185478,NRW,FVVA
20,71.2,1.6,1.0381,58007,66.17,76.61,Kappa3,44.6,1.097,40.656,0.0675,Llynfi at Coytrahen,Llynfi,50.2,51.55724,-3.60143,289076,185478,NRW,FVVA
30,75.7,1.7,1.0405,58007,70.03,81.83,Kappa3,44.6,1.097,40.656,0.0675,Llynfi at Coytrahen,Llynfi,50.2,51.55724,-3.60143,289076,185478,NRW,FVVA
50,81.5,1.83,1.0442,58007,74.88,88.71,Kappa3,44.6,1.097,40.656,0.0675,Llynfi at Coytrahen,Llynfi,50.2,51.55724,-3.60143,289076,185478,NRW,FVVA
75,86.3,1.93,1.0475,58007,78.8,94.52,Kappa3,44.6,1.097,40.656,0.0675,Llynfi at Coytrahen,Llynfi,50.2,51.55724,-3.60143,289076,185478,NRW,FVVA
100,89.7,2.01,1.0501,58007,81.5,98.72,Kappa3,44.6,1.097,40.656,0.0675,Llynfi at Coytrahen,Llynfi,50.2,51.55724,-3.60143,289076,185478,NRW,FVVA
200,98.3,2.2,1.0571,58007,88.16,109.6,Kappa3,44.6,1.097,40.656,0.0675,Llynfi at Coytrahen,Llynfi,50.2,51.55724,-3.60143,289076,185478,NRW,FVVA
500,110,2.47,1.0678,58007,96.73,125.09,Kappa3,44.6,1.097,40.656,0.0675,Llynfi at Coytrahen,Llynfi,50.2,51.55724,-3.60143,289076,185478,NRW,FVVA
1000,120,2.69,1.0769,58007,103.78,138.75,Kappa3,44.6,1.097,40.656,0.0675,Llynfi at Coytrahen,Llynfi,50.2,51.55724,-3.60143,289076,185478,NRW,FVVA
2,96,1,1.0696,58012,84.14,109.53,Gumbel,96,1.0296,93.237,0.0236,Afan at Marcroft Weir,Afan,87.8,51.60418,-3.77568,277124,190976,NRW,CC
5,122,1.28,1.0691,58012,107.02,139.07,Gumbel,96,1.0296,93.237,0.0236,Afan at Marcroft Weir,Afan,87.8,51.60418,-3.77568,277124,190976,NRW,CC
10,140,1.46,1.0688,58012,122.88,159.5,Gumbel,96,1.0296,93.237,0.0236,Afan at Marcroft Weir,Afan,87.8,51.60418,-3.77568,277124,190976,NRW,CC
20,157,1.63,1.0689,58012,137.78,178.9,Gumbel,96,1.0296,93.237,0.0236,Afan at Marcroft Weir,Afan,87.8,51.60418,-3.77568,277124,190976,NRW,CC
30,166,1.73,1.0692,58012,145.6,189.26,Gumbel,96,1.0296,93.237,0.0236,Afan at Marcroft Weir,Afan,87.8,51.60418,-3.77568,277124,190976,NRW,CC
50,178,1.86,1.0698,58012,155.95,203.17,Gumbel,96,1.0296,93.237,0.0236,Afan at Marcroft Weir,Afan,87.8,51.60418,-3.77568,277124,190976,NRW,CC
75,188,1.96,1.0707,58012,164.44,214.93,Gumbel,96,1.0296,93.237,0.0236,Afan at Marcroft Weir,Afan,87.8,51.60418,-3.77568,277124,190976,NRW,CC
100,195,2.03,1.0715,58012,170.31,223.26,Gumbel,96,1.0296,93.237,0.0236,Afan at Marcroft Weir,Afan,87.8,51.60418,-3.77568,277124,190976,NRW,CC
200,211,2.2,1.074,58012,183.45,242.69,Gumbel,96,1.0296,93.237,0.0236,Afan at Marcroft Weir,Afan,87.8,51.60418,-3.77568,277124,190976,NRW,CC
500,232,2.42,1.0789,58012,199.91,269.23,Gumbel,96,1.0296,93.237,0.0236,Afan at Marcroft Weir,Afan,87.8,51.60418,-3.77568,277124,190976,NRW,CC
1000,249,2.59,1.0839,58012,212.63,291.59,Gumbel,96,1.0296,93.237,0.0236,Afan at Marcroft Weir,Afan,87.8,51.60418,-3.77568,277124,190976,NRW,CC
2,259,1,1.0306,59001,244.14,274.76,GenLog,259,1.0424,248.475,0.0335,Tawe at Ynystanglws,Tawe,227.7,51.68152,-3.90269,268553,199798,NRW,VA
5,326,1.26,1.0318,59001,306.6,346.63,GenLog,259,1.0424,248.475,0.0335,Tawe at Ynystanglws,Tawe,227.7,51.68152,-3.90269,268553,199798,NRW,VA
10,375,1.45,1.0345,59001,350.88,400.78,GenLog,259,1.0424,248.475,0.0335,Tawe at Ynystanglws,Tawe,227.7,51.68152,-3.90269,268553,199798,NRW,VA
20,428,1.65,1.0392,59001,396.93,461.5,GenLog,259,1.0424,248.475,0.0335,Tawe at Ynystanglws,Tawe,227.7,51.68152,-3.90269,268553,199798,NRW,VA
30,462,1.78,1.0427,59001,425.65,501.46,GenLog,259,1.0424,248.475,0.0335,Tawe at Ynystanglws,Tawe,227.7,51.68152,-3.90269,268553,199798,NRW,VA
50,508,1.96,1.0482,59001,463.23,557.1,GenLog,259,1.0424,248.475,0.0335,Tawe at Ynystanglws,Tawe,227.7,51.68152,-3.90269,268553,199798,NRW,VA
75,547,2.11,1.0531,59001,494.25,605.38,GenLog,259,1.0424,248.475,0.0335,Tawe at Ynystanglws,Tawe,227.7,51.68152,-3.90269,268553,199798,NRW,VA
100,578,2.23,1.057,59001,518.49,644.34,GenLog,259,1.0424,248.475,0.0335,Tawe at Ynystanglws,Tawe,227.7,51.68152,-3.90269,268553,199798,NRW,VA
200,658,2.54,1.0673,59001,579.14,747.6,GenLog,259,1.0424,248.475,0.0335,Tawe at Ynystanglws,Tawe,227.7,51.68152,-3.90269,268553,199798,NRW,VA
500,782,3.02,1.083,59001,668.86,914.28,GenLog,259,1.0424,248.475,0.0335,Tawe at Ynystanglws,Tawe,227.7,51.68152,-3.90269,268553,199798,NRW,VA
1000,893,3.45,1.0963,59001,745.74,1069.33,GenLog,259,1.0424,248.475,0.0335,Tawe at Ynystanglws,Tawe,227.7,51.68152,-3.90269,268553,199798,NRW,VA
2,399,1,1.0742,60001,346.77,459.09,GEV,399,1.0056,396.768,0.0041,Tywi at Ty Castell,Tywi,1087.8,51.86171,-4.19217,249144,220397,NRW,VA
5,530,1.33,1.0757,60001,459.37,611.49,GEV,399,1.0056,396.768,0.0041,Tywi at Ty Castell,Tywi,1087.8,51.86171,-4.19217,249144,220397,NRW,VA
10,630,1.58,1.0788,60001,542.97,730.98,GEV,399,1.0056,396.768,0.0041,Tywi at Ty Castell,Tywi,1087.8,51.86171,-4.19217,249144,220397,NRW,VA
20,738,1.85,1.0841,60001,629.97,864.55,GEV,399,1.0056,396.768,0.0041,Tywi at Ty Castell,Tywi,1087.8,51.86171,-4.19217,249144,220397,NRW,VA
30,806,2.02,1.0884,60001,682.7,951.57,GEV,399,1.0056,396.768,0.0041,Tywi at Ty Castell,Tywi,1087.8,51.86171,-4.19217,249144,220397,NRW,VA
50,897,2.25,1.095,60001,750.83,1071.63,GEV,399,1.0056,396.768,0.0041,Tywi at Ty Castell,Tywi,1087.8,51.86171,-4.19217,249144,220397,NRW,VA
75,975,2.44,1.1014,60001,806.85,1178.19,GEV,399,1.0056,396.768,0.0041,Tywi at Ty Castell,Tywi,1087.8,51.86171,-4.19217,249144,220397,NRW,VA
100,1030,2.59,1.1064,60001,844.83,1255.76,GEV,399,1.0056,396.768,0.0041,Tywi at Ty Castell,Tywi,1087.8,51.86171,-4.19217,249144,220397,NRW,VA
200,1180,2.97,1.1203,60001,944.47,1474.27,GEV,399,1.0056,396.768,0.0041,Tywi at Ty Castell,Tywi,1087.8,51.86171,-4.19217,249144,220397,NRW,VA
500,1410,3.53,1.1422,60001,1086.54,1829.76,GEV,399,1.0056,396.768,0.0041,Tywi at Ty Castell,Tywi,1087.8,51.86171,-4.19217,249144,220397,NRW,VA
1000,1600,4.02,1.1611,60001,1193.92,2144.2,GEV,399,1.0056,396.768,0.0041,Tywi at Ty Castell,Tywi,1087.8,51.86171,-4.19217,249144,220397,NRW,VA
2,179,1,1.0393,60002,165.97,193.05,Kappa3,179,1.0037,178.342,0.0026,Cothi at Felin Mynachdy,Cothi,297.8,51.88097,-4.16803,250870,222490,NRW,VA
5,232,1.3,1.0415,60002,214.23,251.25,Kappa3,179,1.0037,178.342,0.0026,Cothi at Felin Mynachdy,Cothi,297.8,51.88097,-4.16803,250870,222490,NRW,VA
10,270,1.51,1.0451,60002,247.64,294.38,Kappa3,179,1.0037,178.342,0.0026,Cothi at Felin Mynachdy,Cothi,297.8,51.88097,-4.16803,250870,222490,NRW,VA
20,311,1.74,1.0506,60002,282.32,342.59,Kappa3,179,1.0037,178.342,0.0026,Cothi at Felin Mynachdy,Cothi,297.8,51.88097,-4.16803,250870,222490,NRW,VA
30,336,1.88,1.0547,60002,302.7,372.97,Kappa3,179,1.0037,178.342,0.0026,Cothi at Felin Mynachdy,Cothi,297.8,51.88097,-4.16803,250870,222490,NRW,VA
50,369,2.06,1.0606,60002,328.81,414.1,Kappa3,179,1.0037,178.342,0.0026,Cothi at Felin Mynachdy,Cothi,297.8,51.88097,-4.16803,250870,222490,NRW,VA
75,397,2.22,1.066,60002,350.26,449.98,Kappa3,179,1.0037,178.342,0.0026,Cothi at Felin Mynachdy,Cothi,297.8,51.88097,-4.16803,250870,222490,NRW,VA
100,418,2.34,1.0701,60002,366.02,477.36,Kappa3,179,1.0037,178.342,0.0026,Cothi at Felin Mynachdy,Cothi,297.8,51.88097,-4.16803,250870,222490,NRW,VA
200,472,2.64,1.0812,60002,405.03,550.04,Kappa3,179,1.0037,178.342,0.0026,Cothi at Felin Mynachdy,Cothi,297.8,51.88097,-4.16803,250870,222490,NRW,VA
500,552,3.08,1.0978,60002,459.74,662.77,Kappa3,179,1.0037,178.342,0.0026,Cothi at Felin Mynachdy,Cothi,297.8,51.88097,-4.16803,250870,222490,NRW,VA
1000,620,3.46,1.1117,60002,503.8,763.01,Kappa3,179,1.0037,178.342,0.0026,Cothi at Felin Mynachdy,Cothi,297.8,51.88097,-4.16803,250870,222490,NRW,VA
2,84.1,1,1.0578,60006,75.33,93.89,Kappa3,84.1,1.0106,83.214,0.0071,Gwili at Glangwili,Gwili,129.5,51.87394,-4.2815,243036,221947,NRW,VA
5,109,1.29,1.0593,60006,97.36,122.03,Kappa3,84.1,1.0106,83.214,0.0071,Gwili at Glangwili,Gwili,129.5,51.87394,-4.2815,243036,221947,NRW,VA
10,126,1.5,1.0618,60006,112.03,141.71,Kappa3,84.1,1.0106,83.214,0.0071,Gwili at Glangwili,Gwili,129.5,51.87394,-4.2815,243036,221947,NRW,VA
20,144,1.71,1.0655,60006,127.16,163.07,Kappa3,84.1,1.0106,83.214,0.0071,Gwili at Glangwili,Gwili,129.5,51.87394,-4.2815,243036,221947,NRW,VA
30,155,1.84,1.0683,60006,136.17,176.43,Kappa3,84.1,1.0106,83.214,0.0071,Gwili at Glangwili,Gwili,129.5,51.87394,-4.2815,243036,221947,NRW,VA
50,169,2.01,1.0726,60006,147.31,193.89,Kappa3,84.1,1.0106,83.214,0.0071,Gwili at Glangwili,Gwili,129.5,51.87394,-4.2815,243036,221947,NRW,VA
75,181,2.15,1.0766,60006,156.62,209.17,Kappa3,84.1,1.0106,83.214,0.0071,Gwili at Glangwili,Gwili,129.5,51.87394,-4.2815,243036,221947,NRW,VA
100,190,2.26,1.0797,60006,163.49,220.81,Kappa3,84.1,1.0106,83.214,0.0071,Gwili at Glangwili,Gwili,129.5,51.87394,-4.2815,243036,221947,NRW,VA
200,212,2.52,1.0883,60006,179.6,250.24,Kappa3,84.1,1.0106,83.214,0.0071,Gwili at Glangwili,Gwili,129.5,51.87394,-4.2815,243036,221947,NRW,VA
500,245,2.91,1.1017,60006,202.64,296.22,Kappa3,84.1,1.0106,83.214,0.0071,Gwili at Glangwili,Gwili,129.5,51.87394,-4.2815,243036,221947,NRW,VA
1000,272,3.23,1.1132,60006,220.44,335.62,Kappa3,84.1,1.0106,83.214,0.0071,Gwili at Glangwili,Gwili,129.5,51.87394,-4.2815,243036,221947,NRW,VA
2,123,1,1.1465,60013,94.09,160.8,GEV,123,1.0032,122.604,0.0023,Cothi at Pont Ynys Brechfa,Cothi,243.01,51.9502,-4.12994,253717,230111,NRW,VA
5,161,1.31,1.1454,60013,123.39,210.08,GEV,123,1.0032,122.604,0.0023,Cothi at Pont Ynys Brechfa,Cothi,243.01,51.9502,-4.12994,253717,230111,NRW,VA
10,187,1.52,1.1456,60013,143.26,244.09,GEV,123,1.0032,122.604,0.0023,Cothi at Pont Ynys Brechfa,Cothi,243.01,51.9502,-4.12994,253717,230111,NRW,VA
20,213,1.73,1.1465,60013,162.93,278.45,GEV,123,1.0032,122.604,0.0023,Cothi at Pont Ynys Brechfa,Cothi,243.01,51.9502,-4.12994,253717,230111,NRW,VA
30,229,1.86,1.1474,60013,174.9,299.83,GEV,123,1.0032,122.604,0.0023,Cothi at Pont Ynys Brechfa,Cothi,243.01,51.9502,-4.12994,253717,230111,NRW,VA
50,249,2.02,1.1491,60013,189.63,326.96,GEV,123,1.0032,122.604,0.0023,Cothi at Pont Ynys Brechfa,Cothi,243.01,51.9502,-4.12994,253717,230111,NRW,VA
75,265,2.15,1.1508,60013,201.23,348.98,GEV,123,1.0032,122.604,0.0023,Cothi at Pont Ynys Brechfa,Cothi,243.01,51.9502,-4.12994,253717,230111,NRW,VA
100,276,2.25,1.1523,60013,209.05,364.4,GEV,123,1.0032,122.604,0.0023,Cothi at Pont Ynys Brechfa,Cothi,243.01,51.9502,-4.12994,253717,230111,NRW,VA
200,305,2.48,1.1567,60013,229.29,405.71,GEV,123,1.0032,122.604,0.0023,Cothi at Pont Ynys Brechfa,Cothi,243.01,51.9502,-4.12994,253717,230111,NRW,VA
500,344,2.8,1.1645,60013,255.23,463.65,GEV,123,1.0032,122.604,0.0023,Cothi at Pont Ynys Brechfa,Cothi,243.01,51.9502,-4.12994,253717,230111,NRW,VA
1000,375,3.05,1.172,60013,274.75,511.83,GEV,123,1.0032,122.604,0.0023,Cothi at Pont Ynys Brechfa,Cothi,243.01,51.9502,-4.12994,253717,230111,NRW,VA
2,215,1,1.0703,62001,188.19,245.62,Kappa3,215,1.0149,211.847,0.01,Teifi at Glanteifi,Teifi,893.6,52.04541,-4.56174,224419,241655,NRW,VA
5,285,1.33,1.0701,62001,249.56,325.47,Kappa3,215,1.0149,211.847,0.01,Teifi at Glanteifi,Teifi,893.6,52.04541,-4.56174,224419,241655,NRW,VA
10,342,1.59,1.0729,62001,297.94,392.57,Kappa3,215,1.0149,211.847,0.01,Teifi at Glanteifi,Teifi,893.6,52.04541,-4.56174,224419,241655,NRW,VA
20,408,1.9,1.079,62001,351.51,473.57,Kappa3,215,1.0149,211.847,0.01,Teifi at Glanteifi,Teifi,893.6,52.04541,-4.56174,224419,241655,NRW,VA
30,452,2.1,1.0842,62001,385.77,529.61,Kappa3,215,1.0149,211.847,0.01,Teifi at Glanteifi,Teifi,893.6,52.04541,-4.56174,224419,241655,NRW,VA
50,514,2.39,1.0926,62001,432.09,611.43,Kappa3,215,1.0149,211.847,0.01,Teifi at Glanteifi,Teifi,893.6,52.04541,-4.56174,224419,241655,NRW,VA
75,569,2.65,1.1005,62001,471.62,686.48,Kappa3,215,1.0149,211.847,0.01,Teifi at Glanteifi,Teifi,893.6,52.04541,-4.56174,224419,241655,NRW,VA
100,612,2.85,1.1069,62001,501.53,746.8,Kappa3,215,1.0149,211.847,0.01,Teifi at Glanteifi,Teifi,893.6,52.04541,-4.56174,224419,241655,NRW,VA
200,730,3.39,1.1243,62001,580.22,918.44,Kappa3,215,1.0149,211.847,0.01,Teifi at Glanteifi,Teifi,893.6,52.04541,-4.56174,224419,241655,NRW,VA
500,921,4.28,1.1512,62001,698.88,1213.71,Kappa3,215,1.0149,211.847,0.01,Teifi at Glanteifi,Teifi,893.6,52.04541,-4.56174,224419,241655,NRW,VA
1000,1100,5.12,1.1741,62001,803.1,1506.66,Kappa3,215,1.0149,211.847,0.01,Teifi at Glanteifi,Teifi,893.6,52.04541,-4.56174,224419,241655,NRW,VA
2,95.1,1,1.0677,63001,83.64,108.13,GEV,95.1,1.0054,94.592,0.0039,Ystwyth at Pont Llolwyn,Ystwyth,169.6,52.37545,-4.07238,259024,277289,NRW,VA
5,125,1.31,1.0687,63001,109.74,142.39,GEV,95.1,1.0054,94.592,0.0039,Ystwyth at Pont Llolwyn,Ystwyth,169.6,52.37545,-4.07238,259024,277289,NRW,VA
10,146,1.53,1.0708,63001,127.68,166.95,GEV,95.1,1.0054,94.592,0.0039,Ystwyth at Pont Llolwyn,Ystwyth,169.6,52.37545,-4.07238,259024,277289,NRW,VA
20,167,1.75,1.0743,63001,145.11,192.19,GEV,95.1,1.0054,94.592,0.0039,Ystwyth at Pont Llolwyn,Ystwyth,169.6,52.37545,-4.07238,259024,277289,NRW,VA
30,179,1.88,1.077,63001,154.78,207.01,GEV,95.1,1.0054,94.592,0.0039,Ystwyth at Pont Llolwyn,Ystwyth,169.6,52.37545,-4.07238,259024,277289,NRW,VA
50,195,2.05,1.0813,63001,167.3,227.28,GEV,95.1,1.0054,94.592,0.0039,Ystwyth at Pont Llolwyn,Ystwyth,169.6,52.37545,-4.07238,259024,277289,NRW,VA
75,208,2.19,1.0853,63001,177.17,244.2,GEV,95.1,1.0054,94.592,0.0039,Ystwyth at Pont Llolwyn,Ystwyth,169.6,52.37545,-4.07238,259024,277289,NRW,VA
100,218,2.29,1.0886,63001,184.58,257.47,GEV,95.1,1.0054,94.592,0.0039,Ystwyth at Pont Llolwyn,Ystwyth,169.6,52.37545,-4.07238,259024,277289,NRW,VA
200,241,2.53,1.0974,63001,200.86,289.16,GEV,95.1,1.0054,94.592,0.0039,Ystwyth at Pont Llolwyn,Ystwyth,169.6,52.37545,-4.07238,259024,277289,NRW,VA
500,273,2.87,1.1116,63001,221.87,335.91,GEV,95.1,1.0054,94.592,0.0039,Ystwyth at Pont Llolwyn,Ystwyth,169.6,52.37545,-4.07238,259024,277289,NRW,VA
1000,298,3.14,1.1239,63001,237.02,374.66,GEV,95.1,1.0054,94.592,0.0039,Ystwyth at Pont Llolwyn,Ystwyth,169.6,52.37545,-4.07238,259024,277289,NRW,VA
2,75.1,1,1.0668,66006,66.16,85.25,GEV,75.1,1.0023,74.928,0.0017,Elwy at Pont-y-Gwyddel,Elwy,191.37,53.23266,-3.57051,295268,371776,NRW,VA
5,100,1.34,1.068,66006,87.9,113.76,GEV,75.1,1.0023,74.928,0.0017,Elwy at Pont-y-Gwyddel,Elwy,191.37,53.23266,-3.57051,295268,371776,NRW,VA
10,118,1.58,1.0705,66006,103.25,134.86,GEV,75.1,1.0023,74.928,0.0017,Elwy at Pont-y-Gwyddel,Elwy,191.37,53.23266,-3.57051,295268,371776,NRW,VA
20,137,1.82,1.0748,66006,118.94,157.81,GEV,75.1,1.0023,74.928,0.0017,Elwy at Pont-y-Gwyddel,Elwy,191.37,53.23266,-3.57051,295268,371776,NRW,VA
30,148,1.97,1.0781,66006,127.72,171.5,GEV,75.1,1.0023,74.928,0.0017,Elwy at Pont-y-Gwyddel,Elwy,191.37,53.23266,-3.57051,295268,371776,NRW,VA
50,162,2.16,1.0833,66006,138.49,189.51,GEV,75.1,1.0023,74.928,0.0017,Elwy at Pont-y-Gwyddel,Elwy,191.37,53.23266,-3.57051,295268,371776,NRW,VA
75,174,2.32,1.0882,66006,147.43,205.35,GEV,75.1,1.0023,74.928,0.0017,Elwy at Pont-y-Gwyddel,Elwy,191.37,53.23266,-3.57051,295268,371776,NRW,VA
100,182,2.43,1.0921,66006,153.14,216.3,GEV,75.1,1.0023,74.928,0.0017,Elwy at Pont-y-Gwyddel,Elwy,191.37,53.23266,-3.57051,295268,371776,NRW,VA
200,204,2.71,1.1027,66006,168.43,247.09,GEV,75.1,1.0023,74.928,0.0017,Elwy at Pont-y-Gwyddel,Elwy,191.37,53.23266,-3.57051,295268,371776,NRW,VA
500,234,3.12,1.1196,66006,187.52,292,GEV,75.1,1.0023,74.928,0.0017,Elwy at Pont-y-Gwyddel,Elwy,191.37,53.23266,-3.57051,295268,371776,NRW,VA
1000,258,3.44,1.1341,66006,201.61,330.17,GEV,75.1,1.0023,74.928,0.0017,Elwy at Pont-y-Gwyddel,Elwy,191.37,53.23266,-3.57051,295268,371776,NRW,VA
2,21.7,1,1.0276,67008,20.57,22.89,GEV,21.7,1.0728,20.228,0.0397,Alyn at Pont-y-Capel,Alyn,227.1,53.07949,-2.99378,333526,354047,NRW,CC
5,30.1,1.39,1.0312,67008,28.34,31.97,GEV,21.7,1.0728,20.228,0.0397,Alyn at Pont-y-Capel,Alyn,227.1,53.07949,-2.99378,333526,354047,NRW,CC
10,36.4,1.68,1.0383,67008,33.81,39.18,GEV,21.7,1.0728,20.228,0.0397,Alyn at Pont-y-Capel,Alyn,227.1,53.07949,-2.99378,333526,354047,NRW,CC
20,43,1.98,1.048,67008,39.22,47.14,GEV,21.7,1.0728,20.228,0.0397,Alyn at Pont-y-Capel,Alyn,227.1,53.07949,-2.99378,333526,354047,NRW,CC
30,47.1,2.17,1.0547,67008,42.43,52.28,GEV,21.7,1.0728,20.228,0.0397,Alyn at Pont-y-Capel,Alyn,227.1,53.07949,-2.99378,333526,354047,NRW,CC
50,52.4,2.42,1.0641,67008,46.39,59.19,GEV,21.7,1.0728,20.228,0.0397,Alyn at Pont-y-Capel,Alyn,227.1,53.07949,-2.99378,333526,354047,NRW,CC
75,56.9,2.62,1.0721,67008,49.64,65.22,GEV,21.7,1.0728,20.228,0.0397,Alyn at Pont-y-Capel,Alyn,227.1,53.07949,-2.99378,333526,354047,NRW,CC
100,60.2,2.78,1.0782,67008,51.94,69.77,GEV,21.7,1.0728,20.228,0.0397,Alyn at Pont-y-Capel,Alyn,227.1,53.07949,-2.99378,333526,354047,NRW,CC
200,68.7,3.17,1.0937,67008,57.64,81.88,GEV,21.7,1.0728,20.228,0.0397,Alyn at Pont-y-Capel,Alyn,227.1,53.07949,-2.99378,333526,354047,NRW,CC
500,81,3.73,1.1161,67008,65.31,100.46,GEV,21.7,1.0728,20.228,0.0397,Alyn at Pont-y-Capel,Alyn,227.1,53.07949,-2.99378,333526,354047,NRW,CC
1000,91.3,4.21,1.1344,67008,71.31,116.9,GEV,21.7,1.0728,20.228,0.0397,Alyn at Pont-y-Capel,Alyn,227.1,53.07949,-2.99378,333526,354047,NRW,CC
2,8.78,1,1.0679,67009,7.72,9.99,GEV,8.78,1.0109,8.685,0.0063,Alyn at Rhydymwyn,Alyn,81.6,53.19174,-3.19272,320408,366737,NRW,FL
5,12.8,1.46,1.0701,67009,11.21,14.62,GEV,8.78,1.0109,8.685,0.0063,Alyn at Rhydymwyn,Alyn,81.6,53.19174,-3.19272,320408,366737,NRW,FL
10,15.7,1.79,1.0739,67009,13.65,18.05,GEV,8.78,1.0109,8.685,0.0063,Alyn at Rhydymwyn,Alyn,81.6,53.19174,-3.19272,320408,366737,NRW,FL
20,18.7,2.13,1.0795,67009,16.1,21.72,GEV,8.78,1.0109,8.685,0.0063,Alyn at Rhydymwyn,Alyn,81.6,53.19174,-3.19272,320408,366737,NRW,FL
30,20.5,2.33,1.0836,67009,17.52,23.99,GEV,8.78,1.0109,8.685,0.0063,Alyn at Rhydymwyn,Alyn,81.6,53.19174,-3.19272,320408,366737,NRW,FL
50,22.8,2.6,1.0896,67009,19.27,26.98,GEV,8.78,1.0109,8.685,0.0063,Alyn at Rhydymwyn,Alyn,81.6,53.19174,-3.19272,320408,366737,NRW,FL
75,24.8,2.82,1.095,67009,20.76,29.63,GEV,8.78,1.0109,8.685,0.0063,Alyn at Rhydymwyn,Alyn,81.6,53.19174,-3.19272,320408,366737,NRW,FL
100,26.2,2.98,1.0991,67009,21.77,31.53,GEV,8.78,1.0109,8.685,0.0063,Alyn at Rhydymwyn,Alyn,81.6,53.19174,-3.19272,320408,366737,NRW,FL
200,29.7,3.38,1.1101,67009,24.2,36.45,GEV,8.78,1.0109,8.685,0.0063,Alyn at Rhydymwyn,Alyn,81.6,53.19174,-3.19272,320408,366737,NRW,FL
500,34.7,3.95,1.1268,67009,27.46,43.85,GEV,8.78,1.0109,8.685,0.0063,Alyn at Rhydymwyn,Alyn,81.6,53.19174,-3.19272,320408,366737,NRW,FL
1000,38.7,4.41,1.1409,67009,29.89,50.11,GEV,8.78,1.0109,8.685,0.0063,Alyn at Rhydymwyn,Alyn,81.6,53.19174,-3.19272,320408,366737,NRW,FL
2,227,1,1.0572,67015,203.55,253.15,Gumbel,227,1.0083,225.135,0.0066,Dee at Manley Hall,Dee,1013.18,52.96651,-2.97189,334822,341459,NRW,CC
5,300,1.32,1.0585,67015,268.37,335.36,Gumbel,227,1.0083,225.135,0.0066,Dee at Manley Hall,Dee,1013.18,52.96651,-2.97189,334822,341459,NRW,CC
10,349,1.54,1.0612,67015,310.64,392.09,Gumbel,227,1.0083,225.135,0.0066,Dee at Manley Hall,Dee,1013.18,52.96651,-2.97189,334822,341459,NRW,CC
20,396,1.74,1.0656,67015,349.63,448.52,Gumbel,227,1.0083,225.135,0.0066,Dee at Manley Hall,Dee,1013.18,52.96651,-2.97189,334822,341459,NRW,CC
30,423,1.86,1.0691,67015,371.08,482.19,Gumbel,227,1.0083,225.135,0.0066,Dee at Manley Hall,Dee,1013.18,52.96651,-2.97189,334822,341459,NRW,CC
50,456,2.01,1.0745,67015,396.1,524.96,Gumbel,227,1.0083,225.135,0.0066,Dee at Manley Hall,Dee,1013.18,52.96651,-2.97189,334822,341459,NRW,CC
75,483,2.13,1.0797,67015,415.6,561.33,Gumbel,227,1.0083,225.135,0.0066,Dee at Manley Hall,Dee,1013.18,52.96651,-2.97189,334822,341459,NRW,CC
100,501,2.21,1.0837,67015,427.97,586.49,Gumbel,227,1.0083,225.135,0.0066,Dee at Manley Hall,Dee,1013.18,52.96651,-2.97189,334822,341459,NRW,CC
200,547,2.41,1.0949,67015,457.95,653.37,Gumbel,227,1.0083,225.135,0.0066,Dee at Manley Hall,Dee,1013.18,52.96651,-2.97189,334822,341459,NRW,CC
500,606,2.67,1.1123,67015,491.9,746.56,Gumbel,227,1.0083,225.135,0.0066,Dee at Manley Hall,Dee,1013.18,52.96651,-2.97189,334822,341459,NRW,CC
1000,651,2.87,1.1273,67015,514.73,823.34,Gumbel,227,1.0083,225.135,0.0066,Dee at Manley Hall,Dee,1013.18,52.96651,-2.97189,334822,341459,NRW,CC
2,46.8,1,1.0429,68001,43.1,50.82,Kappa3,46.8,1.0876,43.029,0.0485,Weaver at Ashbrook,Weaver,622,53.16766,-2.49253,367171,363507,EA-GMMC,VA
5,61.9,1.32,1.0442,68001,56.87,67.38,Kappa3,46.8,1.0876,43.029,0.0485,Weaver at Ashbrook,Weaver,622,53.16766,-2.49253,367171,363507,EA-GMMC,VA
10,73.1,1.56,1.0481,68001,66.67,80.15,Kappa3,46.8,1.0876,43.029,0.0485,Weaver at Ashbrook,Weaver,622,53.16766,-2.49253,367171,363507,EA-GMMC,VA
20,85,1.82,1.0543,68001,76.63,94.28,Kappa3,46.8,1.0876,43.029,0.0485,Weaver at Ashbrook,Weaver,622,53.16766,-2.49253,367171,363507,EA-GMMC,VA
30,92.5,1.98,1.0588,68001,82.7,103.46,Kappa3,46.8,1.0876,43.029,0.0485,Weaver at Ashbrook,Weaver,622,53.16766,-2.49253,367171,363507,EA-GMMC,VA
50,103,2.19,1.0654,68001,90.97,116.62,Kappa3,46.8,1.0876,43.029,0.0485,Weaver at Ashbrook,Weaver,622,53.16766,-2.49253,367171,363507,EA-GMMC,VA
75,111,2.37,1.0714,68001,96.97,127.07,Kappa3,46.8,1.0876,43.029,0.0485,Weaver at Ashbrook,Weaver,622,53.16766,-2.49253,367171,363507,EA-GMMC,VA
100,117,2.51,1.0759,68001,101.37,135.04,Kappa3,46.8,1.0876,43.029,0.0485,Weaver at Ashbrook,Weaver,622,53.16766,-2.49253,367171,363507,EA-GMMC,VA
200,134,2.87,1.088,68001,113.58,158.09,Kappa3,46.8,1.0876,43.029,0.0485,Weaver at Ashbrook,Weaver,622,53.16766,-2.49253,367171,363507,EA-GMMC,VA
500,159,3.4,1.1059,68001,130.53,193.68,Kappa3,46.8,1.0876,43.029,0.0485,Weaver at Ashbrook,Weaver,622,53.16766,-2.49253,367171,363507,EA-GMMC,VA
1000,181,3.86,1.1208,68001,144.74,226.34,Kappa3,46.8,1.0876,43.029,0.0485,Weaver at Ashbrook,Weaver,622,53.16766,-2.49253,367171,363507,EA-GMMC,VA
2,14.2,1,1.0283,68005,13.44,15,Kappa3,14.2,1.0256,13.846,0.0153,Weaver at Audlem,Weaver,207,52.98357,-2.51898,365254,343040,EA-GMMC,TPVA
5,19.7,1.39,1.0353,68005,18.41,21.09,Kappa3,14.2,1.0256,13.846,0.0153,Weaver at Audlem,Weaver,207,52.98357,-2.51898,365254,343040,EA-GMMC,TPVA
10,23.6,1.66,1.0448,68005,21.66,25.72,Kappa3,14.2,1.0256,13.846,0.0153,Weaver at Audlem,Weaver,207,52.98357,-2.51898,365254,343040,EA-GMMC,TPVA
20,27.8,1.95,1.0564,68005,24.97,30.96,Kappa3,14.2,1.0256,13.846,0.0153,Weaver at Audlem,Weaver,207,52.98357,-2.51898,365254,343040,EA-GMMC,TPVA
30,30.3,2.13,1.0639,68005,26.84,34.21,Kappa3,14.2,1.0256,13.846,0.0153,Weaver at Audlem,Weaver,207,52.98357,-2.51898,365254,343040,EA-GMMC,TPVA
50,33.7,2.37,1.0741,68005,29.29,38.77,Kappa3,14.2,1.0256,13.846,0.0153,Weaver at Audlem,Weaver,207,52.98357,-2.51898,365254,343040,EA-GMMC,TPVA
75,36.5,2.57,1.0828,68005,31.23,42.66,Kappa3,14.2,1.0256,13.846,0.0153,Weaver at Audlem,Weaver,207,52.98357,-2.51898,365254,343040,EA-GMMC,TPVA
100,38.6,2.72,1.0893,68005,32.64,45.65,Kappa3,14.2,1.0256,13.846,0.0153,Weaver at Audlem,Weaver,207,52.98357,-2.51898,365254,343040,EA-GMMC,TPVA
200,44,3.1,1.1057,68005,36.13,53.58,Kappa3,14.2,1.0256,13.846,0.0153,Weaver at Audlem,Weaver,207,52.98357,-2.51898,365254,343040,EA-GMMC,TPVA
500,52,3.66,1.1292,68005,40.98,65.98,Kappa3,14.2,1.0256,13.846,0.0153,Weaver at Audlem,Weaver,207,52.98357,-2.51898,365254,343040,EA-GMMC,TPVA
1000,58.7,4.13,1.1483,68005,44.76,76.97,Kappa3,14.2,1.0256,13.846,0.0153,Weaver at Audlem,Weaver,207,52.98357,-2.51898,365254,343040,EA-GMMC,TPVA
2,41.8,1,1.0239,68018,39.91,43.78,GEV,41.8,1.041,40.152,0.0316,Dane at Congleton Park,Dane,145,53.16638,-2.20937,386100,363272,EA-GMMC,B
5,56.8,1.36,1.0307,68018,53.53,60.27,GEV,41.8,1.041,40.152,0.0316,Dane at Congleton Park,Dane,145,53.16638,-2.20937,386100,363272,EA-GMMC,B
10,67.9,1.62,1.0395,68018,62.94,73.26,GEV,41.8,1.041,40.152,0.0316,Dane at Congleton Park,Dane,145,53.16638,-2.20937,386100,363272,EA-GMMC,B
20,79.6,1.9,1.0505,68018,72.27,87.67,GEV,41.8,1.041,40.152,0.0316,Dane at Congleton Park,Dane,145,53.16638,-2.20937,386100,363272,EA-GMMC,B
30,86.8,2.08,1.0577,68018,77.76,96.89,GEV,41.8,1.041,40.152,0.0316,Dane at Congleton Park,Dane,145,53.16638,-2.20937,386100,363272,EA-GMMC,B
50,96.3,2.3,1.0675,68018,84.73,109.45,GEV,41.8,1.041,40.152,0.0316,Dane at Congleton Park,Dane,145,53.16638,-2.20937,386100,363272,EA-GMMC,B
75,104,2.49,1.0759,68018,90.11,120.03,GEV,41.8,1.041,40.152,0.0316,Dane at Congleton Park,Dane,145,53.16638,-2.20937,386100,363272,EA-GMMC,B
100,110,2.63,1.0821,68018,94.24,128.4,GEV,41.8,1.041,40.152,0.0316,Dane at Congleton Park,Dane,145,53.16638,-2.20937,386100,363272,EA-GMMC,B
200,125,2.99,1.0981,68018,104.05,150.16,GEV,41.8,1.041,40.152,0.0316,Dane at Congleton Park,Dane,145,53.16638,-2.20937,386100,363272,EA-GMMC,B
500,147,3.52,1.121,68018,117.51,183.88,GEV,41.8,1.041,40.152,0.0316,Dane at Congleton Park,Dane,145,53.16638,-2.20937,386100,363272,EA-GMMC,B
1000,165,3.95,1.1397,68018,127.7,213.2,GEV,41.8,1.041,40.152,0.0316,Dane at Congleton Park,Dane,145,53.16638,-2.20937,386100,363272,EA-GMMC,B
2,4,1,1.1364,68021,3.11,5.14,GEV,4,1.3667,2.927,0.2019,Arrowe Brook at Acton Lane,Arrowe Brook,17.87,53.39522,-3.12483,325300,389300,EA-GMMC,FL
5,5.69,1.42,1.1393,68021,4.41,7.35,GEV,4,1.3667,2.927,0.2019,Arrowe Brook at Acton Lane,Arrowe Brook,17.87,53.39522,-3.12483,325300,389300,EA-GMMC,FL
10,6.87,1.72,1.1426,68021,5.29,8.92,GEV,4,1.3667,2.927,0.2019,Arrowe Brook at Acton Lane,Arrowe Brook,17.87,53.39522,-3.12483,325300,389300,EA-GMMC,FL
20,8.05,2.01,1.1467,68021,6.16,10.53,GEV,4,1.3667,2.927,0.2019,Arrowe Brook at Acton Lane,Arrowe Brook,17.87,53.39522,-3.12483,325300,389300,EA-GMMC,FL
30,8.75,2.19,1.1496,68021,6.66,11.5,GEV,4,1.3667,2.927,0.2019,Arrowe Brook at Acton Lane,Arrowe Brook,17.87,53.39522,-3.12483,325300,389300,EA-GMMC,FL
50,9.65,2.41,1.1537,68021,7.29,12.77,GEV,4,1.3667,2.927,0.2019,Arrowe Brook at Acton Lane,Arrowe Brook,17.87,53.39522,-3.12483,325300,389300,EA-GMMC,FL
75,10.4,2.6,1.1575,68021,7.81,13.85,GEV,4,1.3667,2.927,0.2019,Arrowe Brook at Acton Lane,Arrowe Brook,17.87,53.39522,-3.12483,325300,389300,EA-GMMC,FL
100,10.9,2.73,1.1603,68021,8.14,14.59,GEV,4,1.3667,2.927,0.2019,Arrowe Brook at Acton Lane,Arrowe Brook,17.87,53.39522,-3.12483,325300,389300,EA-GMMC,FL
200,12.2,3.05,1.1681,68021,9,16.54,GEV,4,1.3667,2.927,0.2019,Arrowe Brook at Acton Lane,Arrowe Brook,17.87,53.39522,-3.12483,325300,389300,EA-GMMC,FL
500,14,3.5,1.1801,68021,10.12,19.37,GEV,4,1.3667,2.927,0.2019,Arrowe Brook at Acton Lane,Arrowe Brook,17.87,53.39522,-3.12483,325300,389300,EA-GMMC,FL
1000,15.4,3.86,1.1905,68021,10.94,21.67,GEV,4,1.3667,2.927,0.2019,Arrowe Brook at Acton Lane,Arrowe Brook,17.87,53.39522,-3.12483,325300,389300,EA-GMMC,FL
2,32.5,1,1.0419,69005,29.99,35.22,Kappa3,32.5,1.2512,25.975,0.1893,Glaze Brook at Little Woolden Hall,Glaze Brook,152,53.4408,-2.4757,368498,393886,EA-GMMC,US
5,40.1,1.23,1.0429,69005,36.93,43.54,Kappa3,32.5,1.2512,25.975,0.1893,Glaze Brook at Little Woolden Hall,Glaze Brook,152,53.4408,-2.4757,368498,393886,EA-GMMC,US
10,45.4,1.4,1.0452,69005,41.63,49.51,Kappa3,32.5,1.2512,25.975,0.1893,Glaze Brook at Little Woolden Hall,Glaze Brook,152,53.4408,-2.4757,368498,393886,EA-GMMC,US
20,50.9,1.57,1.049,69005,46.34,55.9,Kappa3,32.5,1.2512,25.975,0.1893,Glaze Brook at Little Woolden Hall,Glaze Brook,152,53.4408,-2.4757,368498,393886,EA-GMMC,US
30,54.2,1.67,1.0519,69005,49.08,59.85,Kappa3,32.5,1.2512,25.975,0.1893,Glaze Brook at Little Woolden Hall,Glaze Brook,152,53.4408,-2.4757,368498,393886,EA-GMMC,US
50,58.6,1.8,1.0563,69005,52.63,65.24,Kappa3,32.5,1.2512,25.975,0.1893,Glaze Brook at Little Woolden Hall,Glaze Brook,152,53.4408,-2.4757,368498,393886,EA-GMMC,US
75,62.3,1.92,1.0604,69005,55.54,69.89,Kappa3,32.5,1.2512,25.975,0.1893,Glaze Brook at Little Woolden Hall,Glaze Brook,152,53.4408,-2.4757,368498,393886,EA-GMMC,US
100,64.9,2,1.0636,69005,57.51,73.24,Kappa3,32.5,1.2512,25.975,0.1893,Glaze Brook at Little Woolden Hall,Glaze Brook,152,53.4408,-2.4757,368498,393886,EA-GMMC,US
200,71.7,2.21,1.0724,69005,62.52,82.23,Kappa3,32.5,1.2512,25.975,0.1893,Glaze Brook at Little Woolden Hall,Glaze Brook,152,53.4408,-2.4757,368498,393886,EA-GMMC,US
500,81.5,2.51,1.0859,69005,69.34,95.79,Kappa3,32.5,1.2512,25.975,0.1893,Glaze Brook at Little Woolden Hall,Glaze Brook,152,53.4408,-2.4757,368498,393886,EA-GMMC,US
1000,89.6,2.76,1.0974,69005,74.68,107.5,Kappa3,32.5,1.2512,25.975,0.1893,Glaze Brook at Little Woolden Hall,Glaze Brook,152,53.4408,-2.4757,368498,393886,EA-GMMC,US
2,9.96,1,1.0756,69008,8.63,11.49,GEV,9.96,1.187,8.391,0.0911,Dean at Stanneylands,Dean,58.87,53.34368,-2.23239,384625,383001,EA-GMMC,CC
5,13.9,1.4,1.0753,69008,12.06,16.03,GEV,9.96,1.187,8.391,0.0911,Dean at Stanneylands,Dean,58.87,53.34368,-2.23239,384625,383001,EA-GMMC,CC
10,17,1.7,1.0775,69008,14.69,19.68,GEV,9.96,1.187,8.391,0.0911,Dean at Stanneylands,Dean,58.87,53.34368,-2.23239,384625,383001,EA-GMMC,CC
20,20.2,2.03,1.082,69008,17.31,23.57,GEV,9.96,1.187,8.391,0.0911,Dean at Stanneylands,Dean,58.87,53.34368,-2.23239,384625,383001,EA-GMMC,CC
30,22.3,2.24,1.0858,69008,18.98,26.2,GEV,9.96,1.187,8.391,0.0911,Dean at Stanneylands,Dean,58.87,53.34368,-2.23239,384625,383001,EA-GMMC,CC
50,25.1,2.52,1.0916,69008,21.14,29.8,GEV,9.96,1.187,8.391,0.0911,Dean at Stanneylands,Dean,58.87,53.34368,-2.23239,384625,383001,EA-GMMC,CC
75,27.4,2.75,1.0972,69008,22.84,32.86,GEV,9.96,1.187,8.391,0.0911,Dean at Stanneylands,Dean,58.87,53.34368,-2.23239,384625,383001,EA-GMMC,CC
100,29.2,2.93,1.1015,69008,24.16,35.29,GEV,9.96,1.187,8.391,0.0911,Dean at Stanneylands,Dean,58.87,53.34368,-2.23239,384625,383001,EA-GMMC,CC
200,33.8,3.39,1.1136,69008,27.37,41.74,GEV,9.96,1.187,8.391,0.0911,Dean at Stanneylands,Dean,58.87,53.34368,-2.23239,384625,383001,EA-GMMC,CC
500,40.7,4.08,1.1323,69008,31.9,51.92,GEV,9.96,1.187,8.391,0.0911,Dean at Stanneylands,Dean,58.87,53.34368,-2.23239,384625,383001,EA-GMMC,CC
1000,46.6,4.68,1.1484,69008,35.53,61.12,GEV,9.96,1.187,8.391,0.0911,Dean at Stanneylands,Dean,58.87,53.34368,-2.23239,384625,383001,EA-GMMC,CC
2,17.5,1,1.0809,69012,15.03,20.38,GEV,17.5,1.2937,13.527,0.1526,Bollin at Wilmslow,Bollin,72.5,53.33012,-2.22714,384970,381491,EA-GMMC,CC
5,24.4,1.4,1.0807,69012,20.96,28.41,GEV,17.5,1.2937,13.527,0.1526,Bollin at Wilmslow,Bollin,72.5,53.33012,-2.22714,384970,381491,EA-GMMC,CC
10,29.8,1.7,1.082,69012,25.53,34.78,GEV,17.5,1.2937,13.527,0.1526,Bollin at Wilmslow,Bollin,72.5,53.33012,-2.22714,384970,381491,EA-GMMC,CC
20,35.6,2.03,1.0847,69012,30.36,41.75,GEV,17.5,1.2937,13.527,0.1526,Bollin at Wilmslow,Bollin,72.5,53.33012,-2.22714,384970,381491,EA-GMMC,CC
30,39.2,2.24,1.087,69012,33.29,46.16,GEV,17.5,1.2937,13.527,0.1526,Bollin at Wilmslow,Bollin,72.5,53.33012,-2.22714,384970,381491,EA-GMMC,CC
50,44.1,2.52,1.0907,69012,37.2,52.28,GEV,17.5,1.2937,13.527,0.1526,Bollin at Wilmslow,Bollin,72.5,53.33012,-2.22714,384970,381491,EA-GMMC,CC
75,48.3,2.76,1.0943,69012,40.48,57.63,GEV,17.5,1.2937,13.527,0.1526,Bollin at Wilmslow,Bollin,72.5,53.33012,-2.22714,384970,381491,EA-GMMC,CC
100,51.5,2.94,1.0973,69012,42.93,61.78,GEV,17.5,1.2937,13.527,0.1526,Bollin at Wilmslow,Bollin,72.5,53.33012,-2.22714,384970,381491,EA-GMMC,CC
200,59.7,3.41,1.1056,69012,49.04,72.68,GEV,17.5,1.2937,13.527,0.1526,Bollin at Wilmslow,Bollin,72.5,53.33012,-2.22714,384970,381491,EA-GMMC,CC
500,72,4.12,1.119,69012,57.76,89.75,GEV,17.5,1.2937,13.527,0.1526,Bollin at Wilmslow,Bollin,72.5,53.33012,-2.22714,384970,381491,EA-GMMC,CC
1000,82.7,4.72,1.1308,69012,64.99,105.23,GEV,17.5,1.2937,13.527,0.1526,Bollin at Wilmslow,Bollin,72.5,53.33012,-2.22714,384970,381491,EA-GMMC,CC
2,52.5,1,1.042,69015,48.43,56.91,Kappa3,52.5,1.0475,50.118,0.04,Etherow at Compstall,Etherow,156,53.41371,-2.05802,396241,390768,EA-GMMC,C
5,70.2,1.34,1.0446,69015,64.45,76.47,Kappa3,52.5,1.0475,50.118,0.04,Etherow at Compstall,Etherow,156,53.41371,-2.05802,396241,390768,EA-GMMC,C
10,83.7,1.59,1.0483,69015,76.31,91.81,Kappa3,52.5,1.0475,50.118,0.04,Etherow at Compstall,Etherow,156,53.41371,-2.05802,396241,390768,EA-GMMC,C
20,98.3,1.87,1.0539,69015,88.69,108.95,Kappa3,52.5,1.0475,50.118,0.04,Etherow at Compstall,Etherow,156,53.41371,-2.05802,396241,390768,EA-GMMC,C
30,108,2.05,1.0581,69015,96.68,120.64,Kappa3,52.5,1.0475,50.118,0.04,Etherow at Compstall,Etherow,156,53.41371,-2.05802,396241,390768,EA-GMMC,C
50,120,2.29,1.0642,69015,106.22,135.56,Kappa3,52.5,1.0475,50.118,0.04,Etherow at Compstall,Etherow,156,53.41371,-2.05802,396241,390768,EA-GMMC,C
75,131,2.5,1.0697,69015,114.79,149.49,Kappa3,52.5,1.0475,50.118,0.04,Etherow at Compstall,Etherow,156,53.41371,-2.05802,396241,390768,EA-GMMC,C
100,139,2.65,1.0739,69015,120.87,159.85,Kappa3,52.5,1.0475,50.118,0.04,Etherow at Compstall,Etherow,156,53.41371,-2.05802,396241,390768,EA-GMMC,C
200,161,3.07,1.0852,69015,137.16,188.98,Kappa3,52.5,1.0475,50.118,0.04,Etherow at Compstall,Etherow,156,53.41371,-2.05802,396241,390768,EA-GMMC,C
500,194,3.7,1.1022,69015,160.31,234.76,Kappa3,52.5,1.0475,50.118,0.04,Etherow at Compstall,Etherow,156,53.41371,-2.05802,396241,390768,EA-GMMC,C
1000,224,4.26,1.1164,69015,180.52,277.96,Kappa3,52.5,1.0475,50.118,0.04,Etherow at Compstall,Etherow,156,53.41371,-2.05802,396241,390768,EA-GMMC,C
2,62,1,1.0624,69017,55.06,69.81,GEV,62,1.0533,58.862,0.0356,Goyt at Marple Bridge,Goyt,183,53.40492,-2.05607,396370,389790,EA-GMMC,CC
5,83.7,1.35,1.0629,69017,74.27,94.33,GEV,62,1.0533,58.862,0.0356,Goyt at Marple Bridge,Goyt,183,53.40492,-2.05607,396370,389790,EA-GMMC,CC
10,98.6,1.59,1.0645,69017,87.23,111.45,GEV,62,1.0533,58.862,0.0356,Goyt at Marple Bridge,Goyt,183,53.40492,-2.05607,396370,389790,EA-GMMC,CC
20,113,1.83,1.067,69017,99.51,128.32,GEV,62,1.0533,58.862,0.0356,Goyt at Marple Bridge,Goyt,183,53.40492,-2.05607,396370,389790,EA-GMMC,CC
30,122,1.97,1.0691,69017,107.02,139.07,GEV,62,1.0533,58.862,0.0356,Goyt at Marple Bridge,Goyt,183,53.40492,-2.05607,396370,389790,EA-GMMC,CC
50,133,2.15,1.0723,69017,115.99,152.5,GEV,62,1.0533,58.862,0.0356,Goyt at Marple Bridge,Goyt,183,53.40492,-2.05607,396370,389790,EA-GMMC,CC
75,142,2.3,1.0753,69017,123.17,163.71,GEV,62,1.0533,58.862,0.0356,Goyt at Marple Bridge,Goyt,183,53.40492,-2.05607,396370,389790,EA-GMMC,CC
100,149,2.4,1.0777,69017,128.67,172.54,GEV,62,1.0533,58.862,0.0356,Goyt at Marple Bridge,Goyt,183,53.40492,-2.05607,396370,389790,EA-GMMC,CC
200,165,2.66,1.0845,69017,140.75,193.43,GEV,62,1.0533,58.862,0.0356,Goyt at Marple Bridge,Goyt,183,53.40492,-2.05607,396370,389790,EA-GMMC,CC
500,187,3.01,1.0952,69017,156.47,223.49,GEV,62,1.0533,58.862,0.0356,Goyt at Marple Bridge,Goyt,183,53.40492,-2.05607,396370,389790,EA-GMMC,CC
1000,204,3.28,1.1045,69017,167.89,247.88,GEV,62,1.0533,58.862,0.0356,Goyt at Marple Bridge,Goyt,183,53.40492,-2.05607,396370,389790,EA-GMMC,CC
2,23.3,1,1.0466,69020,21.31,25.48,Kappa3,23.3,1.607,14.499,0.4013,Medlock at London Road,Medlock,57.5,53.47429,-2.22921,384884,397531,EA-GMMC,MIS
5,29,1.25,1.0519,69020,26.26,32.02,Kappa3,23.3,1.607,14.499,0.4013,Medlock at London Road,Medlock,57.5,53.47429,-2.22921,384884,397531,EA-GMMC,MIS
10,33.4,1.43,1.059,69020,29.85,37.37,Kappa3,23.3,1.607,14.499,0.4013,Medlock at London Road,Medlock,57.5,53.47429,-2.22921,384884,397531,EA-GMMC,MIS
20,38.2,1.64,1.0685,69020,33.55,43.5,Kappa3,23.3,1.607,14.499,0.4013,Medlock at London Road,Medlock,57.5,53.47429,-2.22921,384884,397531,EA-GMMC,MIS
30,41.3,1.77,1.0751,69020,35.84,47.6,Kappa3,23.3,1.607,14.499,0.4013,Medlock at London Road,Medlock,57.5,53.47429,-2.22921,384884,397531,EA-GMMC,MIS
50,45.5,1.95,1.0843,69020,38.83,53.32,Kappa3,23.3,1.607,14.499,0.4013,Medlock at London Road,Medlock,57.5,53.47429,-2.22921,384884,397531,EA-GMMC,MIS
75,49.1,2.11,1.0924,69020,41.29,58.39,Kappa3,23.3,1.607,14.499,0.4013,Medlock at London Road,Medlock,57.5,53.47429,-2.22921,384884,397531,EA-GMMC,MIS
100,51.9,2.23,1.0985,69020,43.17,62.39,Kappa3,23.3,1.607,14.499,0.4013,Medlock at London Road,Medlock,57.5,53.47429,-2.22921,384884,397531,EA-GMMC,MIS
200,59.1,2.54,1.1144,69020,47.8,73.08,Kappa3,23.3,1.607,14.499,0.4013,Medlock at London Road,Medlock,57.5,53.47429,-2.22921,384884,397531,EA-GMMC,MIS
500,70.3,3.02,1.1378,69020,54.58,90.54,Kappa3,23.3,1.607,14.499,0.4013,Medlock at London Road,Medlock,57.5,53.47429,-2.22921,384884,397531,EA-GMMC,MIS
1000,80.3,3.44,1.157,69020,60.34,106.87,Kappa3,23.3,1.607,14.499,0.4013,Medlock at London Road,Medlock,57.5,53.47429,-2.22921,384884,397531,EA-GMMC,MIS
2,71.3,1,1.0351,69023,66.64,76.29,GEV,71.3,1.3492,52.845,0.1857,Roch at Blackford Bridge,Roch,186,53.56591,-2.29302,380690,407740,EA-GMMC,B
5,91.9,1.29,1.0389,69023,85.28,99.04,GEV,71.3,1.3492,52.845,0.1857,Roch at Blackford Bridge,Roch,186,53.56591,-2.29302,380690,407740,EA-GMMC,B
10,107,1.51,1.0443,69023,98.28,116.49,GEV,71.3,1.3492,52.845,0.1857,Roch at Blackford Bridge,Roch,186,53.56591,-2.29302,380690,407740,EA-GMMC,B
20,123,1.73,1.0517,69023,111.43,135.77,GEV,71.3,1.3492,52.845,0.1857,Roch at Blackford Bridge,Roch,186,53.56591,-2.29302,380690,407740,EA-GMMC,B
30,133,1.87,1.0569,69023,119.33,148.24,GEV,71.3,1.3492,52.845,0.1857,Roch at Blackford Bridge,Roch,186,53.56591,-2.29302,380690,407740,EA-GMMC,B
50,147,2.06,1.0643,69023,130.1,166.1,GEV,71.3,1.3492,52.845,0.1857,Roch at Blackford Bridge,Roch,186,53.56591,-2.29302,380690,407740,EA-GMMC,B
75,158,2.21,1.0708,69023,138.17,180.67,GEV,71.3,1.3492,52.845,0.1857,Roch at Blackford Bridge,Roch,186,53.56591,-2.29302,380690,407740,EA-GMMC,B
100,166,2.33,1.0758,69023,143.85,191.56,GEV,71.3,1.3492,52.845,0.1857,Roch at Blackford Bridge,Roch,186,53.56591,-2.29302,380690,407740,EA-GMMC,B
200,187,2.62,1.0887,69023,158.31,220.89,GEV,71.3,1.3492,52.845,0.1857,Roch at Blackford Bridge,Roch,186,53.56591,-2.29302,380690,407740,EA-GMMC,B
500,218,3.05,1.1078,69023,178.37,266.44,GEV,71.3,1.3492,52.845,0.1857,Roch at Blackford Bridge,Roch,186,53.56591,-2.29302,380690,407740,EA-GMMC,B
1000,243,3.41,1.1236,69023,193.38,305.36,GEV,71.3,1.3492,52.845,0.1857,Roch at Blackford Bridge,Roch,186,53.56591,-2.29302,380690,407740,EA-GMMC,B
2,60.5,1,1.0254,69024,57.6,63.55,GEV,60.5,1.2444,48.616,0.1964,Croal at Farnworth Weir,Croal,145,53.55736,-2.38884,374339,406819,EA-GMMC,B
5,78.9,1.3,1.0267,69024,74.93,83.08,GEV,60.5,1.2444,48.616,0.1964,Croal at Farnworth Weir,Croal,145,53.55736,-2.38884,374339,406819,EA-GMMC,B
10,92.3,1.53,1.0306,69024,87.01,97.92,GEV,60.5,1.2444,48.616,0.1964,Croal at Farnworth Weir,Croal,145,53.55736,-2.38884,374339,406819,EA-GMMC,B
20,106,1.75,1.0367,69024,98.77,113.76,GEV,60.5,1.2444,48.616,0.1964,Croal at Farnworth Weir,Croal,145,53.55736,-2.38884,374339,406819,EA-GMMC,B
30,114,1.89,1.0411,69024,105.35,123.36,GEV,60.5,1.2444,48.616,0.1964,Croal at Farnworth Weir,Croal,145,53.55736,-2.38884,374339,406819,EA-GMMC,B
50,125,2.07,1.0476,69024,114.11,136.93,GEV,60.5,1.2444,48.616,0.1964,Croal at Farnworth Weir,Croal,145,53.55736,-2.38884,374339,406819,EA-GMMC,B
75,134,2.22,1.0533,69024,121.03,148.36,GEV,60.5,1.2444,48.616,0.1964,Croal at Farnworth Weir,Croal,145,53.55736,-2.38884,374339,406819,EA-GMMC,B
100,141,2.33,1.0577,69024,126.32,157.39,GEV,60.5,1.2444,48.616,0.1964,Croal at Farnworth Weir,Croal,145,53.55736,-2.38884,374339,406819,EA-GMMC,B
200,157,2.6,1.069,69024,137.75,178.94,GEV,60.5,1.2444,48.616,0.1964,Croal at Farnworth Weir,Croal,145,53.55736,-2.38884,374339,406819,EA-GMMC,B
500,181,2.99,1.0859,69024,154,212.73,GEV,60.5,1.2444,48.616,0.1964,Croal at Farnworth Weir,Croal,145,53.55736,-2.38884,374339,406819,EA-GMMC,B
1000,200,3.31,1.0998000000000001,69024,165.98,240.99,GEV,60.5,1.2444,48.616,0.1964,Croal at Farnworth Weir,Croal,145,53.55736,-2.38884,374339,406819,EA-GMMC,B
2,272,1,1.0375,69025,253.07,292.35,GEV,272,1.2753,213.29,0.1798,Irwell at Manchester Racecourse,Irwell,557,53.49953,-2.27178,382069,400349,EA-GMMC,VA
5,347,1.27,1.04,69025,321.32,374.73,GEV,272,1.2753,213.29,0.1798,Irwell at Manchester Racecourse,Irwell,557,53.49953,-2.27178,382069,400349,EA-GMMC,VA
10,398,1.46,1.0434,69025,366.2,432.56,GEV,272,1.2753,213.29,0.1798,Irwell at Manchester Racecourse,Irwell,557,53.49953,-2.27178,382069,400349,EA-GMMC,VA
20,448,1.65,1.0482,69025,408.51,491.3,GEV,272,1.2753,213.29,0.1798,Irwell at Manchester Racecourse,Irwell,557,53.49953,-2.27178,382069,400349,EA-GMMC,VA
30,478,1.76,1.0518,69025,432.95,527.74,GEV,272,1.2753,213.29,0.1798,Irwell at Manchester Racecourse,Irwell,557,53.49953,-2.27178,382069,400349,EA-GMMC,VA
50,516,1.9,1.057,69025,462.87,575.22,GEV,272,1.2753,213.29,0.1798,Irwell at Manchester Racecourse,Irwell,557,53.49953,-2.27178,382069,400349,EA-GMMC,VA
75,546,2.01,1.0618,69025,485.45,614.1,GEV,272,1.2753,213.29,0.1798,Irwell at Manchester Racecourse,Irwell,557,53.49953,-2.27178,382069,400349,EA-GMMC,VA
100,568,2.09,1.0655,69025,501.58,643.21,GEV,272,1.2753,213.29,0.1798,Irwell at Manchester Racecourse,Irwell,557,53.49953,-2.27178,382069,400349,EA-GMMC,VA
200,622,2.29,1.0753,69025,539.5,717.11,GEV,272,1.2753,213.29,0.1798,Irwell at Manchester Racecourse,Irwell,557,53.49953,-2.27178,382069,400349,EA-GMMC,VA
500,695,2.55,1.0903,69025,586.67,823.33,GEV,272,1.2753,213.29,0.1798,Irwell at Manchester Racecourse,Irwell,557,53.49953,-2.27178,382069,400349,EA-GMMC,VA
1000,752,2.76,1.103,69025,620.54,911.31,GEV,272,1.2753,213.29,0.1798,Irwell at Manchester Racecourse,Irwell,557,53.49953,-2.27178,382069,400349,EA-GMMC,VA
2,62.9,1,1.0658,69027,55.51,71.27,Gumbel,62.9,1.2471,50.436,0.1904,Tame at Portwood,Tame,150,53.42354,-2.14143,390699,391870,EA-GMMC,B
5,81.4,1.29,1.0658,69027,71.84,92.23,Gumbel,62.9,1.2471,50.436,0.1904,Tame at Portwood,Tame,150,53.42354,-2.14143,390699,391870,EA-GMMC,B
10,93.6,1.49,1.0666,69027,82.49,106.21,Gumbel,62.9,1.2471,50.436,0.1904,Tame at Portwood,Tame,150,53.42354,-2.14143,390699,391870,EA-GMMC,B
20,105,1.68,1.0683,69027,92.25,119.52,Gumbel,62.9,1.2471,50.436,0.1904,Tame at Portwood,Tame,150,53.42354,-2.14143,390699,391870,EA-GMMC,B
30,112,1.78,1.0699,69027,98.11,127.86,Gumbel,62.9,1.2471,50.436,0.1904,Tame at Portwood,Tame,150,53.42354,-2.14143,390699,391870,EA-GMMC,B
50,121,1.92,1.0723,69027,105.53,138.74,Gumbel,62.9,1.2471,50.436,0.1904,Tame at Portwood,Tame,150,53.42354,-2.14143,390699,391870,EA-GMMC,B
75,127,2.02,1.0748,69027,110.26,146.29,Gumbel,62.9,1.2471,50.436,0.1904,Tame at Portwood,Tame,150,53.42354,-2.14143,390699,391870,EA-GMMC,B
100,132,2.1,1.0768,69027,114.18,152.6,Gumbel,62.9,1.2471,50.436,0.1904,Tame at Portwood,Tame,150,53.42354,-2.14143,390699,391870,EA-GMMC,B
200,143,2.28,1.0826,69027,122.4,167.07,Gumbel,62.9,1.2471,50.436,0.1904,Tame at Portwood,Tame,150,53.42354,-2.14143,390699,391870,EA-GMMC,B
500,158,2.52,1.0921,69027,132.94,187.78,Gumbel,62.9,1.2471,50.436,0.1904,Tame at Portwood,Tame,150,53.42354,-2.14143,390699,391870,EA-GMMC,B
1000,170,2.7,1.1008,69027,140.83,205.21,Gumbel,62.9,1.2471,50.436,0.1904,Tame at Portwood,Tame,150,53.42354,-2.14143,390699,391870,EA-GMMC,B
2,141,1,1.0657,69028,124.47,159.73,Gumbel,141,1.1374,123.969,0.102,Mersey at Brinksway,Mersey,517.36,53.40701,-2.17492,388469,390036,EA-GMMC,VA
5,183,1.3,1.0662,69028,161.39,207.5,Gumbel,141,1.1374,123.969,0.102,Mersey at Brinksway,Mersey,517.36,53.40701,-2.17492,388469,390036,EA-GMMC,VA
10,210,1.49,1.0676,69028,184.73,238.73,Gumbel,141,1.1374,123.969,0.102,Mersey at Brinksway,Mersey,517.36,53.40701,-2.17492,388469,390036,EA-GMMC,VA
20,237,1.68,1.0699,69028,207.6,270.56,Gumbel,141,1.1374,123.969,0.102,Mersey at Brinksway,Mersey,517.36,53.40701,-2.17492,388469,390036,EA-GMMC,VA
30,252,1.79,1.0718,69028,219.98,288.68,Gumbel,141,1.1374,123.969,0.102,Mersey at Brinksway,Mersey,517.36,53.40701,-2.17492,388469,390036,EA-GMMC,VA
50,271,1.92,1.0748,69028,235.27,312.16,Gumbel,141,1.1374,123.969,0.102,Mersey at Brinksway,Mersey,517.36,53.40701,-2.17492,388469,390036,EA-GMMC,VA
75,286,2.03,1.0777,69028,246.98,331.18,Gumbel,141,1.1374,123.969,0.102,Mersey at Brinksway,Mersey,517.36,53.40701,-2.17492,388469,390036,EA-GMMC,VA
100,297,2.11,1.0801,69028,255.37,345.42,Gumbel,141,1.1374,123.969,0.102,Mersey at Brinksway,Mersey,517.36,53.40701,-2.17492,388469,390036,EA-GMMC,VA
200,323,2.29,1.0867,69028,274.43,380.17,Gumbel,141,1.1374,123.969,0.102,Mersey at Brinksway,Mersey,517.36,53.40701,-2.17492,388469,390036,EA-GMMC,VA
500,357,2.53,1.0975,69028,297.49,428.41,Gumbel,141,1.1374,123.969,0.102,Mersey at Brinksway,Mersey,517.36,53.40701,-2.17492,388469,390036,EA-GMMC,VA
1000,382,2.71,1.1071,69028,312.94,466.3,Gumbel,141,1.1374,123.969,0.102,Mersey at Brinksway,Mersey,517.36,53.40701,-2.17492,388469,390036,EA-GMMC,VA
2,17.6,1,1.0463,69032,16.11,19.23,Kappa3,17.6,1.6993,10.357,0.3473,Alt at Kirkby,Alt,90.1,53.47818,-2.91818,339160,398332,EA-CL,MIS
5,22,1.25,1.0482,69032,20.06,24.13,Kappa3,17.6,1.6993,10.357,0.3473,Alt at Kirkby,Alt,90.1,53.47818,-2.91818,339160,398332,EA-CL,MIS
10,25.1,1.43,1.0525,69032,22.7,27.75,Kappa3,17.6,1.6993,10.357,0.3473,Alt at Kirkby,Alt,90.1,53.47818,-2.91818,339160,398332,EA-CL,MIS
20,28.2,1.6,1.0592,69032,25.19,31.57,Kappa3,17.6,1.6993,10.357,0.3473,Alt at Kirkby,Alt,90.1,53.47818,-2.91818,339160,398332,EA-CL,MIS
30,30.1,1.71,1.0641,69032,26.65,34,Kappa3,17.6,1.6993,10.357,0.3473,Alt at Kirkby,Alt,90.1,53.47818,-2.91818,339160,398332,EA-CL,MIS
50,32.6,1.85,1.0713,69032,28.48,37.31,Kappa3,17.6,1.6993,10.357,0.3473,Alt at Kirkby,Alt,90.1,53.47818,-2.91818,339160,398332,EA-CL,MIS
75,34.6,1.97,1.0777,69032,29.88,40.07,Kappa3,17.6,1.6993,10.357,0.3473,Alt at Kirkby,Alt,90.1,53.47818,-2.91818,339160,398332,EA-CL,MIS
100,36.1,2.05,1.0826,69032,30.9,42.18,Kappa3,17.6,1.6993,10.357,0.3473,Alt at Kirkby,Alt,90.1,53.47818,-2.91818,339160,398332,EA-CL,MIS
200,39.8,2.26,1.0955,69032,33.28,47.59,Kappa3,17.6,1.6993,10.357,0.3473,Alt at Kirkby,Alt,90.1,53.47818,-2.91818,339160,398332,EA-CL,MIS
500,45.1,2.56,1.1148,69032,36.45,55.81,Kappa3,17.6,1.6993,10.357,0.3473,Alt at Kirkby,Alt,90.1,53.47818,-2.91818,339160,398332,EA-CL,MIS
1000,49.4,2.81,1.1308,69032,38.82,62.86,Kappa3,17.6,1.6993,10.357,0.3473,Alt at Kirkby,Alt,90.1,53.47818,-2.91818,339160,398332,EA-CL,MIS
2,50,1,1.0456,69041,45.82,54.57,GEV,50,1.1819,42.305,0.1448,Tame at Broomstairs,Tame,113,53.45497,-2.09595,393726,395361,EA-GMMC,USVA
5,65.9,1.32,1.0459,69041,60.35,71.96,GEV,50,1.1819,42.305,0.1448,Tame at Broomstairs,Tame,113,53.45497,-2.09595,393726,395361,EA-GMMC,USVA
10,77.2,1.54,1.0483,69041,70.38,84.68,GEV,50,1.1819,42.305,0.1448,Tame at Broomstairs,Tame,113,53.45497,-2.09595,393726,395361,EA-GMMC,USVA
20,88.5,1.77,1.0525,69041,80.05,97.84,GEV,50,1.1819,42.305,0.1448,Tame at Broomstairs,Tame,113,53.45497,-2.09595,393726,395361,EA-GMMC,USVA
30,95.3,1.91,1.0558,69041,85.68,106,GEV,50,1.1819,42.305,0.1448,Tame at Broomstairs,Tame,113,53.45497,-2.09595,393726,395361,EA-GMMC,USVA
50,104,2.08,1.0609,69041,92.62,116.78,GEV,50,1.1819,42.305,0.1448,Tame at Broomstairs,Tame,113,53.45497,-2.09595,393726,395361,EA-GMMC,USVA
75,111,2.22,1.0655,69041,98.02,125.7,GEV,50,1.1819,42.305,0.1448,Tame at Broomstairs,Tame,113,53.45497,-2.09595,393726,395361,EA-GMMC,USVA
100,116,2.33,1.0691,69041,101.76,132.23,GEV,50,1.1819,42.305,0.1448,Tame at Broomstairs,Tame,113,53.45497,-2.09595,393726,395361,EA-GMMC,USVA
200,129,2.59,1.079,69041,111.14,149.73,GEV,50,1.1819,42.305,0.1448,Tame at Broomstairs,Tame,113,53.45497,-2.09595,393726,395361,EA-GMMC,USVA
500,147,2.95,1.094,69041,123.27,175.3,GEV,50,1.1819,42.305,0.1448,Tame at Broomstairs,Tame,113,53.45497,-2.09595,393726,395361,EA-GMMC,USVA
1000,162,3.23,1.1066,69041,132.83,197.58,GEV,50,1.1819,42.305,0.1448,Tame at Broomstairs,Tame,113,53.45497,-2.09595,393726,395361,EA-GMMC,USVA
2,28.1,1,1.0567,69043,25.22,31.31,GEV,28.1,2.0602,13.639,0.4226,Irk at Collyhurst Weir,Irk,72.3,53.4937,-2.22982,384850,399691,EA-GMMC,B
5,36,1.28,1.0567,69043,32.31,40.11,GEV,28.1,2.0602,13.639,0.4226,Irk at Collyhurst Weir,Irk,72.3,53.4937,-2.22982,384850,399691,EA-GMMC,B
10,41.9,1.49,1.0585,69043,37.48,46.84,GEV,28.1,2.0602,13.639,0.4226,Irk at Collyhurst Weir,Irk,72.3,53.4937,-2.22982,384850,399691,EA-GMMC,B
20,48.1,1.71,1.0619,69043,42.76,54.11,GEV,28.1,2.0602,13.639,0.4226,Irk at Collyhurst Weir,Irk,72.3,53.4937,-2.22982,384850,399691,EA-GMMC,B
30,51.9,1.85,1.0648,69043,45.89,58.7,GEV,28.1,2.0602,13.639,0.4226,Irk at Collyhurst Weir,Irk,72.3,53.4937,-2.22982,384850,399691,EA-GMMC,B
50,56.9,2.03,1.0693,69043,49.9,64.89,GEV,28.1,2.0602,13.639,0.4226,Irk at Collyhurst Weir,Irk,72.3,53.4937,-2.22982,384850,399691,EA-GMMC,B
75,61.1,2.18,1.0737,69043,53.15,70.24,GEV,28.1,2.0602,13.639,0.4226,Irk at Collyhurst Weir,Irk,72.3,53.4937,-2.22982,384850,399691,EA-GMMC,B
100,64.3,2.29,1.0771,69043,55.59,74.38,GEV,28.1,2.0602,13.639,0.4226,Irk at Collyhurst Weir,Irk,72.3,53.4937,-2.22982,384850,399691,EA-GMMC,B
200,72.2,2.57,1.0866,69043,61.35,84.96,GEV,28.1,2.0602,13.639,0.4226,Irk at Collyhurst Weir,Irk,72.3,53.4937,-2.22982,384850,399691,EA-GMMC,B
500,83.9,2.98,1.1016,69043,69.41,101.42,GEV,28.1,2.0602,13.639,0.4226,Irk at Collyhurst Weir,Irk,72.3,53.4937,-2.22982,384850,399691,EA-GMMC,B
1000,93.6,3.33,1.1145,69043,75.68,115.76,GEV,28.1,2.0602,13.639,0.4226,Irk at Collyhurst Weir,Irk,72.3,53.4937,-2.22982,384850,399691,EA-GMMC,B
2,113,1,1.0342,69044,105.79,120.7,Kappa3,113,1.1303,99.977,0.0921,Irwell at Bury Ground,Irwell,139.9,53.59872,-2.30387,379987,411393,EA-GMMC,B VA
5,148,1.31,1.0342,69044,138.56,158.08,Kappa3,113,1.1303,99.977,0.0921,Irwell at Bury Ground,Irwell,139.9,53.59872,-2.30387,379987,411393,EA-GMMC,B VA
10,173,1.53,1.0367,69044,161.2,185.66,Kappa3,113,1.1303,99.977,0.0921,Irwell at Bury Ground,Irwell,139.9,53.59872,-2.30387,379987,411393,EA-GMMC,B VA
20,201,1.78,1.0413,69044,185.67,217.59,Kappa3,113,1.1303,99.977,0.0921,Irwell at Bury Ground,Irwell,139.9,53.59872,-2.30387,379987,411393,EA-GMMC,B VA
30,218,1.93,1.045,69044,199.98,237.64,Kappa3,113,1.1303,99.977,0.0921,Irwell at Bury Ground,Irwell,139.9,53.59872,-2.30387,379987,411393,EA-GMMC,B VA
50,242,2.14,1.0506,69044,219.68,266.58,Kappa3,113,1.1303,99.977,0.0921,Irwell at Bury Ground,Irwell,139.9,53.59872,-2.30387,379987,411393,EA-GMMC,B VA
75,262,2.31,1.0558,69044,235.55,291.42,Kappa3,113,1.1303,99.977,0.0921,Irwell at Bury Ground,Irwell,139.9,53.59872,-2.30387,379987,411393,EA-GMMC,B VA
100,277,2.45,1.0598,69044,247.2,310.4,Kappa3,113,1.1303,99.977,0.0921,Irwell at Bury Ground,Irwell,139.9,53.59872,-2.30387,379987,411393,EA-GMMC,B VA
200,316,2.79,1.0705,69044,276.5,361.14,Kappa3,113,1.1303,99.977,0.0921,Irwell at Bury Ground,Irwell,139.9,53.59872,-2.30387,379987,411393,EA-GMMC,B VA
500,374,3.31,1.0867,69044,317.76,440.2,Kappa3,113,1.1303,99.977,0.0921,Irwell at Bury Ground,Irwell,139.9,53.59872,-2.30387,379987,411393,EA-GMMC,B VA
1000,425,3.76,1.1003,69044,352.39,512.57,Kappa3,113,1.1303,99.977,0.0921,Irwell at Bury Ground,Irwell,139.9,53.59872,-2.30387,379987,411393,EA-GMMC,B VA
2,36.4,1,1.0688,69045,31.95,41.47,Gumbel,36.4,1.2105,30.07,0.1139,Bollin at Bollington Mill Total,Bollin,256.7,53.37964,-2.40656,373052,387054,EA-GMMC,FV
5,49,1.35,1.069,69045,42.99,55.85,Gumbel,36.4,1.2105,30.07,0.1139,Bollin at Bollington Mill Total,Bollin,256.7,53.37964,-2.40656,373052,387054,EA-GMMC,FV
10,57.3,1.57,1.0706,69045,50.13,65.5,Gumbel,36.4,1.2105,30.07,0.1139,Bollin at Bollington Mill Total,Bollin,256.7,53.37964,-2.40656,373052,387054,EA-GMMC,FV
20,65.3,1.79,1.0734,69045,56.84,75.02,Gumbel,36.4,1.2105,30.07,0.1139,Bollin at Bollington Mill Total,Bollin,256.7,53.37964,-2.40656,373052,387054,EA-GMMC,FV
30,69.9,1.92,1.0757,69045,60.58,80.65,Gumbel,36.4,1.2105,30.07,0.1139,Bollin at Bollington Mill Total,Bollin,256.7,53.37964,-2.40656,373052,387054,EA-GMMC,FV
50,75.7,2.08,1.0793,69045,65.18,87.91,Gumbel,36.4,1.2105,30.07,0.1139,Bollin at Bollington Mill Total,Bollin,256.7,53.37964,-2.40656,373052,387054,EA-GMMC,FV
75,80.2,2.2,1.0827,69045,68.63,93.72,Gumbel,36.4,1.2105,30.07,0.1139,Bollin at Bollington Mill Total,Bollin,256.7,53.37964,-2.40656,373052,387054,EA-GMMC,FV
100,83.4,2.29,1.0854,69045,71.02,97.93,Gumbel,36.4,1.2105,30.07,0.1139,Bollin at Bollington Mill Total,Bollin,256.7,53.37964,-2.40656,373052,387054,EA-GMMC,FV
200,91.2,2.5,1.093,69045,76.61,108.57,Gumbel,36.4,1.2105,30.07,0.1139,Bollin at Bollington Mill Total,Bollin,256.7,53.37964,-2.40656,373052,387054,EA-GMMC,FV
500,101,2.78,1.1051,69045,83.03,122.85,Gumbel,36.4,1.2105,30.07,0.1139,Bollin at Bollington Mill Total,Bollin,256.7,53.37964,-2.40656,373052,387054,EA-GMMC,FV
1000,109,3,1.1157,69045,87.95,135.09,Gumbel,36.4,1.2105,30.07,0.1139,Bollin at Bollington Mill Total,Bollin,256.7,53.37964,-2.40656,373052,387054,EA-GMMC,FV
2,9.6,1,1.0669,69047,8.46,10.9,GEV,9.6,1.0671,8.996,0.0449,Roch at Littleborough,Roch,14.8,53.64536,-2.09205,394012,416543,EA-GMMC,VA
5,13,1.35,1.0685,69047,11.42,14.8,GEV,9.6,1.0671,8.996,0.0449,Roch at Littleborough,Roch,14.8,53.64536,-2.09205,394012,416543,EA-GMMC,VA
10,15.5,1.61,1.0711,69047,13.55,17.73,GEV,9.6,1.0671,8.996,0.0449,Roch at Littleborough,Roch,14.8,53.64536,-2.09205,394012,416543,EA-GMMC,VA
20,18,1.87,1.0749,69047,15.62,20.74,GEV,9.6,1.0671,8.996,0.0449,Roch at Littleborough,Roch,14.8,53.64536,-2.09205,394012,416543,EA-GMMC,VA
30,19.5,2.03,1.0778,69047,16.84,22.58,GEV,9.6,1.0671,8.996,0.0449,Roch at Littleborough,Roch,14.8,53.64536,-2.09205,394012,416543,EA-GMMC,VA
50,21.5,2.24,1.0819,69047,18.43,25.09,GEV,9.6,1.0671,8.996,0.0449,Roch at Littleborough,Roch,14.8,53.64536,-2.09205,394012,416543,EA-GMMC,VA
75,23.2,2.41,1.0858,69047,19.74,27.26,GEV,9.6,1.0671,8.996,0.0449,Roch at Littleborough,Roch,14.8,53.64536,-2.09205,394012,416543,EA-GMMC,VA
100,24.4,2.54,1.0887,69047,20.66,28.82,GEV,9.6,1.0671,8.996,0.0449,Roch at Littleborough,Roch,14.8,53.64536,-2.09205,394012,416543,EA-GMMC,VA
200,27.4,2.86,1.0968,69047,22.86,32.84,GEV,9.6,1.0671,8.996,0.0449,Roch at Littleborough,Roch,14.8,53.64536,-2.09205,394012,416543,EA-GMMC,VA
500,31.8,3.31,1.1093,69047,25.95,38.97,GEV,9.6,1.0671,8.996,0.0449,Roch at Littleborough,Roch,14.8,53.64536,-2.09205,394012,416543,EA-GMMC,VA
1000,35.3,3.68,1.1201,69047,28.26,44.09,GEV,9.6,1.0671,8.996,0.0449,Roch at Littleborough,Roch,14.8,53.64536,-2.09205,394012,416543,EA-GMMC,VA
2,44.7,1,1.0505,69803,40.59,49.23,Kappa3,44.7,1.2478,35.824,0.15310000000000001,Roch at Rochdale,Roch,111,53.61072,-2.17982,388200,412700,EA-GMMC,B
5,57.4,1.28,1.0523,69803,51.94,63.43,Kappa3,44.7,1.2478,35.824,0.15310000000000001,Roch at Rochdale,Roch,111,53.61072,-2.17982,388200,412700,EA-GMMC,B
10,67.2,1.5,1.0551,69803,60.49,74.65,Kappa3,44.7,1.2478,35.824,0.15310000000000001,Roch at Rochdale,Roch,111,53.61072,-2.17982,388200,412700,EA-GMMC,B
20,78,1.74,1.0594,69803,69.66,87.34,Kappa3,44.7,1.2478,35.824,0.15310000000000001,Roch at Rochdale,Roch,111,53.61072,-2.17982,388200,412700,EA-GMMC,B
30,84.8,1.9,1.0626,69803,75.29,95.52,Kappa3,44.7,1.2478,35.824,0.15310000000000001,Roch at Rochdale,Roch,111,53.61072,-2.17982,388200,412700,EA-GMMC,B
50,94.3,2.11,1.0673,69803,83,107.14,Kappa3,44.7,1.2478,35.824,0.15310000000000001,Roch at Rochdale,Roch,111,53.61072,-2.17982,388200,412700,EA-GMMC,B
75,102,2.29,1.0716,69803,89.07,116.81,Kappa3,44.7,1.2478,35.824,0.15310000000000001,Roch at Rochdale,Roch,111,53.61072,-2.17982,388200,412700,EA-GMMC,B
100,109,2.43,1.075,69803,94.59,125.6,Kappa3,44.7,1.2478,35.824,0.15310000000000001,Roch at Rochdale,Roch,111,53.61072,-2.17982,388200,412700,EA-GMMC,B
200,125,2.8,1.0841,69803,106.7,146.44,Kappa3,44.7,1.2478,35.824,0.15310000000000001,Roch at Rochdale,Roch,111,53.61072,-2.17982,388200,412700,EA-GMMC,B
500,150,3.37,1.0981,69803,124.86,180.2,Kappa3,44.7,1.2478,35.824,0.15310000000000001,Roch at Rochdale,Roch,111,53.61072,-2.17982,388200,412700,EA-GMMC,B
1000,173,3.87,1.11,69803,141,212.27,Kappa3,44.7,1.2478,35.824,0.15310000000000001,Roch at Rochdale,Roch,111,53.61072,-2.17982,388200,412700,EA-GMMC,B
2,44.8,1,1.0522,70002,40.55,49.5,Kappa3,44.8,1.311,34.172,0.1789,Douglas at Wanes Blades Bridge,Douglas,198,53.60707,-2.79308,347622,412572,EA-CL,US
5,56.2,1.25,1.0528,70002,50.81,62.16,Kappa3,44.8,1.311,34.172,0.1789,Douglas at Wanes Blades Bridge,Douglas,198,53.60707,-2.79308,347622,412572,EA-CL,US
10,64.1,1.43,1.0545,70002,57.77,71.13,Kappa3,44.8,1.311,34.172,0.1789,Douglas at Wanes Blades Bridge,Douglas,198,53.60707,-2.79308,347622,412572,EA-CL,US
20,72.3,1.61,1.0574,70002,64.81,80.66,Kappa3,44.8,1.311,34.172,0.1789,Douglas at Wanes Blades Bridge,Douglas,198,53.60707,-2.79308,347622,412572,EA-CL,US
30,77.2,1.72,1.0598,70002,68.89,86.51,Kappa3,44.8,1.311,34.172,0.1789,Douglas at Wanes Blades Bridge,Douglas,198,53.60707,-2.79308,347622,412572,EA-CL,US
50,83.7,1.87,1.0636,70002,74.17,94.45,Kappa3,44.8,1.311,34.172,0.1789,Douglas at Wanes Blades Bridge,Douglas,198,53.60707,-2.79308,347622,412572,EA-CL,US
75,89.1,1.99,1.0671,70002,78.45,101.2,Kappa3,44.8,1.311,34.172,0.1789,Douglas at Wanes Blades Bridge,Douglas,198,53.60707,-2.79308,347622,412572,EA-CL,US
100,93,2.08,1.07,70002,81.45,106.19,Kappa3,44.8,1.311,34.172,0.1789,Douglas at Wanes Blades Bridge,Douglas,198,53.60707,-2.79308,347622,412572,EA-CL,US
200,103,2.3,1.0778,70002,88.93,119.29,Kappa3,44.8,1.311,34.172,0.1789,Douglas at Wanes Blades Bridge,Douglas,198,53.60707,-2.79308,347622,412572,EA-CL,US
500,117,2.62,1.0902,70002,98.78,138.58,Kappa3,44.8,1.311,34.172,0.1789,Douglas at Wanes Blades Bridge,Douglas,198,53.60707,-2.79308,347622,412572,EA-CL,US
1000,129,2.88,1.1011,70002,106.81,155.8,Kappa3,44.8,1.311,34.172,0.1789,Douglas at Wanes Blades Bridge,Douglas,198,53.60707,-2.79308,347622,412572,EA-CL,US
2,28.8,1,1.0751,70004,24.99,33.19,GEV,28.8,1.2484,23.069,0.1507,Yarrow at Croston Mill,Yarrow,74.4,53.65557,-2.75977,349884,417943,EA-CL,MIS
5,38.4,1.33,1.0771,70004,33.2,44.42,GEV,28.8,1.2484,23.069,0.1507,Yarrow at Croston Mill,Yarrow,74.4,53.65557,-2.75977,349884,417943,EA-CL,MIS
10,45.9,1.59,1.08,70004,39.47,53.37,GEV,28.8,1.2484,23.069,0.1507,Yarrow at Croston Mill,Yarrow,74.4,53.65557,-2.75977,349884,417943,EA-CL,MIS
20,54.1,1.88,1.0846,70004,46.14,63.43,GEV,28.8,1.2484,23.069,0.1507,Yarrow at Croston Mill,Yarrow,74.4,53.65557,-2.75977,349884,417943,EA-CL,MIS
30,59.3,2.06,1.0881,70004,50.26,69.97,GEV,28.8,1.2484,23.069,0.1507,Yarrow at Croston Mill,Yarrow,74.4,53.65557,-2.75977,349884,417943,EA-CL,MIS
50,66.3,2.3,1.0935,70004,55.65,78.99,GEV,28.8,1.2484,23.069,0.1507,Yarrow at Croston Mill,Yarrow,74.4,53.65557,-2.75977,349884,417943,EA-CL,MIS
75,72.3,2.51,1.0986,70004,60.13,86.93,GEV,28.8,1.2484,23.069,0.1507,Yarrow at Croston Mill,Yarrow,74.4,53.65557,-2.75977,349884,417943,EA-CL,MIS
100,76.8,2.67,1.1025,70004,63.43,92.99,GEV,28.8,1.2484,23.069,0.1507,Yarrow at Croston Mill,Yarrow,74.4,53.65557,-2.75977,349884,417943,EA-CL,MIS
200,88.6,3.08,1.1134,70004,71.78,109.36,GEV,28.8,1.2484,23.069,0.1507,Yarrow at Croston Mill,Yarrow,74.4,53.65557,-2.75977,349884,417943,EA-CL,MIS
500,107,3.7,1.1303,70004,84.16,136.03,GEV,28.8,1.2484,23.069,0.1507,Yarrow at Croston Mill,Yarrow,74.4,53.65557,-2.75977,349884,417943,EA-CL,MIS
1000,122,4.24,1.145,70004,93.56,159.08,GEV,28.8,1.2484,23.069,0.1507,Yarrow at Croston Mill,Yarrow,74.4,53.65557,-2.75977,349884,417943,EA-CL,MIS
2,601,1,1.0489,71001,547.31,659.95,Gumbel,601,1.0552,569.571,0.0448,Ribble at Samlesbury,Ribble,1145,53.76842,-2.62468,358922,430412,EA-CL,MIS
5,787,1.31,1.0503,71001,714.83,866.46,Gumbel,601,1.0552,569.571,0.0448,Ribble at Samlesbury,Ribble,1145,53.76842,-2.62468,358922,430412,EA-CL,MIS
10,910,1.51,1.0532,71001,822.09,1007.31,Gumbel,601,1.0552,569.571,0.0448,Ribble at Samlesbury,Ribble,1145,53.76842,-2.62468,358922,430412,EA-CL,MIS
20,1030,1.71,1.0581,71001,922.07,1150.56,Gumbel,601,1.0552,569.571,0.0448,Ribble at Samlesbury,Ribble,1145,53.76842,-2.62468,358922,430412,EA-CL,MIS
30,1100,1.82,1.0619,71001,977.84,1237.42,Gumbel,601,1.0552,569.571,0.0448,Ribble at Samlesbury,Ribble,1145,53.76842,-2.62468,358922,430412,EA-CL,MIS
50,1180,1.96,1.0679,71001,1037.44,1342.15,Gumbel,601,1.0552,569.571,0.0448,Ribble at Samlesbury,Ribble,1145,53.76842,-2.62468,358922,430412,EA-CL,MIS
75,1250,2.07,1.0734,71001,1087.97,1436.16,Gumbel,601,1.0552,569.571,0.0448,Ribble at Samlesbury,Ribble,1145,53.76842,-2.62468,358922,430412,EA-CL,MIS
100,1290,2.15,1.0777,71001,1114.02,1493.78,Gumbel,601,1.0552,569.571,0.0448,Ribble at Samlesbury,Ribble,1145,53.76842,-2.62468,358922,430412,EA-CL,MIS
200,1410,2.34,1.0894,71001,1192.15,1667.66,Gumbel,601,1.0552,569.571,0.0448,Ribble at Samlesbury,Ribble,1145,53.76842,-2.62468,358922,430412,EA-CL,MIS
500,1560,2.59,1.1075,71001,1277.06,1905.63,Gumbel,601,1.0552,569.571,0.0448,Ribble at Samlesbury,Ribble,1145,53.76842,-2.62468,358922,430412,EA-CL,MIS
1000,1670,2.78,1.1229,71001,1330.6,2095.97,Gumbel,601,1.0552,569.571,0.0448,Ribble at Samlesbury,Ribble,1145,53.76842,-2.62468,358922,430412,EA-CL,MIS
2,10.9,1,1.0606,71003,9.71,12.23,Kappa3,10.9,1.0004,10.896,4e-4,Croasdale Beck at Croasdale Flume,Croasdale Beck,10.4,53.98661,-2.44985,370600,454600,EA-CL,FL
5,14.1,1.29,1.0614,71003,12.55,15.85,Kappa3,10.9,1.0004,10.896,4e-4,Croasdale Beck at Croasdale Flume,Croasdale Beck,10.4,53.98661,-2.44985,370600,454600,EA-CL,FL
10,16.4,1.51,1.0638,71003,14.53,18.51,Kappa3,10.9,1.0004,10.896,4e-4,Croasdale Beck at Croasdale Flume,Croasdale Beck,10.4,53.98661,-2.44985,370600,454600,EA-CL,FL
20,18.9,1.74,1.068,71003,16.61,21.5,Kappa3,10.9,1.0004,10.896,4e-4,Croasdale Beck at Croasdale Flume,Croasdale Beck,10.4,53.98661,-2.44985,370600,454600,EA-CL,FL
30,20.5,1.88,1.0713,71003,17.91,23.46,Kappa3,10.9,1.0004,10.896,4e-4,Croasdale Beck at Croasdale Flume,Croasdale Beck,10.4,53.98661,-2.44985,370600,454600,EA-CL,FL
50,22.6,2.08,1.0766,71003,19.56,26.12,Kappa3,10.9,1.0004,10.896,4e-4,Croasdale Beck at Croasdale Flume,Croasdale Beck,10.4,53.98661,-2.44985,370600,454600,EA-CL,FL
75,24.4,2.24,1.0815,71003,20.93,28.45,Kappa3,10.9,1.0004,10.896,4e-4,Croasdale Beck at Croasdale Flume,Croasdale Beck,10.4,53.98661,-2.44985,370600,454600,EA-CL,FL
100,25.7,2.36,1.0854,71003,21.89,30.18,Kappa3,10.9,1.0004,10.896,4e-4,Croasdale Beck at Croasdale Flume,Croasdale Beck,10.4,53.98661,-2.44985,370600,454600,EA-CL,FL
200,29.2,2.68,1.0963,71003,24.38,34.97,Kappa3,10.9,1.0004,10.896,4e-4,Croasdale Beck at Croasdale Flume,Croasdale Beck,10.4,53.98661,-2.44985,370600,454600,EA-CL,FL
500,34.4,3.16,1.1133,71003,27.87,42.45,Kappa3,10.9,1.0004,10.896,4e-4,Croasdale Beck at Croasdale Flume,Croasdale Beck,10.4,53.98661,-2.44985,370600,454600,EA-CL,FL
1000,38.9,3.57,1.128,71003,30.72,49.26,Kappa3,10.9,1.0004,10.896,4e-4,Croasdale Beck at Croasdale Flume,Croasdale Beck,10.4,53.98661,-2.44985,370600,454600,EA-CL,FL
2,174,1,1.0592,71004,155.45,194.76,GEV,174,1.1635,149.55,0.1205,Calder at Whalley Weir,Calder,316,53.82005,-2.41273,372926,436054,EA-CL,FV
5,221,1.27,1.0607,71004,196.89,248.06,GEV,174,1.1635,149.55,0.1205,Calder at Whalley Weir,Calder,316,53.82005,-2.41273,372926,436054,EA-CL,FV
10,253,1.46,1.0629,71004,224.49,285.13,GEV,174,1.1635,149.55,0.1205,Calder at Whalley Weir,Calder,316,53.82005,-2.41273,372926,436054,EA-CL,FV
20,286,1.64,1.0663,71004,252.19,324.35,GEV,174,1.1635,149.55,0.1205,Calder at Whalley Weir,Calder,316,53.82005,-2.41273,372926,436054,EA-CL,FV
30,306,1.76,1.0689,71004,268.54,348.69,GEV,174,1.1635,149.55,0.1205,Calder at Whalley Weir,Calder,316,53.82005,-2.41273,372926,436054,EA-CL,FV
50,331,1.9,1.0729,71004,288.36,379.95,GEV,174,1.1635,149.55,0.1205,Calder at Whalley Weir,Calder,316,53.82005,-2.41273,372926,436054,EA-CL,FV
75,351,2.02,1.0767,71004,303.67,405.71,GEV,174,1.1635,149.55,0.1205,Calder at Whalley Weir,Calder,316,53.82005,-2.41273,372926,436054,EA-CL,FV
100,366,2.1,1.0797,71004,314.92,425.36,GEV,174,1.1635,149.55,0.1205,Calder at Whalley Weir,Calder,316,53.82005,-2.41273,372926,436054,EA-CL,FV
200,402,2.31,1.088,71004,340.75,474.26,GEV,174,1.1635,149.55,0.1205,Calder at Whalley Weir,Calder,316,53.82005,-2.41273,372926,436054,EA-CL,FV
500,453,2.6,1.1011,71004,375.07,547.12,GEV,174,1.1635,149.55,0.1205,Calder at Whalley Weir,Calder,316,53.82005,-2.41273,372926,436054,EA-CL,FV
1000,493,2.83,1.1127,71004,399.89,607.78,GEV,174,1.1635,149.55,0.1205,Calder at Whalley Weir,Calder,316,53.82005,-2.41273,372926,436054,EA-CL,FV
2,224,1,1.0379,71006,208.25,240.94,GEV,224,1.0194,219.738,0.0162,Ribble at Henthorn,Ribble,456,53.84802,-2.42419,372190,439170,EA-CL,CB
5,277,1.24,1.0401,71006,256.46,299.19,GEV,224,1.0194,219.738,0.0162,Ribble at Henthorn,Ribble,456,53.84802,-2.42419,372190,439170,EA-CL,CB
10,313,1.4,1.0428,71006,288.32,339.8,GEV,224,1.0194,219.738,0.0162,Ribble at Henthorn,Ribble,456,53.84802,-2.42419,372190,439170,EA-CL,CB
20,347,1.55,1.0468,71006,317.25,379.54,GEV,224,1.0194,219.738,0.0162,Ribble at Henthorn,Ribble,456,53.84802,-2.42419,372190,439170,EA-CL,CB
30,367,1.64,1.0496,71006,333.78,403.53,GEV,224,1.0194,219.738,0.0162,Ribble at Henthorn,Ribble,456,53.84802,-2.42419,372190,439170,EA-CL,CB
50,392,1.75,1.0539,71006,353.67,434.48,GEV,224,1.0194,219.738,0.0162,Ribble at Henthorn,Ribble,456,53.84802,-2.42419,372190,439170,EA-CL,CB
75,411,1.84,1.0579,71006,368.07,458.94,GEV,224,1.0194,219.738,0.0162,Ribble at Henthorn,Ribble,456,53.84802,-2.42419,372190,439170,EA-CL,CB
100,425,1.9,1.0609,71006,378.5,477.21,GEV,224,1.0194,219.738,0.0162,Ribble at Henthorn,Ribble,456,53.84802,-2.42419,372190,439170,EA-CL,CB
200,459,2.05,1.0692,71006,402.58,523.32,GEV,224,1.0194,219.738,0.0162,Ribble at Henthorn,Ribble,456,53.84802,-2.42419,372190,439170,EA-CL,CB
500,504,2.25,1.082,71006,431.86,588.19,GEV,224,1.0194,219.738,0.0162,Ribble at Henthorn,Ribble,456,53.84802,-2.42419,372190,439170,EA-CL,CB
1000,538,2.4,1.093,71006,451.95,640.44,GEV,224,1.0194,219.738,0.0162,Ribble at Henthorn,Ribble,456,53.84802,-2.42419,372190,439170,EA-CL,CB
2,223,1,1.0434,71008,205.18,242.36,GEV,223,1.0036,222.209,0.0032,Hodder at Hodder Place,Hodder,261,53.85446,-2.44939,370537,439897,EA-CL,FV
5,285,1.28,1.0431,71008,262.38,309.57,GEV,223,1.0036,222.209,0.0032,Hodder at Hodder Place,Hodder,261,53.85446,-2.44939,370537,439897,EA-CL,FV
10,328,1.47,1.0444,71008,301.23,357.15,GEV,223,1.0036,222.209,0.0032,Hodder at Hodder Place,Hodder,261,53.85446,-2.44939,370537,439897,EA-CL,FV
20,369,1.65,1.0471,71008,337.17,403.83,GEV,223,1.0036,222.209,0.0032,Hodder at Hodder Place,Hodder,261,53.85446,-2.44939,370537,439897,EA-CL,FV
30,393,1.76,1.0494,71008,357.56,431.95,GEV,223,1.0036,222.209,0.0032,Hodder at Hodder Place,Hodder,261,53.85446,-2.44939,370537,439897,EA-CL,FV
50,424,1.9,1.053,71008,383.18,469.16,GEV,223,1.0036,222.209,0.0032,Hodder at Hodder Place,Hodder,261,53.85446,-2.44939,370537,439897,EA-CL,FV
75,449,2.01,1.0566,71008,403.07,500.16,GEV,223,1.0036,222.209,0.0032,Hodder at Hodder Place,Hodder,261,53.85446,-2.44939,370537,439897,EA-CL,FV
100,466,2.09,1.0594,71008,416.17,521.8,GEV,223,1.0036,222.209,0.0032,Hodder at Hodder Place,Hodder,261,53.85446,-2.44939,370537,439897,EA-CL,FV
200,510,2.28,1.0673,71008,448.88,579.44,GEV,223,1.0036,222.209,0.0032,Hodder at Hodder Place,Hodder,261,53.85446,-2.44939,370537,439897,EA-CL,FV
500,568,2.55,1.0798,71008,488.65,660.24,GEV,223,1.0036,222.209,0.0032,Hodder at Hodder Place,Hodder,261,53.85446,-2.44939,370537,439897,EA-CL,FV
1000,613,2.75,1.0907,71008,517.08,726.71,GEV,223,1.0036,222.209,0.0032,Hodder at Hodder Place,Hodder,261,53.85446,-2.44939,370537,439897,EA-CL,FV
2,552,1,1.0369,71009,514.16,592.63,Gumbel,552,1.0557,522.868,0.0456,Ribble at New Jumbles Rock,Ribble,1053,53.83373,-2.45354,370249,437592,EA-CL,VA
5,724,1.31,1.0388,71009,671.95,780.08,Gumbel,552,1.0557,522.868,0.0456,Ribble at New Jumbles Rock,Ribble,1053,53.83373,-2.45354,370249,437592,EA-CL,VA
10,838,1.52,1.0425,71009,772.35,909.23,Gumbel,552,1.0557,522.868,0.0456,Ribble at New Jumbles Rock,Ribble,1053,53.83373,-2.45354,370249,437592,EA-CL,VA
20,947,1.72,1.0485,71009,863.05,1039.12,Gumbel,552,1.0557,522.868,0.0456,Ribble at New Jumbles Rock,Ribble,1053,53.83373,-2.45354,370249,437592,EA-CL,VA
30,1010,1.83,1.0531,71009,912.6,1117.79,Gumbel,552,1.0557,522.868,0.0456,Ribble at New Jumbles Rock,Ribble,1053,53.83373,-2.45354,370249,437592,EA-CL,VA
50,1090,1.97,1.0599,71009,972.54,1221.65,Gumbel,552,1.0557,522.868,0.0456,Ribble at New Jumbles Rock,Ribble,1053,53.83373,-2.45354,370249,437592,EA-CL,VA
75,1150,2.08,1.0661,71009,1014.41,1303.71,Gumbel,552,1.0557,522.868,0.0456,Ribble at New Jumbles Rock,Ribble,1053,53.83373,-2.45354,370249,437592,EA-CL,VA
100,1190,2.16,1.071,71009,1040.3,1361.24,Gumbel,552,1.0557,522.868,0.0456,Ribble at New Jumbles Rock,Ribble,1053,53.83373,-2.45354,370249,437592,EA-CL,VA
200,1300,2.36,1.0838,71009,1110.31,1522.1,Gumbel,552,1.0557,522.868,0.0456,Ribble at New Jumbles Rock,Ribble,1053,53.83373,-2.45354,370249,437592,EA-CL,VA
500,1440,2.61,1.1032,71009,1187.85,1745.68,Gumbel,552,1.0557,522.868,0.0456,Ribble at New Jumbles Rock,Ribble,1053,53.83373,-2.45354,370249,437592,EA-CL,VA
1000,1550,2.8,1.1194,71009,1242.57,1933.49,Gumbel,552,1.0557,522.868,0.0456,Ribble at New Jumbles Rock,Ribble,1053,53.83373,-2.45354,370249,437592,EA-CL,VA
2,83.2,1,1.0732,71010,72.44,95.56,GEV,83.2,1.1225,74.122,0.0926,Pendle Water at Barden Lane,Pendle Water,108,53.81232,-2.24945,383672,435144,EA-CL,FV
5,111,1.33,1.0731,71010,96.66,127.46,GEV,83.2,1.1225,74.122,0.0926,Pendle Water at Barden Lane,Pendle Water,108,53.81232,-2.24945,383672,435144,EA-CL,FV
10,130,1.56,1.074,71010,113.03,149.52,GEV,83.2,1.1225,74.122,0.0926,Pendle Water at Barden Lane,Pendle Water,108,53.81232,-2.24945,383672,435144,EA-CL,FV
20,150,1.8,1.0758,71010,129.99,173.1,GEV,83.2,1.1225,74.122,0.0926,Pendle Water at Barden Lane,Pendle Water,108,53.81232,-2.24945,383672,435144,EA-CL,FV
30,162,1.94,1.0775,71010,139.95,187.52,GEV,83.2,1.1225,74.122,0.0926,Pendle Water at Barden Lane,Pendle Water,108,53.81232,-2.24945,383672,435144,EA-CL,FV
50,177,2.13,1.0801,71010,152.19,205.86,GEV,83.2,1.1225,74.122,0.0926,Pendle Water at Barden Lane,Pendle Water,108,53.81232,-2.24945,383672,435144,EA-CL,FV
75,190,2.28,1.0827,71010,162.6,222.02,GEV,83.2,1.1225,74.122,0.0926,Pendle Water at Barden Lane,Pendle Water,108,53.81232,-2.24945,383672,435144,EA-CL,FV
100,199,2.39,1.0848,71010,169.66,233.42,GEV,83.2,1.1225,74.122,0.0926,Pendle Water at Barden Lane,Pendle Water,108,53.81232,-2.24945,383672,435144,EA-CL,FV
200,222,2.67,1.0909,71010,187.2,263.28,GEV,83.2,1.1225,74.122,0.0926,Pendle Water at Barden Lane,Pendle Water,108,53.81232,-2.24945,383672,435144,EA-CL,FV
500,254,3.05,1.1009,71010,210.38,306.66,GEV,83.2,1.1225,74.122,0.0926,Pendle Water at Barden Lane,Pendle Water,108,53.81232,-2.24945,383672,435144,EA-CL,FV
1000,280,3.37,1.1099,71010,228.25,343.49,GEV,83.2,1.1225,74.122,0.0926,Pendle Water at Barden Lane,Pendle Water,108,53.81232,-2.24945,383672,435144,EA-CL,FV
2,122,1,1.0121,71011,119.16,124.91,GenLog,122,1.0066,121.199,0.0055,Ribble at Arnford,Ribble,204,53.99605,-2.24767,383861,455586,EA-CL,FV
5,149,1.22,1.0147,71011,144.8,153.32,GenLog,122,1.0066,121.199,0.0055,Ribble at Arnford,Ribble,204,53.99605,-2.24767,383861,455586,EA-CL,FV
10,167,1.37,1.0191,71011,160.92,173.31,GenLog,122,1.0066,121.199,0.0055,Ribble at Arnford,Ribble,204,53.99605,-2.24767,383861,455586,EA-CL,FV
20,186,1.53,1.025,71011,177.21,195.22,GenLog,122,1.0066,121.199,0.0055,Ribble at Arnford,Ribble,204,53.99605,-2.24767,383861,455586,EA-CL,FV
30,198,1.63,1.029,71011,187.21,209.41,GenLog,122,1.0066,121.199,0.0055,Ribble at Arnford,Ribble,204,53.99605,-2.24767,383861,455586,EA-CL,FV
50,215,1.76,1.0345,71011,201.17,229.78,GenLog,122,1.0066,121.199,0.0055,Ribble at Arnford,Ribble,204,53.99605,-2.24767,383861,455586,EA-CL,FV
75,228,1.87,1.0393,71011,211.41,245.89,GenLog,122,1.0066,121.199,0.0055,Ribble at Arnford,Ribble,204,53.99605,-2.24767,383861,455586,EA-CL,FV
100,239,1.96,1.043,71011,220.07,259.56,GenLog,122,1.0066,121.199,0.0055,Ribble at Arnford,Ribble,204,53.99605,-2.24767,383861,455586,EA-CL,FV
200,265,2.17,1.0524,71011,239.76,292.9,GenLog,122,1.0066,121.199,0.0055,Ribble at Arnford,Ribble,204,53.99605,-2.24767,383861,455586,EA-CL,FV
500,305,2.5,1.0661,71011,269.04,345.77,GenLog,122,1.0066,121.199,0.0055,Ribble at Arnford,Ribble,204,53.99605,-2.24767,383861,455586,EA-CL,FV
1000,340,2.78,1.0775,71011,293.73,393.57,GenLog,122,1.0066,121.199,0.0055,Ribble at Arnford,Ribble,204,53.99605,-2.24767,383861,455586,EA-CL,FV
2,29,1,1.0329,71013,27.22,30.9,Kappa3,29,1.2736,22.77,0.1848,Darwen at Ewood,Darwen,39.5,53.73128,-2.49062,367730,426210,EA-CL,VA
5,36.8,1.27,1.0355,71013,34.37,39.4,Kappa3,29,1.2736,22.77,0.1848,Darwen at Ewood,Darwen,39.5,53.73128,-2.49062,367730,426210,EA-CL,VA
10,42.4,1.46,1.0406,71013,39.22,45.84,Kappa3,29,1.2736,22.77,0.1848,Darwen at Ewood,Darwen,39.5,53.73128,-2.49062,367730,426210,EA-CL,VA
20,48.2,1.66,1.0479,71013,43.98,52.83,Kappa3,29,1.2736,22.77,0.1848,Darwen at Ewood,Darwen,39.5,53.73128,-2.49062,367730,426210,EA-CL,VA
30,51.9,1.79,1.0532,71013,46.89,57.45,Kappa3,29,1.2736,22.77,0.1848,Darwen at Ewood,Darwen,39.5,53.73128,-2.49062,367730,426210,EA-CL,VA
50,56.7,1.95,1.0609,71013,50.5,63.67,Kappa3,29,1.2736,22.77,0.1848,Darwen at Ewood,Darwen,39.5,53.73128,-2.49062,367730,426210,EA-CL,VA
75,60.7,2.09,1.0676,71013,53.4,69,Kappa3,29,1.2736,22.77,0.1848,Darwen at Ewood,Darwen,39.5,53.73128,-2.49062,367730,426210,EA-CL,VA
100,63.7,2.2,1.0728,71013,55.5,73.11,Kappa3,29,1.2736,22.77,0.1848,Darwen at Ewood,Darwen,39.5,53.73128,-2.49062,367730,426210,EA-CL,VA
200,71.5,2.46,1.0864,71013,60.78,84.11,Kappa3,29,1.2736,22.77,0.1848,Darwen at Ewood,Darwen,39.5,53.73128,-2.49062,367730,426210,EA-CL,VA
500,82.8,2.86,1.1065,71013,67.9,100.97,Kappa3,29,1.2736,22.77,0.1848,Darwen at Ewood,Darwen,39.5,53.73128,-2.49062,367730,426210,EA-CL,VA
1000,92.5,3.19,1.1233,71013,73.65,116.18,Kappa3,29,1.2736,22.77,0.1848,Darwen at Ewood,Darwen,39.5,53.73128,-2.49062,367730,426210,EA-CL,VA
2,90.5,1,1.0495,71014,82.32,99.49,GEV,90.5,1.2715,71.175,0.1843,Darwen at Blue Bridge,Darwen,128,53.74462,-2.66177,356453,427786,EA-CL,VA
5,115,1.27,1.0513,71014,104.26,126.85,GEV,90.5,1.2715,71.175,0.1843,Darwen at Blue Bridge,Darwen,128,53.74462,-2.66177,356453,427786,EA-CL,VA
10,133,1.47,1.0546,71014,119.84,147.61,GEV,90.5,1.2715,71.175,0.1843,Darwen at Blue Bridge,Darwen,128,53.74462,-2.66177,356453,427786,EA-CL,VA
20,151,1.67,1.0597,71014,134.78,169.17,GEV,90.5,1.2715,71.175,0.1843,Darwen at Blue Bridge,Darwen,128,53.74462,-2.66177,356453,427786,EA-CL,VA
30,162,1.8,1.0636,71014,143.56,182.81,GEV,90.5,1.2715,71.175,0.1843,Darwen at Blue Bridge,Darwen,128,53.74462,-2.66177,356453,427786,EA-CL,VA
50,177,1.95,1.0696,71014,155.13,201.95,GEV,90.5,1.2715,71.175,0.1843,Darwen at Blue Bridge,Darwen,128,53.74462,-2.66177,356453,427786,EA-CL,VA
75,189,2.09,1.075,71014,164.02,217.78,GEV,90.5,1.2715,71.175,0.1843,Darwen at Blue Bridge,Darwen,128,53.74462,-2.66177,356453,427786,EA-CL,VA
100,197,2.18,1.0793,71014,169.63,228.78,GEV,90.5,1.2715,71.175,0.1843,Darwen at Blue Bridge,Darwen,128,53.74462,-2.66177,356453,427786,EA-CL,VA
200,219,2.42,1.0909,71014,184.67,259.72,GEV,90.5,1.2715,71.175,0.1843,Darwen at Blue Bridge,Darwen,128,53.74462,-2.66177,356453,427786,EA-CL,VA
500,250,2.76,1.1086,71014,204.26,305.98,GEV,90.5,1.2715,71.175,0.1843,Darwen at Blue Bridge,Darwen,128,53.74462,-2.66177,356453,427786,EA-CL,VA
1000,275,3.04,1.1237,71014,218.81,345.63,GEV,90.5,1.2715,71.175,0.1843,Darwen at Blue Bridge,Darwen,128,53.74462,-2.66177,356453,427786,EA-CL,VA
2,738,1,1.0421,72004,680.7,800.13,GEV,738,1.0053,734.075,0.0043,Lune at Caton,Lune,983,54.08162,-2.72089,352935,465318,EA-CL,CB
5,975,1.32,1.0434,72004,897.1,1059.66,GEV,738,1.0053,734.075,0.0043,Lune at Caton,Lune,983,54.08162,-2.72089,352935,465318,EA-CL,CB
10,1150,1.56,1.0467,72004,1051.59,1257.62,GEV,738,1.0053,734.075,0.0043,Lune at Caton,Lune,983,54.08162,-2.72089,352935,465318,EA-CL,CB
20,1330,1.8,1.0521,72004,1203.98,1469.21,GEV,738,1.0053,734.075,0.0043,Lune at Caton,Lune,983,54.08162,-2.72089,352935,465318,EA-CL,CB
30,1440,1.95,1.0563,72004,1293.42,1603.19,GEV,738,1.0053,734.075,0.0043,Lune at Caton,Lune,983,54.08162,-2.72089,352935,465318,EA-CL,CB
50,1580,2.14,1.0628,72004,1402.21,1780.34,GEV,738,1.0053,734.075,0.0043,Lune at Caton,Lune,983,54.08162,-2.72089,352935,465318,EA-CL,CB
75,1700,2.31,1.0687,72004,1492.42,1936.45,GEV,738,1.0053,734.075,0.0043,Lune at Caton,Lune,983,54.08162,-2.72089,352935,465318,EA-CL,CB
100,1790,2.43,1.0733,72004,1558.26,2056.21,GEV,738,1.0053,734.075,0.0043,Lune at Caton,Lune,983,54.08162,-2.72089,352935,465318,EA-CL,CB
200,2020,2.73,1.0858,72004,1719.02,2373.67,GEV,738,1.0053,734.075,0.0043,Lune at Caton,Lune,983,54.08162,-2.72089,352935,465318,EA-CL,CB
500,2340,3.17,1.1049,72004,1924.43,2845.31,GEV,738,1.0053,734.075,0.0043,Lune at Caton,Lune,983,54.08162,-2.72089,352935,465318,EA-CL,CB
1000,2600,3.53,1.121,72004,2078.48,3252.37,GEV,738,1.0053,734.075,0.0043,Lune at Caton,Lune,983,54.08162,-2.72089,352935,465318,EA-CL,CB
2,272,1,1.0616,72005,241.93,305.81,GEV,272,1.0037,271.007,0.0029,Lune at Killington,Lune,219,54.30989,-2.5824,362205,490633,EA-CL,CB
5,353,1.3,1.0624,72005,313.51,397.47,GEV,272,1.0037,271.007,0.0029,Lune at Killington,Lune,219,54.30989,-2.5824,362205,490633,EA-CL,CB
10,407,1.5,1.0641,72005,360.34,459.71,GEV,272,1.0037,271.007,0.0029,Lune at Killington,Lune,219,54.30989,-2.5824,362205,490633,EA-CL,CB
20,460,1.69,1.0671,72005,405.02,522.44,GEV,272,1.0037,271.007,0.0029,Lune at Killington,Lune,219,54.30989,-2.5824,362205,490633,EA-CL,CB
30,491,1.8,1.0695,72005,430.41,560.11,GEV,272,1.0037,271.007,0.0029,Lune at Killington,Lune,219,54.30989,-2.5824,362205,490633,EA-CL,CB
50,530,1.95,1.0734,72005,461.3,608.93,GEV,272,1.0037,271.007,0.0029,Lune at Killington,Lune,219,54.30989,-2.5824,362205,490633,EA-CL,CB
75,561,2.06,1.0772,72005,484.91,649.03,GEV,272,1.0037,271.007,0.0029,Lune at Killington,Lune,219,54.30989,-2.5824,362205,490633,EA-CL,CB
100,583,2.14,1.0802,72005,501.19,678.17,GEV,272,1.0037,271.007,0.0029,Lune at Killington,Lune,219,54.30989,-2.5824,362205,490633,EA-CL,CB
200,636,2.34,1.0886,72005,538.51,751.14,GEV,272,1.0037,271.007,0.0029,Lune at Killington,Lune,219,54.30989,-2.5824,362205,490633,EA-CL,CB
500,707,2.6,1.1022,72005,584.24,855.56,GEV,272,1.0037,271.007,0.0029,Lune at Killington,Lune,219,54.30989,-2.5824,362205,490633,EA-CL,CB
1000,762,2.8,1.1141,72005,616.57,941.73,GEV,272,1.0037,271.007,0.0029,Lune at Killington,Lune,219,54.30989,-2.5824,362205,490633,EA-CL,CB
2,28.5,1,1.062,72007,25.33,32.07,Kappa3,28.5,1.0033,28.407,0.003,Brock at upstream of A6,Brock,32,53.85885,-2.74295,351232,440548,EA-CL,B
5,36.9,1.3,1.0637,72007,32.69,41.65,Kappa3,28.5,1.0033,28.407,0.003,Brock at upstream of A6,Brock,32,53.85885,-2.74295,351232,440548,EA-CL,B
10,42.9,1.5,1.0658,72007,37.86,48.61,Kappa3,28.5,1.0033,28.407,0.003,Brock at upstream of A6,Brock,32,53.85885,-2.74295,351232,440548,EA-CL,B
20,48.9,1.72,1.0688,72007,42.92,55.71,Kappa3,28.5,1.0033,28.407,0.003,Brock at upstream of A6,Brock,32,53.85885,-2.74295,351232,440548,EA-CL,B
30,52.7,1.85,1.0711,72007,46.06,60.29,Kappa3,28.5,1.0033,28.407,0.003,Brock at upstream of A6,Brock,32,53.85885,-2.74295,351232,440548,EA-CL,B
50,57.5,2.02,1.0745,72007,49.95,66.2,Kappa3,28.5,1.0033,28.407,0.003,Brock at upstream of A6,Brock,32,53.85885,-2.74295,351232,440548,EA-CL,B
75,61.6,2.16,1.0776,72007,53.21,71.32,Kappa3,28.5,1.0033,28.407,0.003,Brock at upstream of A6,Brock,32,53.85885,-2.74295,351232,440548,EA-CL,B
100,64.5,2.26,1.0801,72007,55.46,75.02,Kappa3,28.5,1.0033,28.407,0.003,Brock at upstream of A6,Brock,32,53.85885,-2.74295,351232,440548,EA-CL,B
200,72.1,2.53,1.087,72007,61.22,84.91,Kappa3,28.5,1.0033,28.407,0.003,Brock at upstream of A6,Brock,32,53.85885,-2.74295,351232,440548,EA-CL,B
500,83,2.91,1.098,72007,69.1,99.69,Kappa3,28.5,1.0033,28.407,0.003,Brock at upstream of A6,Brock,32,53.85885,-2.74295,351232,440548,EA-CL,B
1000,92,3.23,1.1076,72007,75.3,112.4,Kappa3,28.5,1.0033,28.407,0.003,Brock at upstream of A6,Brock,32,53.85885,-2.74295,351232,440548,EA-CL,B
2,16.9,1,1.0959,72014,14.12,20.22,GEV,16.9,1.0243,16.499,0.0176,Conder at Galgate,Conder,28.5,53.99177,-2.79217,348160,455371,EA-CL,FV
5,23,1.36,1.0972,72014,19.18,27.59,GEV,16.9,1.0243,16.499,0.0176,Conder at Galgate,Conder,28.5,53.99177,-2.79217,348160,455371,EA-CL,FV
10,27.3,1.62,1.0994,72014,22.67,32.87,GEV,16.9,1.0243,16.499,0.0176,Conder at Galgate,Conder,28.5,53.99177,-2.79217,348160,455371,EA-CL,FV
20,31.7,1.87,1.1028,72014,26.17,38.4,GEV,16.9,1.0243,16.499,0.0176,Conder at Galgate,Conder,28.5,53.99177,-2.79217,348160,455371,EA-CL,FV
30,34.3,2.03,1.1054,72014,28.18,41.74,GEV,16.9,1.0243,16.499,0.0176,Conder at Galgate,Conder,28.5,53.99177,-2.79217,348160,455371,EA-CL,FV
50,37.7,2.23,1.1095,72014,30.75,46.22,GEV,16.9,1.0243,16.499,0.0176,Conder at Galgate,Conder,28.5,53.99177,-2.79217,348160,455371,EA-CL,FV
75,40.5,2.39,1.1133,72014,32.82,49.98,GEV,16.9,1.0243,16.499,0.0176,Conder at Galgate,Conder,28.5,53.99177,-2.79217,348160,455371,EA-CL,FV
100,42.5,2.51,1.1163,72014,34.26,52.73,GEV,16.9,1.0243,16.499,0.0176,Conder at Galgate,Conder,28.5,53.99177,-2.79217,348160,455371,EA-CL,FV
200,47.5,2.81,1.1247,72014,37.73,59.8,GEV,16.9,1.0243,16.499,0.0176,Conder at Galgate,Conder,28.5,53.99177,-2.79217,348160,455371,EA-CL,FV
500,54.6,3.23,1.1381,72014,42.37,70.36,GEV,16.9,1.0243,16.499,0.0176,Conder at Galgate,Conder,28.5,53.99177,-2.79217,348160,455371,EA-CL,FV
1000,60.2,3.56,1.15,72014,45.78,79.17,GEV,16.9,1.0243,16.499,0.0176,Conder at Galgate,Conder,28.5,53.99177,-2.79217,348160,455371,EA-CL,FV
2,199,1,1.0344,72015,186.24,212.64,GEV,199,1.0048,198.045,0.0038,Lune at Lunes Bridge,Lune,141.5,54.42006,-2.59929,361210,502901,EA-CL,MIS
5,259,1.3,1.0355,72015,241.88,277.33,GEV,199,1.0048,198.045,0.0038,Lune at Lunes Bridge,Lune,141.5,54.42006,-2.59929,361210,502901,EA-CL,MIS
10,301,1.51,1.038,72015,279.78,323.83,GEV,199,1.0048,198.045,0.0038,Lune at Lunes Bridge,Lune,141.5,54.42006,-2.59929,361210,502901,EA-CL,MIS
20,341,1.71,1.0423,72015,314.4,369.85,GEV,199,1.0048,198.045,0.0038,Lune at Lunes Bridge,Lune,141.5,54.42006,-2.59929,361210,502901,EA-CL,MIS
30,365,1.83,1.0458,72015,334.33,398.49,GEV,199,1.0048,198.045,0.0038,Lune at Lunes Bridge,Lune,141.5,54.42006,-2.59929,361210,502901,EA-CL,MIS
50,395,1.98,1.051,72015,358.31,435.45,GEV,199,1.0048,198.045,0.0038,Lune at Lunes Bridge,Lune,141.5,54.42006,-2.59929,361210,502901,EA-CL,MIS
75,419,2.11,1.0558,72015,376.7,466.05,GEV,199,1.0048,198.045,0.0038,Lune at Lunes Bridge,Lune,141.5,54.42006,-2.59929,361210,502901,EA-CL,MIS
100,436,2.19,1.0595,72015,389.3,488.3,GEV,199,1.0048,198.045,0.0038,Lune at Lunes Bridge,Lune,141.5,54.42006,-2.59929,361210,502901,EA-CL,MIS
200,478,2.4,1.0696,72015,418.94,545.38,GEV,199,1.0048,198.045,0.0038,Lune at Lunes Bridge,Lune,141.5,54.42006,-2.59929,361210,502901,EA-CL,MIS
500,536,2.69,1.085,72015,456.8,628.94,GEV,199,1.0048,198.045,0.0038,Lune at Lunes Bridge,Lune,141.5,54.42006,-2.59929,361210,502901,EA-CL,MIS
1000,580,2.91,1.0979,72015,482.98,696.52,GEV,199,1.0048,198.045,0.0038,Lune at Lunes Bridge,Lune,141.5,54.42006,-2.59929,361210,502901,EA-CL,MIS
2,21.3,1,1.0747,73002,18.5,24.53,GenLog,21.3,1.0054,21.185,0.0049,Crake at Low Nibthwaite,Crake,73,54.28463,-3.08518,329450,488210,EA-CL,FVVA
5,28.2,1.32,1.076,73002,24.43,32.55,GenLog,21.3,1.0054,21.185,0.0049,Crake at Low Nibthwaite,Crake,73,54.28463,-3.08518,329450,488210,EA-CL,FVVA
10,33.3,1.56,1.0784,73002,28.72,38.61,GenLog,21.3,1.0054,21.185,0.0049,Crake at Low Nibthwaite,Crake,73,54.28463,-3.08518,329450,488210,EA-CL,FVVA
20,39,1.83,1.0823,73002,33.4,45.54,GenLog,21.3,1.0054,21.185,0.0049,Crake at Low Nibthwaite,Crake,73,54.28463,-3.08518,329450,488210,EA-CL,FVVA
30,42.6,2,1.0853,73002,36.29,50.01,GenLog,21.3,1.0054,21.185,0.0049,Crake at Low Nibthwaite,Crake,73,54.28463,-3.08518,329450,488210,EA-CL,FVVA
50,47.6,2.24,1.0899,73002,40.21,56.35,GenLog,21.3,1.0054,21.185,0.0049,Crake at Low Nibthwaite,Crake,73,54.28463,-3.08518,329450,488210,EA-CL,FVVA
75,52,2.44,1.0943,73002,43.58,62.05,GenLog,21.3,1.0054,21.185,0.0049,Crake at Low Nibthwaite,Crake,73,54.28463,-3.08518,329450,488210,EA-CL,FVVA
100,55.4,2.6,1.0977,73002,46.15,66.51,GenLog,21.3,1.0054,21.185,0.0049,Crake at Low Nibthwaite,Crake,73,54.28463,-3.08518,329450,488210,EA-CL,FVVA
200,64.4,3.02,1.1074,73002,52.73,78.65,GenLog,21.3,1.0054,21.185,0.0049,Crake at Low Nibthwaite,Crake,73,54.28463,-3.08518,329450,488210,EA-CL,FVVA
500,78.6,3.69,1.1227,73002,62.65,98.61,GenLog,21.3,1.0054,21.185,0.0049,Crake at Low Nibthwaite,Crake,73,54.28463,-3.08518,329450,488210,EA-CL,FVVA
1000,91.4,4.29,1.136,73002,71.19,117.35,GenLog,21.3,1.0054,21.185,0.0049,Crake at Low Nibthwaite,Crake,73,54.28463,-3.08518,329450,488210,EA-CL,FVVA
2,170,1,1.0643,73005,150.45,192.09,Kappa3,170,1.0394,163.555,0.0261,Kent at Sedgwick,Kent,209,54.28005,-2.75596,350877,487421,EA-CL,CBVA
5,221,1.3,1.0654,73005,195.19,250.22,Kappa3,170,1.0394,163.555,0.0261,Kent at Sedgwick,Kent,209,54.28005,-2.75596,350877,487421,EA-CL,CBVA
10,259,1.52,1.0676,73005,227.83,294.43,Kappa3,170,1.0394,163.555,0.0261,Kent at Sedgwick,Kent,209,54.28005,-2.75596,350877,487421,EA-CL,CBVA
20,299,1.76,1.0714,73005,261.2,342.28,Kappa3,170,1.0394,163.555,0.0261,Kent at Sedgwick,Kent,209,54.28005,-2.75596,350877,487421,EA-CL,CBVA
30,324,1.9,1.0745,73005,281.44,373,Kappa3,170,1.0394,163.555,0.0261,Kent at Sedgwick,Kent,209,54.28005,-2.75596,350877,487421,EA-CL,CBVA
50,357,2.1,1.0792,73005,307.46,414.52,Kappa3,170,1.0394,163.555,0.0261,Kent at Sedgwick,Kent,209,54.28005,-2.75596,350877,487421,EA-CL,CBVA
75,386,2.27,1.0837,73005,329.74,451.87,Kappa3,170,1.0394,163.555,0.0261,Kent at Sedgwick,Kent,209,54.28005,-2.75596,350877,487421,EA-CL,CBVA
100,407,2.39,1.0872,73005,345.48,479.47,Kappa3,170,1.0394,163.555,0.0261,Kent at Sedgwick,Kent,209,54.28005,-2.75596,350877,487421,EA-CL,CBVA
200,462,2.72,1.0971,73005,385.26,554.02,Kappa3,170,1.0394,163.555,0.0261,Kent at Sedgwick,Kent,209,54.28005,-2.75596,350877,487421,EA-CL,CBVA
500,545,3.2,1.1128,73005,442,672.01,Kappa3,170,1.0394,163.555,0.0261,Kent at Sedgwick,Kent,209,54.28005,-2.75596,350877,487421,EA-CL,CBVA
1000,616,3.62,1.1264,73005,487.82,777.85,Kappa3,170,1.0394,163.555,0.0261,Kent at Sedgwick,Kent,209,54.28005,-2.75596,350877,487421,EA-CL,CBVA
2,37,1,1.037,73008,34.46,39.73,Kappa3,37,1.0197,36.286,0.0126,Bela at Beetham,Bela,131,54.21843,-2.77411,349620,480577,EA-CL,FV
5,47.6,1.29,1.0401,73008,44.07,51.41,Kappa3,37,1.0197,36.286,0.0126,Bela at Beetham,Bela,131,54.21843,-2.77411,349620,480577,EA-CL,FV
10,55.7,1.51,1.0453,73008,51.07,60.75,Kappa3,37,1.0197,36.286,0.0126,Bela at Beetham,Bela,131,54.21843,-2.77411,349620,480577,EA-CL,FV
20,64.6,1.75,1.0529,73008,58.39,71.47,Kappa3,37,1.0197,36.286,0.0126,Bela at Beetham,Bela,131,54.21843,-2.77411,349620,480577,EA-CL,FV
30,70.2,1.9,1.0584,73008,62.81,78.46,Kappa3,37,1.0197,36.286,0.0126,Bela at Beetham,Bela,131,54.21843,-2.77411,349620,480577,EA-CL,FV
50,78,2.11,1.0662,73008,68.79,88.44,Kappa3,37,1.0197,36.286,0.0126,Bela at Beetham,Bela,131,54.21843,-2.77411,349620,480577,EA-CL,FV
75,84.6,2.29,1.0731,73008,73.67,97.15,Kappa3,37,1.0197,36.286,0.0126,Bela at Beetham,Bela,131,54.21843,-2.77411,349620,480577,EA-CL,FV
100,89.6,2.42,1.0783,73008,77.29,103.87,Kappa3,37,1.0197,36.286,0.0126,Bela at Beetham,Bela,131,54.21843,-2.77411,349620,480577,EA-CL,FV
200,103,2.78,1.092,73008,86.68,122.39,Kappa3,37,1.0197,36.286,0.0126,Bela at Beetham,Bela,131,54.21843,-2.77411,349620,480577,EA-CL,FV
500,124,3.34,1.1123,73008,100.65,152.76,Kappa3,37,1.0197,36.286,0.0126,Bela at Beetham,Bela,131,54.21843,-2.77411,349620,480577,EA-CL,FV
1000,142,3.83,1.129,73008,111.95,180.12,Kappa3,37,1.0197,36.286,0.0126,Bela at Beetham,Bela,131,54.21843,-2.77411,349620,480577,EA-CL,FV
2,43.8,1,1.038,73009,40.71,47.12,Kappa3,43.8,1.0018,43.723,0.0014,Sprint at Sprint Mill,Sprint,34.6,54.35816,-2.74816,351477,496106,EA-CL,FV
5,56,1.28,1.0387,73009,51.98,60.33,Kappa3,43.8,1.0018,43.723,0.0014,Sprint at Sprint Mill,Sprint,34.6,54.35816,-2.74816,351477,496106,EA-CL,FV
10,64.5,1.47,1.0415,73009,59.56,69.85,Kappa3,43.8,1.0018,43.723,0.0014,Sprint at Sprint Mill,Sprint,34.6,54.35816,-2.74816,351477,496106,EA-CL,FV
20,73.3,1.67,1.0463,73009,67.08,80.1,Kappa3,43.8,1.0018,43.723,0.0014,Sprint at Sprint Mill,Sprint,34.6,54.35816,-2.74816,351477,496106,EA-CL,FV
30,78.6,1.79,1.0501,73009,71.42,86.5,Kappa3,43.8,1.0018,43.723,0.0014,Sprint at Sprint Mill,Sprint,34.6,54.35816,-2.74816,351477,496106,EA-CL,FV
50,85.6,1.95,1.0558,73009,76.96,95.21,Kappa3,43.8,1.0018,43.723,0.0014,Sprint at Sprint Mill,Sprint,34.6,54.35816,-2.74816,351477,496106,EA-CL,FV
75,91.4,2.09,1.0611,73009,81.37,102.67,Kappa3,43.8,1.0018,43.723,0.0014,Sprint at Sprint Mill,Sprint,34.6,54.35816,-2.74816,351477,496106,EA-CL,FV
100,95.7,2.18,1.0652,73009,84.56,108.31,Kappa3,43.8,1.0018,43.723,0.0014,Sprint at Sprint Mill,Sprint,34.6,54.35816,-2.74816,351477,496106,EA-CL,FV
200,106,2.43,1.0761,73009,91.81,122.39,Kappa3,43.8,1.0018,43.723,0.0014,Sprint at Sprint Mill,Sprint,34.6,54.35816,-2.74816,351477,496106,EA-CL,FV
500,122,2.79,1.0929,73009,102.5,145.2,Kappa3,43.8,1.0018,43.723,0.0014,Sprint at Sprint Mill,Sprint,34.6,54.35816,-2.74816,351477,496106,EA-CL,FV
1000,135,3.08,1.107,73009,110.61,164.76,Kappa3,43.8,1.0018,43.723,0.0014,Sprint at Sprint Mill,Sprint,34.6,54.35816,-2.74816,351477,496106,EA-CL,FV
2,72.3,1,1.0392,73010,67.05,77.96,GenLog,72.3,1.0171,71.083,0.0142,Leven at Newby Bridge,Leven,247,54.26811,-2.97498,336599,486267,EA-CL,CC
5,93.2,1.29,1.0414,73010,86.08,100.91,GenLog,72.3,1.0171,71.083,0.0142,Leven at Newby Bridge,Leven,247,54.26811,-2.97498,336599,486267,EA-CL,CC
10,109,1.51,1.0459,73010,99.82,119.02,GenLog,72.3,1.0171,71.083,0.0142,Leven at Newby Bridge,Leven,247,54.26811,-2.97498,336599,486267,EA-CL,CC
20,127,1.76,1.053,73010,114.77,140.53,GenLog,72.3,1.0171,71.083,0.0142,Leven at Newby Bridge,Leven,247,54.26811,-2.97498,336599,486267,EA-CL,CC
30,139,1.93,1.0581,73010,124.43,155.27,GenLog,72.3,1.0171,71.083,0.0142,Leven at Newby Bridge,Leven,247,54.26811,-2.97498,336599,486267,EA-CL,CC
50,156,2.16,1.0657,73010,137.71,176.72,GenLog,72.3,1.0171,71.083,0.0142,Leven at Newby Bridge,Leven,247,54.26811,-2.97498,336599,486267,EA-CL,CC
75,171,2.37,1.0725,73010,149.08,196.14,GenLog,72.3,1.0171,71.083,0.0142,Leven at Newby Bridge,Leven,247,54.26811,-2.97498,336599,486267,EA-CL,CC
100,183,2.52,1.0777,73010,158.04,211.91,GenLog,72.3,1.0171,71.083,0.0142,Leven at Newby Bridge,Leven,247,54.26811,-2.97498,336599,486267,EA-CL,CC
200,214,2.96,1.0915,73010,180.25,254.06,GenLog,72.3,1.0171,71.083,0.0142,Leven at Newby Bridge,Leven,247,54.26811,-2.97498,336599,486267,EA-CL,CC
500,265,3.66,1.112,73010,215.22,326.3,GenLog,72.3,1.0171,71.083,0.0142,Leven at Newby Bridge,Leven,247,54.26811,-2.97498,336599,486267,EA-CL,CC
1000,312,4.32,1.1291,73010,245.92,395.83,GenLog,72.3,1.0171,71.083,0.0142,Leven at Newby Bridge,Leven,247,54.26811,-2.97498,336599,486267,EA-CL,CC
2,58.1,1,1.0717,73011,50.73,66.55,Kappa3,58.1,1.0078,57.65,0.0052,Mint at Mint Bridge,Mint,65.8,54.34355,-2.73353,352411,494470,EA-CL,FV
5,74.5,1.28,1.0726,73011,64.94,85.47,Kappa3,58.1,1.0078,57.65,0.0052,Mint at Mint Bridge,Mint,65.8,54.34355,-2.73353,352411,494470,EA-CL,FV
10,86.1,1.48,1.0745,73011,74.79,99.12,Kappa3,58.1,1.0078,57.65,0.0052,Mint at Mint Bridge,Mint,65.8,54.34355,-2.73353,352411,494470,EA-CL,FV
20,98.1,1.69,1.0775,73011,84.75,113.56,Kappa3,58.1,1.0078,57.65,0.0052,Mint at Mint Bridge,Mint,65.8,54.34355,-2.73353,352411,494470,EA-CL,FV
30,105,1.81,1.0798,73011,90.33,122.05,Kappa3,58.1,1.0078,57.65,0.0052,Mint at Mint Bridge,Mint,65.8,54.34355,-2.73353,352411,494470,EA-CL,FV
50,115,1.98,1.0834,73011,98.29,134.55,Kappa3,58.1,1.0078,57.65,0.0052,Mint at Mint Bridge,Mint,65.8,54.34355,-2.73353,352411,494470,EA-CL,FV
75,123,2.12,1.0868,73011,104.48,144.8,Kappa3,58.1,1.0078,57.65,0.0052,Mint at Mint Bridge,Mint,65.8,54.34355,-2.73353,352411,494470,EA-CL,FV
100,129,2.22,1.0895,73011,109.05,152.6,Kappa3,58.1,1.0078,57.65,0.0052,Mint at Mint Bridge,Mint,65.8,54.34355,-2.73353,352411,494470,EA-CL,FV
200,144,2.48,1.097,73011,120.1,172.65,Kappa3,58.1,1.0078,57.65,0.0052,Mint at Mint Bridge,Mint,65.8,54.34355,-2.73353,352411,494470,EA-CL,FV
500,166,2.85,1.1088,73011,135.58,203.25,Kappa3,58.1,1.0078,57.65,0.0052,Mint at Mint Bridge,Mint,65.8,54.34355,-2.73353,352411,494470,EA-CL,FV
1000,184,3.17,1.1192,73011,147.56,229.44,Kappa3,58.1,1.0078,57.65,0.0052,Mint at Mint Bridge,Mint,65.8,54.34355,-2.73353,352411,494470,EA-CL,FV
2,144,1,1.0512,73012,130.57,158.81,GEV,144,1.0168,141.624,0.0116,Kent at Victoria Bridge,Kent,183,54.33117,-2.74424,351700,493100,EA-CL,VA
5,190,1.32,1.0529,73012,171.74,210.2,GEV,144,1.0168,141.624,0.0116,Kent at Victoria Bridge,Kent,183,54.33117,-2.74424,351700,493100,EA-CL,VA
10,222,1.54,1.0559,73012,199.55,246.98,GEV,144,1.0168,141.624,0.0116,Kent at Victoria Bridge,Kent,183,54.33117,-2.74424,351700,493100,EA-CL,VA
20,255,1.77,1.0606,73012,227.23,286.17,GEV,144,1.0168,141.624,0.0116,Kent at Victoria Bridge,Kent,183,54.33117,-2.74424,351700,493100,EA-CL,VA
30,274,1.9,1.0642,73012,242.54,309.54,GEV,144,1.0168,141.624,0.0116,Kent at Victoria Bridge,Kent,183,54.33117,-2.74424,351700,493100,EA-CL,VA
50,300,2.08,1.0697,73012,262.89,342.35,GEV,144,1.0168,141.624,0.0116,Kent at Victoria Bridge,Kent,183,54.33117,-2.74424,351700,493100,EA-CL,VA
75,320,2.23,1.0747,73012,277.86,368.53,GEV,144,1.0168,141.624,0.0116,Kent at Victoria Bridge,Kent,183,54.33117,-2.74424,351700,493100,EA-CL,VA
100,336,2.33,1.0786,73012,289.69,389.71,GEV,144,1.0168,141.624,0.0116,Kent at Victoria Bridge,Kent,183,54.33117,-2.74424,351700,493100,EA-CL,VA
200,373,2.59,1.0893,73012,315.43,441.08,GEV,144,1.0168,141.624,0.0116,Kent at Victoria Bridge,Kent,183,54.33117,-2.74424,351700,493100,EA-CL,VA
500,426,2.96,1.1057,73012,349.85,518.73,GEV,144,1.0168,141.624,0.0116,Kent at Victoria Bridge,Kent,183,54.33117,-2.74424,351700,493100,EA-CL,VA
1000,468,3.25,1.1197,73012,374.98,584.1,GEV,144,1.0168,141.624,0.0116,Kent at Victoria Bridge,Kent,183,54.33117,-2.74424,351700,493100,EA-CL,VA
2,12.6,1,1.0752,73015,10.93,14.52,GEV,12.6,1.0112,12.46,0.0077,Keer at High Keer Weir,Keer,48,54.14065,-2.73133,352320,471893,EA-CL,FV
5,17.2,1.37,1.0755,73015,14.91,19.84,GEV,12.6,1.0112,12.46,0.0077,Keer at High Keer Weir,Keer,48,54.14065,-2.73133,352320,471893,EA-CL,FV
10,20.6,1.63,1.0775,73015,17.8,23.85,GEV,12.6,1.0112,12.46,0.0077,Keer at High Keer Weir,Keer,48,54.14065,-2.73133,352320,471893,EA-CL,FV
20,24,1.9,1.0813,73015,20.59,27.97,GEV,12.6,1.0112,12.46,0.0077,Keer at High Keer Weir,Keer,48,54.14065,-2.73133,352320,471893,EA-CL,FV
30,26,2.07,1.0844,73015,22.18,30.48,GEV,12.6,1.0112,12.46,0.0077,Keer at High Keer Weir,Keer,48,54.14065,-2.73133,352320,471893,EA-CL,FV
50,28.7,2.28,1.0893,73015,24.27,33.94,GEV,12.6,1.0112,12.46,0.0077,Keer at High Keer Weir,Keer,48,54.14065,-2.73133,352320,471893,EA-CL,FV
75,30.9,2.45,1.094,73015,25.91,36.85,GEV,12.6,1.0112,12.46,0.0077,Keer at High Keer Weir,Keer,48,54.14065,-2.73133,352320,471893,EA-CL,FV
100,32.5,2.58,1.0977,73015,27.07,39.01,GEV,12.6,1.0112,12.46,0.0077,Keer at High Keer Weir,Keer,48,54.14065,-2.73133,352320,471893,EA-CL,FV
200,36.6,2.91,1.1081,73015,29.93,44.76,GEV,12.6,1.0112,12.46,0.0077,Keer at High Keer Weir,Keer,48,54.14065,-2.73133,352320,471893,EA-CL,FV
500,42.4,3.36,1.1246,73015,33.68,53.37,GEV,12.6,1.0112,12.46,0.0077,Keer at High Keer Weir,Keer,48,54.14065,-2.73133,352320,471893,EA-CL,FV
1000,47,3.73,1.139,73015,36.42,60.66,GEV,12.6,1.0112,12.46,0.0077,Keer at High Keer Weir,Keer,48,54.14065,-2.73133,352320,471893,EA-CL,FV
2,67.1,1,1.048,73017,61.21,73.56,GEV,67.1,1.0077,66.586,0.0059,Kent at Bowston,Kent,70.61,54.36177,-2.77196,349935,496525,EA-CL,VA
5,86.3,1.29,1.0488,73017,78.61,94.75,GEV,67.1,1.0077,66.586,0.0059,Kent at Bowston,Kent,70.61,54.36177,-2.77196,349935,496525,EA-CL,VA
10,99.3,1.48,1.0503,73017,90.19,109.33,GEV,67.1,1.0077,66.586,0.0059,Kent at Bowston,Kent,70.61,54.36177,-2.77196,349935,496525,EA-CL,VA
20,112,1.67,1.053,73017,101.22,123.93,GEV,67.1,1.0077,66.586,0.0059,Kent at Bowston,Kent,70.61,54.36177,-2.77196,349935,496525,EA-CL,VA
30,119,1.78,1.0551,73017,107.13,132.19,GEV,67.1,1.0077,66.586,0.0059,Kent at Bowston,Kent,70.61,54.36177,-2.77196,349935,496525,EA-CL,VA
50,129,1.92,1.0584,73017,115.42,144.18,GEV,67.1,1.0077,66.586,0.0059,Kent at Bowston,Kent,70.61,54.36177,-2.77196,349935,496525,EA-CL,VA
75,136,2.03,1.0615,73017,120.99,152.88,GEV,67.1,1.0077,66.586,0.0059,Kent at Bowston,Kent,70.61,54.36177,-2.77196,349935,496525,EA-CL,VA
100,141,2.1,1.064,73017,124.86,159.23,GEV,67.1,1.0077,66.586,0.0059,Kent at Bowston,Kent,70.61,54.36177,-2.77196,349935,496525,EA-CL,VA
200,154,2.3,1.071,73017,134.63,176.16,GEV,67.1,1.0077,66.586,0.0059,Kent at Bowston,Kent,70.61,54.36177,-2.77196,349935,496525,EA-CL,VA
500,171,2.55,1.0822,73017,146.47,199.64,GEV,67.1,1.0077,66.586,0.0059,Kent at Bowston,Kent,70.61,54.36177,-2.77196,349935,496525,EA-CL,VA
1000,184,2.75,1.0919,73017,154.87,218.6,GEV,67.1,1.0077,66.586,0.0059,Kent at Bowston,Kent,70.61,54.36177,-2.77196,349935,496525,EA-CL,VA
2,121,1,1.0496,74001,110.05,133.04,Gumbel,121,1.0009,120.886,9e-4,Duddon at Duddon Hall,Duddon,85.66,54.29552,-3.23795,319526,489585,EA-CL,CB
5,153,1.27,1.0502,74001,138.99,168.42,Gumbel,121,1.0009,120.886,9e-4,Duddon at Duddon Hall,Duddon,85.66,54.29552,-3.23795,319526,489585,EA-CL,CB
10,175,1.45,1.0519,74001,158.48,193.24,Gumbel,121,1.0009,120.886,9e-4,Duddon at Duddon Hall,Duddon,85.66,54.29552,-3.23795,319526,489585,EA-CL,CB
20,195,1.62,1.0549,74001,175.61,216.54,Gumbel,121,1.0009,120.886,9e-4,Duddon at Duddon Hall,Duddon,85.66,54.29552,-3.23795,319526,489585,EA-CL,CB
30,207,1.71,1.0572,74001,185.62,230.84,Gumbel,121,1.0009,120.886,9e-4,Duddon at Duddon Hall,Duddon,85.66,54.29552,-3.23795,319526,489585,EA-CL,CB
50,222,1.84,1.0609,74001,197.71,249.27,Gumbel,121,1.0009,120.886,9e-4,Duddon at Duddon Hall,Duddon,85.66,54.29552,-3.23795,319526,489585,EA-CL,CB
75,234,1.93,1.0644,74001,207.06,264.45,Gumbel,121,1.0009,120.886,9e-4,Duddon at Duddon Hall,Duddon,85.66,54.29552,-3.23795,319526,489585,EA-CL,CB
100,242,2,1.0673,74001,213,274.95,Gumbel,121,1.0009,120.886,9e-4,Duddon at Duddon Hall,Duddon,85.66,54.29552,-3.23795,319526,489585,EA-CL,CB
200,262,2.17,1.075,74001,227.37,301.9,Gumbel,121,1.0009,120.886,9e-4,Duddon at Duddon Hall,Duddon,85.66,54.29552,-3.23795,319526,489585,EA-CL,CB
500,288,2.38,1.0874,74001,244.38,339.4,Gumbel,121,1.0009,120.886,9e-4,Duddon at Duddon Hall,Duddon,85.66,54.29552,-3.23795,319526,489585,EA-CL,CB
1000,308,2.55,1.0981,74001,256.38,370.01,Gumbel,121,1.0009,120.886,9e-4,Duddon at Duddon Hall,Duddon,85.66,54.29552,-3.23795,319526,489585,EA-CL,CB
2,204,1,1.0263,75002,193.88,214.65,Kappa3,204,1.0117,201.633,0.0092,Derwent at Camerton,Derwent,663,54.66035,-3.49437,303700,530500,EA-CL,VA
5,264,1.29,1.0288,75002,249.71,279.11,Kappa3,204,1.0117,201.633,0.0092,Derwent at Camerton,Derwent,663,54.66035,-3.49437,303700,530500,EA-CL,VA
10,307,1.5,1.0332,75002,287.96,327.3,Kappa3,204,1.0117,201.633,0.0092,Derwent at Camerton,Derwent,663,54.66035,-3.49437,303700,530500,EA-CL,VA
20,352,1.73,1.0395,75002,326.26,379.77,Kappa3,204,1.0117,201.633,0.0092,Derwent at Camerton,Derwent,663,54.66035,-3.49437,303700,530500,EA-CL,VA
30,381,1.87,1.0441,75002,350.1,414.63,Kappa3,204,1.0117,201.633,0.0092,Derwent at Camerton,Derwent,663,54.66035,-3.49437,303700,530500,EA-CL,VA
50,418,2.05,1.0506,75002,379.45,460.46,Kappa3,204,1.0117,201.633,0.0092,Derwent at Camerton,Derwent,663,54.66035,-3.49437,303700,530500,EA-CL,VA
75,450,2.21,1.0564,75002,404.12,501.09,Kappa3,204,1.0117,201.633,0.0092,Derwent at Camerton,Derwent,663,54.66035,-3.49437,303700,530500,EA-CL,VA
100,473,2.32,1.0609,75002,421.25,531.11,Kappa3,204,1.0117,201.633,0.0092,Derwent at Camerton,Derwent,663,54.66035,-3.49437,303700,530500,EA-CL,VA
200,534,2.62,1.0725,75002,465.55,612.52,Kappa3,204,1.0117,201.633,0.0092,Derwent at Camerton,Derwent,663,54.66035,-3.49437,303700,530500,EA-CL,VA
500,624,3.06,1.0899,75002,527.12,738.69,Kappa3,204,1.0117,201.633,0.0092,Derwent at Camerton,Derwent,663,54.66035,-3.49437,303700,530500,EA-CL,VA
1000,700,3.43,1.1043,75002,576.3,850.25,Kappa3,204,1.0117,201.633,0.0092,Derwent at Camerton,Derwent,663,54.66035,-3.49437,303700,530500,EA-CL,VA
2,103,1,1.0527,75003,93.14,113.91,GenLog,103,1.0073,102.252,0.0059,Derwent at Ouse Bridge,Derwent,363,54.67787,-3.2441,319878,532134,EA-CL,VA
5,135,1.31,1.0569,75003,121.12,150.47,GenLog,103,1.0073,102.252,0.0059,Derwent at Ouse Bridge,Derwent,363,54.67787,-3.2441,319878,532134,EA-CL,VA
10,160,1.55,1.0638,75003,141.73,180.62,GenLog,103,1.0073,102.252,0.0059,Derwent at Ouse Bridge,Derwent,363,54.67787,-3.2441,319878,532134,EA-CL,VA
20,188,1.83,1.0738,75003,163.51,216.16,GenLog,103,1.0073,102.252,0.0059,Derwent at Ouse Bridge,Derwent,363,54.67787,-3.2441,319878,532134,EA-CL,VA
30,207,2.01,1.0811,75003,177.66,241.18,GenLog,103,1.0073,102.252,0.0059,Derwent at Ouse Bridge,Derwent,363,54.67787,-3.2441,319878,532134,EA-CL,VA
50,234,2.27,1.0916,75003,197.07,277.86,GenLog,103,1.0073,102.252,0.0059,Derwent at Ouse Bridge,Derwent,363,54.67787,-3.2441,319878,532134,EA-CL,VA
75,258,2.5,1.1009,75003,213.69,311.49,GenLog,103,1.0073,102.252,0.0059,Derwent at Ouse Bridge,Derwent,363,54.67787,-3.2441,319878,532134,EA-CL,VA
100,276,2.68,1.108,75003,225.74,337.45,GenLog,103,1.0073,102.252,0.0059,Derwent at Ouse Bridge,Derwent,363,54.67787,-3.2441,319878,532134,EA-CL,VA
200,327,3.18,1.1267,75003,258.82,413.14,GenLog,103,1.0073,102.252,0.0059,Derwent at Ouse Bridge,Derwent,363,54.67787,-3.2441,319878,532134,EA-CL,VA
500,411,3.99,1.1545,75003,310.13,544.67,GenLog,103,1.0073,102.252,0.0059,Derwent at Ouse Bridge,Derwent,363,54.67787,-3.2441,319878,532134,EA-CL,VA
1000,490,4.76,1.1775,75003,355.72,674.96,GenLog,103,1.0073,102.252,0.0059,Derwent at Ouse Bridge,Derwent,363,54.67787,-3.2441,319878,532134,EA-CL,VA
2,53.3,1,1.0724,75004,46.48,61.13,GenLog,53.3,1.0029,53.147,0.0021,Cocker at Southwaite Bridge,Cocker,116.6,54.64041,-3.34814,313090,528090,EA-CL,VA
5,72.1,1.35,1.0746,75004,62.62,83.02,GenLog,53.3,1.0029,53.147,0.0021,Cocker at Southwaite Bridge,Cocker,116.6,54.64041,-3.34814,313090,528090,EA-CL,VA
10,87.1,1.63,1.0783,75004,75.14,100.97,GenLog,53.3,1.0029,53.147,0.0021,Cocker at Southwaite Bridge,Cocker,116.6,54.64041,-3.34814,313090,528090,EA-CL,VA
20,104,1.96,1.084,75004,88.79,121.81,GenLog,53.3,1.0029,53.147,0.0021,Cocker at Southwaite Bridge,Cocker,116.6,54.64041,-3.34814,313090,528090,EA-CL,VA
30,116,2.18,1.0884,75004,98.25,136.95,GenLog,53.3,1.0029,53.147,0.0021,Cocker at Southwaite Bridge,Cocker,116.6,54.64041,-3.34814,313090,528090,EA-CL,VA
50,133,2.49,1.095,75004,111.33,158.89,GenLog,53.3,1.0029,53.147,0.0021,Cocker at Southwaite Bridge,Cocker,116.6,54.64041,-3.34814,313090,528090,EA-CL,VA
75,147,2.76,1.1011,75004,121.71,177.54,GenLog,53.3,1.0029,53.147,0.0021,Cocker at Southwaite Bridge,Cocker,116.6,54.64041,-3.34814,313090,528090,EA-CL,VA
100,159,2.98,1.1059,75004,130.53,193.68,GenLog,53.3,1.0029,53.147,0.0021,Cocker at Southwaite Bridge,Cocker,116.6,54.64041,-3.34814,313090,528090,EA-CL,VA
200,191,3.59,1.1188,75004,153.28,238.01,GenLog,53.3,1.0029,53.147,0.0021,Cocker at Southwaite Bridge,Cocker,116.6,54.64041,-3.34814,313090,528090,EA-CL,VA
500,245,4.59,1.1387,75004,189.93,316.03,GenLog,53.3,1.0029,53.147,0.0021,Cocker at Southwaite Bridge,Cocker,116.6,54.64041,-3.34814,313090,528090,EA-CL,VA
1000,296,5.55,1.1555,75004,222.98,392.94,GenLog,53.3,1.0029,53.147,0.0021,Cocker at Southwaite Bridge,Cocker,116.6,54.64041,-3.34814,313090,528090,EA-CL,VA
2,105,1,1.0383,75005,97.54,113.03,Kappa3,105,1.0069,104.278,0.006,Derwent at Portinscale,Derwent,235,54.60456,-3.15956,325194,523884,EA-CL,VA
5,141,1.34,1.0405,75005,130.44,152.41,Kappa3,105,1.0069,104.278,0.006,Derwent at Portinscale,Derwent,235,54.60456,-3.15956,325194,523884,EA-CL,VA
10,170,1.61,1.045,75005,155.95,185.32,Kappa3,105,1.0069,104.278,0.006,Derwent at Portinscale,Derwent,235,54.60456,-3.15956,325194,523884,EA-CL,VA
20,202,1.92,1.0523,75005,182.79,223.23,Kappa3,105,1.0069,104.278,0.006,Derwent at Portinscale,Derwent,235,54.60456,-3.15956,325194,523884,EA-CL,VA
30,223,2.13,1.0579,75005,199.71,249.01,Kappa3,105,1.0069,104.278,0.006,Derwent at Portinscale,Derwent,235,54.60456,-3.15956,325194,523884,EA-CL,VA
50,253,2.41,1.0661,75005,223.17,286.82,Kappa3,105,1.0069,104.278,0.006,Derwent at Portinscale,Derwent,235,54.60456,-3.15956,325194,523884,EA-CL,VA
75,280,2.66,1.0736,75005,243.62,321.82,Kappa3,105,1.0069,104.278,0.006,Derwent at Portinscale,Derwent,235,54.60456,-3.15956,325194,523884,EA-CL,VA
100,300,2.86,1.0794,75005,258.28,348.46,Kappa3,105,1.0069,104.278,0.006,Derwent at Portinscale,Derwent,235,54.60456,-3.15956,325194,523884,EA-CL,VA
200,355,3.38,1.0946,75005,297.36,423.81,Kappa3,105,1.0069,104.278,0.006,Derwent at Portinscale,Derwent,235,54.60456,-3.15956,325194,523884,EA-CL,VA
500,443,4.22,1.1174,75005,356.38,550.67,Kappa3,105,1.0069,104.278,0.006,Derwent at Portinscale,Derwent,235,54.60456,-3.15956,325194,523884,EA-CL,VA
1000,524,4.99,1.1363,75005,407.91,673.13,Kappa3,105,1.0069,104.278,0.006,Derwent at Portinscale,Derwent,235,54.60456,-3.15956,325194,523884,EA-CL,VA
2,111,1,1.0694,75009,97.32,126.6,Kappa3,111,1.0027,110.702,0.0024,Greta at Low Briery,Greta,145.6,54.60803,-3.10758,328558,524216,EA-CL,VA
5,146,1.32,1.0714,75009,127.54,167.13,Kappa3,111,1.0027,110.702,0.0024,Greta at Low Briery,Greta,145.6,54.60803,-3.10758,328558,524216,EA-CL,VA
10,172,1.55,1.0744,75009,149.43,197.98,Kappa3,111,1.0027,110.702,0.0024,Greta at Low Briery,Greta,145.6,54.60803,-3.10758,328558,524216,EA-CL,VA
20,201,1.81,1.079,75009,173.17,233.3,Kappa3,111,1.0027,110.702,0.0024,Greta at Low Briery,Greta,145.6,54.60803,-3.10758,328558,524216,EA-CL,VA
30,219,1.97,1.0827,75009,187.42,255.91,Kappa3,111,1.0027,110.702,0.0024,Greta at Low Briery,Greta,145.6,54.60803,-3.10758,328558,524216,EA-CL,VA
50,243,2.19,1.0884,75009,205.83,286.89,Kappa3,111,1.0027,110.702,0.0024,Greta at Low Briery,Greta,145.6,54.60803,-3.10758,328558,524216,EA-CL,VA
75,264,2.38,1.0938,75009,221.46,314.72,Kappa3,111,1.0027,110.702,0.0024,Greta at Low Briery,Greta,145.6,54.60803,-3.10758,328558,524216,EA-CL,VA
100,279,2.52,1.0981,75009,232.24,335.17,Kappa3,111,1.0027,110.702,0.0024,Greta at Low Briery,Greta,145.6,54.60803,-3.10758,328558,524216,EA-CL,VA
200,320,2.89,1.1099,75009,260.85,392.56,Kappa3,111,1.0027,110.702,0.0024,Greta at Low Briery,Greta,145.6,54.60803,-3.10758,328558,524216,EA-CL,VA
500,383,3.45,1.1286,75009,302.15,485.49,Kappa3,111,1.0027,110.702,0.0024,Greta at Low Briery,Greta,145.6,54.60803,-3.10758,328558,524216,EA-CL,VA
1000,437,3.94,1.1449,75009,335.19,569.73,Kappa3,111,1.0027,110.702,0.0024,Greta at Low Briery,Greta,145.6,54.60803,-3.10758,328558,524216,EA-CL,VA
2,35.1,1,1.03,75017,33.12,37.19,Kappa3,35.1,1.0182,34.473,0.0118,Ellen at Bullgill,Ellen,96,54.73242,-3.40539,309600,538400,EA-CL,FV
5,46.1,1.31,1.0332,75017,43.24,49.15,Kappa3,35.1,1.0182,34.473,0.0118,Ellen at Bullgill,Ellen,96,54.73242,-3.40539,309600,538400,EA-CL,FV
10,54.6,1.55,1.0386,75017,50.69,58.81,Kappa3,35.1,1.0182,34.473,0.0118,Ellen at Bullgill,Ellen,96,54.73242,-3.40539,309600,538400,EA-CL,FV
20,63.8,1.82,1.0464,75017,58.37,69.73,Kappa3,35.1,1.0182,34.473,0.0118,Ellen at Bullgill,Ellen,96,54.73242,-3.40539,309600,538400,EA-CL,FV
30,69.7,1.99,1.0521,75017,63.1,77,Kappa3,35.1,1.0182,34.473,0.0118,Ellen at Bullgill,Ellen,96,54.73242,-3.40539,309600,538400,EA-CL,FV
50,77.8,2.22,1.0602,75017,69.38,87.24,Kappa3,35.1,1.0182,34.473,0.0118,Ellen at Bullgill,Ellen,96,54.73242,-3.40539,309600,538400,EA-CL,FV
75,84.8,2.42,1.0674,75017,74.62,96.36,Kappa3,35.1,1.0182,34.473,0.0118,Ellen at Bullgill,Ellen,96,54.73242,-3.40539,309600,538400,EA-CL,FV
100,90.1,2.57,1.0728,75017,78.51,103.41,Kappa3,35.1,1.0182,34.473,0.0118,Ellen at Bullgill,Ellen,96,54.73242,-3.40539,309600,538400,EA-CL,FV
200,104,2.97,1.087,75017,88.31,122.47,Kappa3,35.1,1.0182,34.473,0.0118,Ellen at Bullgill,Ellen,96,54.73242,-3.40539,309600,538400,EA-CL,FV
500,126,3.59,1.108,75017,103.06,154.05,Kappa3,35.1,1.0182,34.473,0.0118,Ellen at Bullgill,Ellen,96,54.73242,-3.40539,309600,538400,EA-CL,FV
1000,145,4.14,1.1253,75017,115.05,182.75,Kappa3,35.1,1.0182,34.473,0.0118,Ellen at Bullgill,Ellen,96,54.73242,-3.40539,309600,538400,EA-CL,FV
2,16.2,1,1.2078,76001,11.19,23.45,GenLog,16.2,1.0001,16.198,1e-4,Haweswater Beck at Burnbanks,Haweswater Beck,33,54.53622,-2.76251,350759,515929,EA-CL,CC
5,21.9,1.35,1.2111,76001,15.05,31.88,GenLog,16.2,1.0001,16.198,1e-4,Haweswater Beck at Burnbanks,Haweswater Beck,33,54.53622,-2.76251,350759,515929,EA-CL,CC
10,26,1.61,1.2138,76001,17.78,38.01,GenLog,16.2,1.0001,16.198,1e-4,Haweswater Beck at Burnbanks,Haweswater Beck,33,54.53622,-2.76251,350759,515929,EA-CL,CC
20,30.4,1.88,1.217,76001,20.69,44.67,GenLog,16.2,1.0001,16.198,1e-4,Haweswater Beck at Burnbanks,Haweswater Beck,33,54.53622,-2.76251,350759,515929,EA-CL,CC
30,33.3,2.05,1.2191,76001,22.58,49.1,GenLog,16.2,1.0001,16.198,1e-4,Haweswater Beck at Burnbanks,Haweswater Beck,33,54.53622,-2.76251,350759,515929,EA-CL,CC
50,37.1,2.29,1.2222,76001,25.04,54.98,GenLog,16.2,1.0001,16.198,1e-4,Haweswater Beck at Burnbanks,Haweswater Beck,33,54.53622,-2.76251,350759,515929,EA-CL,CC
75,40.4,2.5,1.2249,76001,27.15,60.13,GenLog,16.2,1.0001,16.198,1e-4,Haweswater Beck at Burnbanks,Haweswater Beck,33,54.53622,-2.76251,350759,515929,EA-CL,CC
100,42.9,2.65,1.227,76001,28.73,64.06,GenLog,16.2,1.0001,16.198,1e-4,Haweswater Beck at Burnbanks,Haweswater Beck,33,54.53622,-2.76251,350759,515929,EA-CL,CC
200,49.6,3.06,1.2327,76001,32.92,74.74,GenLog,16.2,1.0001,16.198,1e-4,Haweswater Beck at Burnbanks,Haweswater Beck,33,54.53622,-2.76251,350759,515929,EA-CL,CC
500,59.9,3.7,1.2417,76001,39.19,91.56,GenLog,16.2,1.0001,16.198,1e-4,Haweswater Beck at Burnbanks,Haweswater Beck,33,54.53622,-2.76251,350759,515929,EA-CL,CC
1000,69,4.26,1.2498,76001,44.57,106.82,GenLog,16.2,1.0001,16.198,1e-4,Haweswater Beck at Burnbanks,Haweswater Beck,33,54.53622,-2.76251,350759,515929,EA-CL,CC
2,200,1,1.0835,76003,170.91,234.04,Kappa3,200,1.0181,196.435,0.0141,Eamont at Udford,Eamont,396.2,54.66733,-2.65938,357569,530450,EA-CL,VA
5,260,1.3,1.0864,76003,221.02,305.85,Kappa3,200,1.0181,196.435,0.0141,Eamont at Udford,Eamont,396.2,54.66733,-2.65938,357569,530450,EA-CL,VA
10,304,1.52,1.0902,76003,256.66,360.07,Kappa3,200,1.0181,196.435,0.0141,Eamont at Udford,Eamont,396.2,54.66733,-2.65938,357569,530450,EA-CL,VA
20,349,1.75,1.0954,76003,291.92,417.24,Kappa3,200,1.0181,196.435,0.0141,Eamont at Udford,Eamont,396.2,54.66733,-2.65938,357569,530450,EA-CL,VA
30,378,1.89,1.0992,76003,314.04,454.99,Kappa3,200,1.0181,196.435,0.0141,Eamont at Udford,Eamont,396.2,54.66733,-2.65938,357569,530450,EA-CL,VA
50,415,2.08,1.1048,76003,341.36,504.53,Kappa3,200,1.0181,196.435,0.0141,Eamont at Udford,Eamont,396.2,54.66733,-2.65938,357569,530450,EA-CL,VA
75,447,2.24,1.1099,76003,364.38,548.36,Kappa3,200,1.0181,196.435,0.0141,Eamont at Udford,Eamont,396.2,54.66733,-2.65938,357569,530450,EA-CL,VA
100,471,2.35,1.1138,76003,381.31,581.79,Kappa3,200,1.0181,196.435,0.0141,Eamont at Udford,Eamont,396.2,54.66733,-2.65938,357569,530450,EA-CL,VA
200,532,2.66,1.1245,76003,422.7,669.56,Kappa3,200,1.0181,196.435,0.0141,Eamont at Udford,Eamont,396.2,54.66733,-2.65938,357569,530450,EA-CL,VA
500,622,3.11,1.1409,76003,480.38,805.37,Kappa3,200,1.0181,196.435,0.0141,Eamont at Udford,Eamont,396.2,54.66733,-2.65938,357569,530450,EA-CL,VA
1000,698,3.49,1.155,76003,526.25,925.8,Kappa3,200,1.0181,196.435,0.0141,Eamont at Udford,Eamont,396.2,54.66733,-2.65938,357569,530450,EA-CL,VA
2,120,1,1.0844,76004,102.38,140.65,GenLog,120,1.005,119.408,0.0043,Lowther at Eamont Bridge,Lowther,158.5,54.64991,-2.73755,352507,528562,EA-CL,VA
5,158,1.32,1.0857,76004,134.48,185.63,GenLog,120,1.005,119.408,0.0043,Lowther at Eamont Bridge,Lowther,158.5,54.64991,-2.73755,352507,528562,EA-CL,VA
10,188,1.56,1.088,76004,159.35,221.79,GenLog,120,1.005,119.408,0.0043,Lowther at Eamont Bridge,Lowther,158.5,54.64991,-2.73755,352507,528562,EA-CL,VA
20,220,1.84,1.0919,76004,185.18,261.37,GenLog,120,1.005,119.408,0.0043,Lowther at Eamont Bridge,Lowther,158.5,54.64991,-2.73755,352507,528562,EA-CL,VA
30,241,2.01,1.095,76004,201.73,287.92,GenLog,120,1.005,119.408,0.0043,Lowther at Eamont Bridge,Lowther,158.5,54.64991,-2.73755,352507,528562,EA-CL,VA
50,271,2.26,1.0998000000000001,76004,224.9,326.55,GenLog,120,1.005,119.408,0.0043,Lowther at Eamont Bridge,Lowther,158.5,54.64991,-2.73755,352507,528562,EA-CL,VA
75,297,2.47,1.1043,76004,244.52,360.75,GenLog,120,1.005,119.408,0.0043,Lowther at Eamont Bridge,Lowther,158.5,54.64991,-2.73755,352507,528562,EA-CL,VA
100,317,2.64,1.108,76004,259.28,387.58,GenLog,120,1.005,119.408,0.0043,Lowther at Eamont Bridge,Lowther,158.5,54.64991,-2.73755,352507,528562,EA-CL,VA
200,371,3.09,1.1181,76004,298.09,461.74,GenLog,120,1.005,119.408,0.0043,Lowther at Eamont Bridge,Lowther,158.5,54.64991,-2.73755,352507,528562,EA-CL,VA
500,457,3.81,1.1343,76004,356.98,585.04,GenLog,120,1.005,119.408,0.0043,Lowther at Eamont Bridge,Lowther,158.5,54.64991,-2.73755,352507,528562,EA-CL,VA
1000,536,4.47,1.1485,76004,408.61,703.11,GenLog,120,1.005,119.408,0.0043,Lowther at Eamont Bridge,Lowther,158.5,54.64991,-2.73755,352507,528562,EA-CL,VA
2,308,1,1.0745,76005,267.54,354.58,Kappa3,308,1.0092,305.184,0.0062,Eden at Temple Sowerby,Eden,616.4,54.64839,-2.6144,360452,528316,EA-CL,VA
5,411,1.33,1.0743,76005,357.14,472.99,Kappa3,308,1.0092,305.184,0.0062,Eden at Temple Sowerby,Eden,616.4,54.64839,-2.6144,360452,528316,EA-CL,VA
10,494,1.6,1.0762,76005,427.78,570.48,Kappa3,308,1.0092,305.184,0.0062,Eden at Temple Sowerby,Eden,616.4,54.64839,-2.6144,360452,528316,EA-CL,VA
20,589,1.91,1.0802,76005,506.35,685.15,Kappa3,308,1.0092,305.184,0.0062,Eden at Temple Sowerby,Eden,616.4,54.64839,-2.6144,360452,528316,EA-CL,VA
30,652,2.12,1.0838,76005,556.86,763.39,Kappa3,308,1.0092,305.184,0.0062,Eden at Temple Sowerby,Eden,616.4,54.64839,-2.6144,360452,528316,EA-CL,VA
50,741,2.41,1.0896,76005,626.29,876.72,Kappa3,308,1.0092,305.184,0.0062,Eden at Temple Sowerby,Eden,616.4,54.64839,-2.6144,360452,528316,EA-CL,VA
75,820,2.66,1.0952,76005,686.13,979.99,Kappa3,308,1.0092,305.184,0.0062,Eden at Temple Sowerby,Eden,616.4,54.64839,-2.6144,360452,528316,EA-CL,VA
100,881,2.86,1.0997,76005,731.27,1061.39,Kappa3,308,1.0092,305.184,0.0062,Eden at Temple Sowerby,Eden,616.4,54.64839,-2.6144,360452,528316,EA-CL,VA
200,1050,3.4,1.1125,76005,852,1294.01,Kappa3,308,1.0092,305.184,0.0062,Eden at Temple Sowerby,Eden,616.4,54.64839,-2.6144,360452,528316,EA-CL,VA
500,1320,4.28,1.1329,76005,1033.61,1685.74,Kappa3,308,1.0092,305.184,0.0062,Eden at Temple Sowerby,Eden,616.4,54.64839,-2.6144,360452,528316,EA-CL,VA
1000,1570,5.09,1.1506,76005,1192.58,2066.86,Kappa3,308,1.0092,305.184,0.0062,Eden at Temple Sowerby,Eden,616.4,54.64839,-2.6144,360452,528316,EA-CL,VA
2,646,1,1.0513,76007,585.66,712.55,Gumbel,646,1.0228,631.585,0.0145,Eden at Sheepmount,Eden,2286.5,54.9049,-2.95286,339000,557103,EA-CL,VA
5,841,1.3,1.0505,76007,763.59,926.26,Gumbel,646,1.0228,631.585,0.0145,Eden at Sheepmount,Eden,2286.5,54.9049,-2.95286,339000,557103,EA-CL,VA
10,970,1.5,1.0514,76007,879.24,1070.13,Gumbel,646,1.0228,631.585,0.0145,Eden at Sheepmount,Eden,2286.5,54.9049,-2.95286,339000,557103,EA-CL,VA
20,1090,1.69,1.0539,76007,983.42,1208.13,Gumbel,646,1.0228,631.585,0.0145,Eden at Sheepmount,Eden,2286.5,54.9049,-2.95286,339000,557103,EA-CL,VA
30,1160,1.8,1.0562,76007,1042.11,1291.22,Gumbel,646,1.0228,631.585,0.0145,Eden at Sheepmount,Eden,2286.5,54.9049,-2.95286,339000,557103,EA-CL,VA
50,1250,1.94,1.0601,76007,1114.89,1401.49,Gumbel,646,1.0228,631.585,0.0145,Eden at Sheepmount,Eden,2286.5,54.9049,-2.95286,339000,557103,EA-CL,VA
75,1320,2.05,1.064,76007,1168.88,1490.66,Gumbel,646,1.0228,631.585,0.0145,Eden at Sheepmount,Eden,2286.5,54.9049,-2.95286,339000,557103,EA-CL,VA
100,1370,2.13,1.0672,76007,1206.03,1556.26,Gumbel,646,1.0228,631.585,0.0145,Eden at Sheepmount,Eden,2286.5,54.9049,-2.95286,339000,557103,EA-CL,VA
200,1490,2.31,1.0762,76007,1290.26,1720.67,Gumbel,646,1.0228,631.585,0.0145,Eden at Sheepmount,Eden,2286.5,54.9049,-2.95286,339000,557103,EA-CL,VA
500,1650,2.56,1.0909,76007,1391.31,1956.78,Gumbel,646,1.0228,631.585,0.0145,Eden at Sheepmount,Eden,2286.5,54.9049,-2.95286,339000,557103,EA-CL,VA
1000,1770,2.74,1.1037,76007,1458.76,2147.64,Gumbel,646,1.0228,631.585,0.0145,Eden at Sheepmount,Eden,2286.5,54.9049,-2.95286,339000,557103,EA-CL,VA
2,155,1,1.0935,76008,130.09,184.68,Gumbel,155,1.0084,153.711,0.0065,Irthing at Greenholme,Irthing,334.6,54.9147,-2.80304,348619,558073,EA-CL,MIS
5,197,1.27,1.0944,76008,165.07,235.1,Gumbel,155,1.0084,153.711,0.0065,Irthing at Greenholme,Irthing,334.6,54.9147,-2.80304,348619,558073,EA-CL,MIS
10,224,1.45,1.0954,76008,187.36,267.8,Gumbel,155,1.0084,153.711,0.0065,Irthing at Greenholme,Irthing,334.6,54.9147,-2.80304,348619,558073,EA-CL,MIS
20,251,1.62,1.0968,76008,209.42,300.83,Gumbel,155,1.0084,153.711,0.0065,Irthing at Greenholme,Irthing,334.6,54.9147,-2.80304,348619,558073,EA-CL,MIS
30,266,1.72,1.0979,76008,221.5,319.44,Gumbel,155,1.0084,153.711,0.0065,Irthing at Greenholme,Irthing,334.6,54.9147,-2.80304,348619,558073,EA-CL,MIS
50,285,1.84,1.0995,76008,236.65,343.23,Gumbel,155,1.0084,153.711,0.0065,Irthing at Greenholme,Irthing,334.6,54.9147,-2.80304,348619,558073,EA-CL,MIS
75,300,1.94,1.1012,76008,248.35,362.39,Gumbel,155,1.0084,153.711,0.0065,Irthing at Greenholme,Irthing,334.6,54.9147,-2.80304,348619,558073,EA-CL,MIS
100,311,2.01,1.1025,76008,256.86,376.55,Gumbel,155,1.0084,153.711,0.0065,Irthing at Greenholme,Irthing,334.6,54.9147,-2.80304,348619,558073,EA-CL,MIS
200,337,2.17,1.1064,76008,276.42,410.86,Gumbel,155,1.0084,153.711,0.0065,Irthing at Greenholme,Irthing,334.6,54.9147,-2.80304,348619,558073,EA-CL,MIS
500,371,2.39,1.1131,76008,300.72,457.7,Gumbel,155,1.0084,153.711,0.0065,Irthing at Greenholme,Irthing,334.6,54.9147,-2.80304,348619,558073,EA-CL,MIS
1000,396,2.56,1.1194,76008,317.46,493.98,Gumbel,155,1.0084,153.711,0.0065,Irthing at Greenholme,Irthing,334.6,54.9147,-2.80304,348619,558073,EA-CL,MIS
2,33.2,1,1.1083,76010,27.14,40.61,Gumbel,33.2,1.0489,31.652,0.0222,Petteril at Harraby Green,Petteril,160,54.88178,-2.91827,341184,554500,EA-CL,MIS
5,45.4,1.37,1.1079,76010,37.14,55.5,Gumbel,33.2,1.0489,31.652,0.0222,Petteril at Harraby Green,Petteril,160,54.88178,-2.91827,341184,554500,EA-CL,MIS
10,53.4,1.61,1.1094,76010,43.57,65.45,Gumbel,33.2,1.0489,31.652,0.0222,Petteril at Harraby Green,Petteril,160,54.88178,-2.91827,341184,554500,EA-CL,MIS
20,61.2,1.84,1.1124,76010,49.67,75.41,Gumbel,33.2,1.0489,31.652,0.0222,Petteril at Harraby Green,Petteril,160,54.88178,-2.91827,341184,554500,EA-CL,MIS
30,65.6,1.98,1.1148,76010,53.01,81.17,Gumbel,33.2,1.0489,31.652,0.0222,Petteril at Harraby Green,Petteril,160,54.88178,-2.91827,341184,554500,EA-CL,MIS
50,71.2,2.14,1.1186,76010,57.16,88.69,Gumbel,33.2,1.0489,31.652,0.0222,Petteril at Harraby Green,Petteril,160,54.88178,-2.91827,341184,554500,EA-CL,MIS
75,75.5,2.28,1.1222,76010,60.23,94.64,Gumbel,33.2,1.0489,31.652,0.0222,Petteril at Harraby Green,Petteril,160,54.88178,-2.91827,341184,554500,EA-CL,MIS
100,78.7,2.37,1.1251,76010,62.47,99.15,Gumbel,33.2,1.0489,31.652,0.0222,Petteril at Harraby Green,Petteril,160,54.88178,-2.91827,341184,554500,EA-CL,MIS
200,86.1,2.59,1.1333,76010,67.37,110.03,Gumbel,33.2,1.0489,31.652,0.0222,Petteril at Harraby Green,Petteril,160,54.88178,-2.91827,341184,554500,EA-CL,MIS
500,96,2.89,1.1466,76010,73.42,125.52,Gumbel,33.2,1.0489,31.652,0.0222,Petteril at Harraby Green,Petteril,160,54.88178,-2.91827,341184,554500,EA-CL,MIS
1000,103,3.12,1.1584,76010,77.21,137.4,Gumbel,33.2,1.0489,31.652,0.0222,Petteril at Harraby Green,Petteril,160,54.88178,-2.91827,341184,554500,EA-CL,MIS
2,1.81,1,1.0477,76011,1.65,1.98,Kappa3,1.81,1,1.81,0,Coal Burn at Coalburn,Coal Burn,1.5,55.09348,-2.4815,369368,577778,EA-CL,CB
5,2.35,1.3,1.0493,76011,2.14,2.58,Kappa3,1.81,1,1.81,0,Coal Burn at Coalburn,Coal Burn,1.5,55.09348,-2.4815,369368,577778,EA-CL,CB
10,2.77,1.53,1.0529,76011,2.5,3.06,Kappa3,1.81,1,1.81,0,Coal Burn at Coalburn,Coal Burn,1.5,55.09348,-2.4815,369368,577778,EA-CL,CB
20,3.21,1.77,1.0586,76011,2.87,3.59,Kappa3,1.81,1,1.81,0,Coal Burn at Coalburn,Coal Burn,1.5,55.09348,-2.4815,369368,577778,EA-CL,CB
30,3.49,1.93,1.0628,76011,3.1,3.93,Kappa3,1.81,1,1.81,0,Coal Burn at Coalburn,Coal Burn,1.5,55.09348,-2.4815,369368,577778,EA-CL,CB
50,3.88,2.14,1.0693,76011,3.4,4.42,Kappa3,1.81,1,1.81,0,Coal Burn at Coalburn,Coal Burn,1.5,55.09348,-2.4815,369368,577778,EA-CL,CB
75,4.2,2.32,1.0751,76011,3.64,4.84,Kappa3,1.81,1,1.81,0,Coal Burn at Coalburn,Coal Burn,1.5,55.09348,-2.4815,369368,577778,EA-CL,CB
100,4.45,2.46,1.0796,76011,3.83,5.17,Kappa3,1.81,1,1.81,0,Coal Burn at Coalburn,Coal Burn,1.5,55.09348,-2.4815,369368,577778,EA-CL,CB
200,5.1,2.82,1.0918,76011,4.29,6.06,Kappa3,1.81,1,1.81,0,Coal Burn at Coalburn,Coal Burn,1.5,55.09348,-2.4815,369368,577778,EA-CL,CB
500,6.1,3.37,1.1102,76011,4.97,7.49,Kappa3,1.81,1,1.81,0,Coal Burn at Coalburn,Coal Burn,1.5,55.09348,-2.4815,369368,577778,EA-CL,CB
1000,6.97,3.85,1.1258,76011,5.53,8.79,Kappa3,1.81,1,1.81,0,Coal Burn at Coalburn,Coal Burn,1.5,55.09348,-2.4815,369368,577778,EA-CL,CB
2,89.2,1,1.0761,76014,77.26,102.99,Gumbel,89.2,1.0067,88.606,0.0056,Eden at Kirkby Stephen,Eden,69.4,54.48208,-2.35188,377299,509694,EA-CL,B VA
5,113,1.27,1.0773,76014,97.66,130.75,Gumbel,89.2,1.0067,88.606,0.0056,Eden at Kirkby Stephen,Eden,69.4,54.48208,-2.35188,377299,509694,EA-CL,B VA
10,130,1.45,1.0786,76014,112.08,150.78,Gumbel,89.2,1.0067,88.606,0.0056,Eden at Kirkby Stephen,Eden,69.4,54.48208,-2.35188,377299,509694,EA-CL,B VA
20,145,1.63,1.0803,76014,124.63,168.7,Gumbel,89.2,1.0067,88.606,0.0056,Eden at Kirkby Stephen,Eden,69.4,54.48208,-2.35188,377299,509694,EA-CL,B VA
30,154,1.73,1.0816,76014,132.05,179.59,Gumbel,89.2,1.0067,88.606,0.0056,Eden at Kirkby Stephen,Eden,69.4,54.48208,-2.35188,377299,509694,EA-CL,B VA
50,165,1.85,1.0836,76014,140.97,193.12,Gumbel,89.2,1.0067,88.606,0.0056,Eden at Kirkby Stephen,Eden,69.4,54.48208,-2.35188,377299,509694,EA-CL,B VA
75,174,1.95,1.0855,76014,148.15,204.35,Gumbel,89.2,1.0067,88.606,0.0056,Eden at Kirkby Stephen,Eden,69.4,54.48208,-2.35188,377299,509694,EA-CL,B VA
100,180,2.02,1.087,76014,152.85,211.97,Gumbel,89.2,1.0067,88.606,0.0056,Eden at Kirkby Stephen,Eden,69.4,54.48208,-2.35188,377299,509694,EA-CL,B VA
200,195,2.18,1.0913,76014,164.31,231.42,Gumbel,89.2,1.0067,88.606,0.0056,Eden at Kirkby Stephen,Eden,69.4,54.48208,-2.35188,377299,509694,EA-CL,B VA
500,215,2.4,1.0984,76014,178.87,258.42,Gumbel,89.2,1.0067,88.606,0.0056,Eden at Kirkby Stephen,Eden,69.4,54.48208,-2.35188,377299,509694,EA-CL,B VA
1000,229,2.57,1.1049,76014,188.33,278.45,Gumbel,89.2,1.0067,88.606,0.0056,Eden at Kirkby Stephen,Eden,69.4,54.48208,-2.35188,377299,509694,EA-CL,B VA
2,59.4,1,1.0341,76015,55.62,63.44,GenLog,59.4,1.0032,59.208,0.0029,Eamont at Pooley Bridge,Eamont,145,54.61705,-2.81863,347233,524963,EA-CL,CC
5,77.4,1.3,1.0371,76015,72.07,83.13,GenLog,59.4,1.0032,59.208,0.0029,Eamont at Pooley Bridge,Eamont,145,54.61705,-2.81863,347233,524963,EA-CL,CC
10,91.3,1.54,1.0422,76015,84.2,99,GenLog,59.4,1.0032,59.208,0.0029,Eamont at Pooley Bridge,Eamont,145,54.61705,-2.81863,347233,524963,EA-CL,CC
20,107,1.8,1.05,76015,97.24,117.74,GenLog,59.4,1.0032,59.208,0.0029,Eamont at Pooley Bridge,Eamont,145,54.61705,-2.81863,347233,524963,EA-CL,CC
30,117,1.97,1.0557,76015,105.21,130.11,GenLog,59.4,1.0032,59.208,0.0029,Eamont at Pooley Bridge,Eamont,145,54.61705,-2.81863,347233,524963,EA-CL,CC
50,132,2.21,1.064,76015,116.89,149.07,GenLog,59.4,1.0032,59.208,0.0029,Eamont at Pooley Bridge,Eamont,145,54.61705,-2.81863,347233,524963,EA-CL,CC
75,144,2.43,1.0715,76015,125.77,164.87,GenLog,59.4,1.0032,59.208,0.0029,Eamont at Pooley Bridge,Eamont,145,54.61705,-2.81863,347233,524963,EA-CL,CC
100,154,2.59,1.0772,76015,133.11,178.16,GenLog,59.4,1.0032,59.208,0.0029,Eamont at Pooley Bridge,Eamont,145,54.61705,-2.81863,347233,524963,EA-CL,CC
200,181,3.05,1.0923,76015,152.24,215.19,GenLog,59.4,1.0032,59.208,0.0029,Eamont at Pooley Bridge,Eamont,145,54.61705,-2.81863,347233,524963,EA-CL,CC
500,224,3.78,1.1147,76015,181.06,277.13,GenLog,59.4,1.0032,59.208,0.0029,Eamont at Pooley Bridge,Eamont,145,54.61705,-2.81863,347233,524963,EA-CL,CC
1000,265,4.46,1.1333,76015,207.36,338.66,GenLog,59.4,1.0032,59.208,0.0029,Eamont at Pooley Bridge,Eamont,145,54.61705,-2.81863,347233,524963,EA-CL,CC
2,494,1,1.1087,76017,403.54,604.73,GEV,494,1.0142,487.092,0.009,Eden at Great Corby,Eden,1373,54.88995,-2.83051,346825,555339,EA-CL,CC
5,648,1.31,1.1097,76017,528.41,794.65,GEV,494,1.0142,487.092,0.009,Eden at Great Corby,Eden,1373,54.88995,-2.83051,346825,555339,EA-CL,CC
10,761,1.54,1.1112,76017,618.92,935.7,GEV,494,1.0142,487.092,0.009,Eden at Great Corby,Eden,1373,54.88995,-2.83051,346825,555339,EA-CL,CC
20,877,1.78,1.1137,76017,710.12,1083.09,GEV,494,1.0142,487.092,0.009,Eden at Great Corby,Eden,1373,54.88995,-2.83051,346825,555339,EA-CL,CC
30,948,1.92,1.1157,76017,764.92,1174.9,GEV,494,1.0142,487.092,0.009,Eden at Great Corby,Eden,1373,54.88995,-2.83051,346825,555339,EA-CL,CC
50,1040,2.11,1.1187,76017,834.75,1295.72,GEV,494,1.0142,487.092,0.009,Eden at Great Corby,Eden,1373,54.88995,-2.83051,346825,555339,EA-CL,CC
75,1120,2.26,1.1217,76017,894.25,1402.74,GEV,494,1.0142,487.092,0.009,Eden at Great Corby,Eden,1373,54.88995,-2.83051,346825,555339,EA-CL,CC
100,1170,2.38,1.1242,76017,930.11,1471.77,GEV,494,1.0142,487.092,0.009,Eden at Great Corby,Eden,1373,54.88995,-2.83051,346825,555339,EA-CL,CC
200,1320,2.67,1.131,76017,1037.02,1680.2,GEV,494,1.0142,487.092,0.009,Eden at Great Corby,Eden,1373,54.88995,-2.83051,346825,555339,EA-CL,CC
500,1520,3.08,1.1424,76017,1170.9,1973.18,GEV,494,1.0142,487.092,0.009,Eden at Great Corby,Eden,1373,54.88995,-2.83051,346825,555339,EA-CL,CC
1000,1690,3.42,1.1527,76017,1279.15,2232.8,GEV,494,1.0142,487.092,0.009,Eden at Great Corby,Eden,1373,54.88995,-2.83051,346825,555339,EA-CL,CC
2,42.9,1,1.0968,76019,35.79,51.42,GEV,42.9,1.0089,42.52,0.0062,Roe Beck at Stockdalewath,Roe Beck,62.99,54.79631,-2.95407,338758,545020,EA-CL,MIS
5,60.4,1.41,1.0987,76019,50.22,72.64,GEV,42.9,1.0089,42.52,0.0062,Roe Beck at Stockdalewath,Roe Beck,62.99,54.79631,-2.95407,338758,545020,EA-CL,MIS
10,73.9,1.72,1.1014,76019,61.16,89.3,GEV,42.9,1.0089,42.52,0.0062,Roe Beck at Stockdalewath,Roe Beck,62.99,54.79631,-2.95407,338758,545020,EA-CL,MIS
20,88.6,2.06,1.1053,76019,72.81,107.81,GEV,42.9,1.0089,42.52,0.0062,Roe Beck at Stockdalewath,Roe Beck,62.99,54.79631,-2.95407,338758,545020,EA-CL,MIS
30,97.8,2.28,1.1083,76019,79.95,119.64,GEV,42.9,1.0089,42.52,0.0062,Roe Beck at Stockdalewath,Roe Beck,62.99,54.79631,-2.95407,338758,545020,EA-CL,MIS
50,110,2.57,1.1129,76019,89.19,135.66,GEV,42.9,1.0089,42.52,0.0062,Roe Beck at Stockdalewath,Roe Beck,62.99,54.79631,-2.95407,338758,545020,EA-CL,MIS
75,121,2.82,1.1172,76019,97.38,150.36,GEV,42.9,1.0089,42.52,0.0062,Roe Beck at Stockdalewath,Roe Beck,62.99,54.79631,-2.95407,338758,545020,EA-CL,MIS
100,129,3.01,1.1205,76019,103.21,161.23,GEV,42.9,1.0089,42.52,0.0062,Roe Beck at Stockdalewath,Roe Beck,62.99,54.79631,-2.95407,338758,545020,EA-CL,MIS
200,150,3.5,1.1298,76019,118.09,190.53,GEV,42.9,1.0089,42.52,0.0062,Roe Beck at Stockdalewath,Roe Beck,62.99,54.79631,-2.95407,338758,545020,EA-CL,MIS
500,182,4.23,1.1444,76019,139.72,237.07,GEV,42.9,1.0089,42.52,0.0062,Roe Beck at Stockdalewath,Roe Beck,62.99,54.79631,-2.95407,338758,545020,EA-CL,MIS
1000,209,4.87,1.1571,76019,157.01,278.2,GEV,42.9,1.0089,42.52,0.0062,Roe Beck at Stockdalewath,Roe Beck,62.99,54.79631,-2.95407,338758,545020,EA-CL,MIS
2,184,1,1.1224,76021,146.73,230.73,GEV,184,1.0052,183.05,0.0039,Eden at Great Musgrave Bridge,Eden,223.1,54.51273,-2.3647,376486,513108,EA-CL,FVVA
5,241,1.31,1.1221,76021,192.29,302.05,GEV,184,1.0052,183.05,0.0039,Eden at Great Musgrave Bridge,Eden,223.1,54.51273,-2.3647,376486,513108,EA-CL,FVVA
10,281,1.53,1.1228,76021,223.93,352.61,GEV,184,1.0052,183.05,0.0039,Eden at Great Musgrave Bridge,Eden,223.1,54.51273,-2.3647,376486,513108,EA-CL,FVVA
20,321,1.74,1.1245,76021,255.05,404,GEV,184,1.0052,183.05,0.0039,Eden at Great Musgrave Bridge,Eden,223.1,54.51273,-2.3647,376486,513108,EA-CL,FVVA
30,344,1.87,1.1261,76021,272.56,434.16,GEV,184,1.0052,183.05,0.0039,Eden at Great Musgrave Bridge,Eden,223.1,54.51273,-2.3647,376486,513108,EA-CL,FVVA
50,375,2.04,1.1286,76021,295.84,475.35,GEV,184,1.0052,183.05,0.0039,Eden at Great Musgrave Bridge,Eden,223.1,54.51273,-2.3647,376486,513108,EA-CL,FVVA
75,399,2.17,1.1311,76021,313.41,507.97,GEV,184,1.0052,183.05,0.0039,Eden at Great Musgrave Bridge,Eden,223.1,54.51273,-2.3647,376486,513108,EA-CL,FVVA
100,417,2.27,1.1332,76021,326.36,532.82,GEV,184,1.0052,183.05,0.0039,Eden at Great Musgrave Bridge,Eden,223.1,54.51273,-2.3647,376486,513108,EA-CL,FVVA
200,461,2.51,1.1392,76021,357.08,595.16,GEV,184,1.0052,183.05,0.0039,Eden at Great Musgrave Bridge,Eden,223.1,54.51273,-2.3647,376486,513108,EA-CL,FVVA
500,522,2.84,1.1496,76021,397.19,686.03,GEV,184,1.0052,183.05,0.0039,Eden at Great Musgrave Bridge,Eden,223.1,54.51273,-2.3647,376486,513108,EA-CL,FVVA
1000,570,3.1,1.1591,76021,426.77,761.29,GEV,184,1.0052,183.05,0.0039,Eden at Great Musgrave Bridge,Eden,223.1,54.51273,-2.3647,376486,513108,EA-CL,FVVA
2,159,1,1.0866,76022,135.11,187.11,GEV,159,1.0091,157.569,0.0068,Caldew at Cummersdale,Caldew,244,54.86572,-2.94432,339489,552735,EA-CL,MIS
5,198,1.24,1.0866,76022,168.26,233,GEV,159,1.0091,157.569,0.0068,Caldew at Cummersdale,Caldew,244,54.86572,-2.94432,339489,552735,EA-CL,MIS
10,223,1.4,1.0873,76022,189.26,262.75,GEV,159,1.0091,157.569,0.0068,Caldew at Cummersdale,Caldew,244,54.86572,-2.94432,339489,552735,EA-CL,MIS
20,248,1.56,1.0888,76022,209.91,293,GEV,159,1.0091,157.569,0.0068,Caldew at Cummersdale,Caldew,244,54.86572,-2.94432,339489,552735,EA-CL,MIS
30,263,1.65,1.0901,76022,222.09,311.45,GEV,159,1.0091,157.569,0.0068,Caldew at Cummersdale,Caldew,244,54.86572,-2.94432,339489,552735,EA-CL,MIS
50,281,1.76,1.0923,76022,236.35,334.08,GEV,159,1.0091,157.569,0.0068,Caldew at Cummersdale,Caldew,244,54.86572,-2.94432,339489,552735,EA-CL,MIS
75,295,1.85,1.0945,76022,247.15,352.12,GEV,159,1.0091,157.569,0.0068,Caldew at Cummersdale,Caldew,244,54.86572,-2.94432,339489,552735,EA-CL,MIS
100,305,1.92,1.0964,76022,254.66,365.29,GEV,159,1.0091,157.569,0.0068,Caldew at Cummersdale,Caldew,244,54.86572,-2.94432,339489,552735,EA-CL,MIS
200,329,2.07,1.1019,76022,272.02,397.92,GEV,159,1.0091,157.569,0.0068,Caldew at Cummersdale,Caldew,244,54.86572,-2.94432,339489,552735,EA-CL,MIS
500,362,2.28,1.1113,76022,294.36,445.18,GEV,159,1.0091,157.569,0.0068,Caldew at Cummersdale,Caldew,244,54.86572,-2.94432,339489,552735,EA-CL,MIS
1000,386,2.43,1.1201,76022,309.06,482.09,GEV,159,1.0091,157.569,0.0068,Caldew at Cummersdale,Caldew,244,54.86572,-2.94432,339489,552735,EA-CL,MIS
2,35.6,1,1.0552,76023,32.04,39.55,Kappa3,35.6,1.0041,35.454,0.0031,Dacre Beck at Dacre Bridge,Dacre Beck,36,54.62881,-2.83785,346007,526287,EA-CL,VA
5,46.2,1.3,1.0585,76023,41.33,51.65,Kappa3,35.6,1.0041,35.454,0.0031,Dacre Beck at Dacre Bridge,Dacre Beck,36,54.62881,-2.83785,346007,526287,EA-CL,VA
10,53.8,1.51,1.0622,76023,47.8,60.55,Kappa3,35.6,1.0041,35.454,0.0031,Dacre Beck at Dacre Bridge,Dacre Beck,36,54.62881,-2.83785,346007,526287,EA-CL,VA
20,61.7,1.73,1.0671,76023,54.33,70.08,Kappa3,35.6,1.0041,35.454,0.0031,Dacre Beck at Dacre Bridge,Dacre Beck,36,54.62881,-2.83785,346007,526287,EA-CL,VA
30,66.6,1.87,1.0707,76023,58.25,76.14,Kappa3,35.6,1.0041,35.454,0.0031,Dacre Beck at Dacre Bridge,Dacre Beck,36,54.62881,-2.83785,346007,526287,EA-CL,VA
50,73,2.05,1.0758,76023,63.26,84.24,Kappa3,35.6,1.0041,35.454,0.0031,Dacre Beck at Dacre Bridge,Dacre Beck,36,54.62881,-2.83785,346007,526287,EA-CL,VA
75,78.4,2.2,1.0805,76023,67.36,91.25,Kappa3,35.6,1.0041,35.454,0.0031,Dacre Beck at Dacre Bridge,Dacre Beck,36,54.62881,-2.83785,346007,526287,EA-CL,VA
100,82.4,2.31,1.0842,76023,70.33,96.55,Kappa3,35.6,1.0041,35.454,0.0031,Dacre Beck at Dacre Bridge,Dacre Beck,36,54.62881,-2.83785,346007,526287,EA-CL,VA
200,92.6,2.6,1.094,76023,77.65,110.43,Kappa3,35.6,1.0041,35.454,0.0031,Dacre Beck at Dacre Bridge,Dacre Beck,36,54.62881,-2.83785,346007,526287,EA-CL,VA
500,108,3.02,1.109,76023,88.18,132.28,Kappa3,35.6,1.0041,35.454,0.0031,Dacre Beck at Dacre Bridge,Dacre Beck,36,54.62881,-2.83785,346007,526287,EA-CL,VA
1000,120,3.37,1.1218,76023,95.8,150.32,Kappa3,35.6,1.0041,35.454,0.0031,Dacre Beck at Dacre Bridge,Dacre Beck,36,54.62881,-2.83785,346007,526287,EA-CL,VA
2,313,1,1.0341,78003,293.09,334.26,GEV,313,1.012,309.293,0.0081,Annan at Brydekirk,Annan,925,55.02165,-3.26773,319047,570414,SEPA-SW,VA
5,414,1.32,1.0366,78003,385.84,444.22,GEV,313,1.012,309.293,0.0081,Annan at Brydekirk,Annan,925,55.02165,-3.26773,319047,570414,SEPA-SW,VA
10,492,1.57,1.0415,78003,454.31,532.82,GEV,313,1.012,309.293,0.0081,Annan at Brydekirk,Annan,925,55.02165,-3.26773,319047,570414,SEPA-SW,VA
20,575,1.84,1.0488,78003,523.73,631.29,GEV,313,1.012,309.293,0.0081,Annan at Brydekirk,Annan,925,55.02165,-3.26773,319047,570414,SEPA-SW,VA
30,627,2,1.0542,78003,565.38,695.34,GEV,313,1.012,309.293,0.0081,Annan at Brydekirk,Annan,925,55.02165,-3.26773,319047,570414,SEPA-SW,VA
50,698,2.23,1.062,78003,620.37,785.34,GEV,313,1.012,309.293,0.0081,Annan at Brydekirk,Annan,925,55.02165,-3.26773,319047,570414,SEPA-SW,VA
75,758,2.42,1.069,78003,665.08,863.9,GEV,313,1.012,309.293,0.0081,Annan at Brydekirk,Annan,925,55.02165,-3.26773,319047,570414,SEPA-SW,VA
100,802,2.56,1.0744,78003,696.77,923.12,GEV,313,1.012,309.293,0.0081,Annan at Brydekirk,Annan,925,55.02165,-3.26773,319047,570414,SEPA-SW,VA
200,919,2.94,1.0886,78003,778.13,1085.37,GEV,313,1.012,309.293,0.0081,Annan at Brydekirk,Annan,925,55.02165,-3.26773,319047,570414,SEPA-SW,VA
500,1090,3.49,1.1096,78003,889,1336.45,GEV,313,1.012,309.293,0.0081,Annan at Brydekirk,Annan,925,55.02165,-3.26773,319047,570414,SEPA-SW,VA
1000,1240,3.97,1.1271,78003,980.79,1567.72,GEV,313,1.012,309.293,0.0081,Annan at Brydekirk,Annan,925,55.02165,-3.26773,319047,570414,SEPA-SW,VA
2,149,1,1.0481,79004,135.89,163.37,Gumbel,149,1.001,148.845,8e-4,Scar Water at Capenoch,Scar Water,142,55.22737,-3.81704,284526,594078,SEPA-SW,VA
5,194,1.3,1.0488,79004,176.7,212.99,Gumbel,149,1.001,148.845,8e-4,Scar Water at Capenoch,Scar Water,142,55.22737,-3.81704,284526,594078,SEPA-SW,VA
10,223,1.5,1.0505,79004,202.47,245.61,Gumbel,149,1.001,148.845,8e-4,Scar Water at Capenoch,Scar Water,142,55.22737,-3.81704,284526,594078,SEPA-SW,VA
20,252,1.69,1.0534,79004,227.57,279.05,Gumbel,149,1.001,148.845,8e-4,Scar Water at Capenoch,Scar Water,142,55.22737,-3.81704,284526,594078,SEPA-SW,VA
30,268,1.8,1.0556,79004,241.03,297.98,Gumbel,149,1.001,148.845,8e-4,Scar Water at Capenoch,Scar Water,142,55.22737,-3.81704,284526,594078,SEPA-SW,VA
50,288,1.94,1.0591,79004,257.35,322.31,Gumbel,149,1.001,148.845,8e-4,Scar Water at Capenoch,Scar Water,142,55.22737,-3.81704,284526,594078,SEPA-SW,VA
75,305,2.04,1.0623,79004,270.93,343.36,Gumbel,149,1.001,148.845,8e-4,Scar Water at Capenoch,Scar Water,142,55.22737,-3.81704,284526,594078,SEPA-SW,VA
100,316,2.12,1.0649,79004,279.36,357.45,Gumbel,149,1.001,148.845,8e-4,Scar Water at Capenoch,Scar Water,142,55.22737,-3.81704,284526,594078,SEPA-SW,VA
200,343,2.3,1.0721,79004,299.25,393.15,Gumbel,149,1.001,148.845,8e-4,Scar Water at Capenoch,Scar Water,142,55.22737,-3.81704,284526,594078,SEPA-SW,VA
500,380,2.55,1.0835,79004,324.73,444.68,Gumbel,149,1.001,148.845,8e-4,Scar Water at Capenoch,Scar Water,142,55.22737,-3.81704,284526,594078,SEPA-SW,VA
1000,407,2.73,1.0933,79004,341.72,484.76,Gumbel,149,1.001,148.845,8e-4,Scar Water at Capenoch,Scar Water,142,55.22737,-3.81704,284526,594078,SEPA-SW,VA
2,108,1,1.0522,79005,97.75,119.33,GEV,108,1.0036,107.615,0.0024,Cluden Water at Fiddlers Ford,Cluden Water,238,55.0985,-3.68057,292860,579521,SEPA-SW,VA
5,142,1.32,1.0535,79005,128.21,157.27,GEV,108,1.0036,107.615,0.0024,Cluden Water at Fiddlers Ford,Cluden Water,238,55.0985,-3.68057,292860,579521,SEPA-SW,VA
10,166,1.54,1.0557,79005,149.27,184.61,GEV,108,1.0036,107.615,0.0024,Cluden Water at Fiddlers Ford,Cluden Water,238,55.0985,-3.68057,292860,579521,SEPA-SW,VA
20,191,1.77,1.0594,79005,170.58,213.87,GEV,108,1.0036,107.615,0.0024,Cluden Water at Fiddlers Ford,Cluden Water,238,55.0985,-3.68057,292860,579521,SEPA-SW,VA
30,206,1.91,1.0624,79005,182.95,231.95,GEV,108,1.0036,107.615,0.0024,Cluden Water at Fiddlers Ford,Cluden Water,238,55.0985,-3.68057,292860,579521,SEPA-SW,VA
50,225,2.08,1.0669,79005,198.18,255.45,GEV,108,1.0036,107.615,0.0024,Cluden Water at Fiddlers Ford,Cluden Water,238,55.0985,-3.68057,292860,579521,SEPA-SW,VA
75,241,2.23,1.0712,79005,210.61,275.78,GEV,108,1.0036,107.615,0.0024,Cluden Water at Fiddlers Ford,Cluden Water,238,55.0985,-3.68057,292860,579521,SEPA-SW,VA
100,252,2.34,1.0746,79005,218.86,290.16,GEV,108,1.0036,107.615,0.0024,Cluden Water at Fiddlers Ford,Cluden Water,238,55.0985,-3.68057,292860,579521,SEPA-SW,VA
200,281,2.6,1.084,79005,239.91,329.13,GEV,108,1.0036,107.615,0.0024,Cluden Water at Fiddlers Ford,Cluden Water,238,55.0985,-3.68057,292860,579521,SEPA-SW,VA
500,321,2.97,1.0987,79005,266.92,386.04,GEV,108,1.0036,107.615,0.0024,Cluden Water at Fiddlers Ford,Cluden Water,238,55.0985,-3.68057,292860,579521,SEPA-SW,VA
1000,353,3.27,1.1115,79005,286.94,434.27,GEV,108,1.0036,107.615,0.0024,Cluden Water at Fiddlers Ford,Cluden Water,238,55.0985,-3.68057,292860,579521,SEPA-SW,VA
2,361,1,1.041,79006,333.66,390.58,Gumbel,361,1.0042,359.5,0.0036,Nith at Drumlanrig,Nith,471,55.27462,-3.79952,285776,599307,SEPA-SW,VA
5,456,1.26,1.0414,79006,421.15,493.74,Gumbel,361,1.0042,359.5,0.0036,Nith at Drumlanrig,Nith,471,55.27462,-3.79952,285776,599307,SEPA-SW,VA
10,518,1.44,1.0432,79006,476.79,562.77,Gumbel,361,1.0042,359.5,0.0036,Nith at Drumlanrig,Nith,471,55.27462,-3.79952,285776,599307,SEPA-SW,VA
20,578,1.6,1.0466,79006,528.64,631.97,Gumbel,361,1.0042,359.5,0.0036,Nith at Drumlanrig,Nith,471,55.27462,-3.79952,285776,599307,SEPA-SW,VA
30,613,1.7,1.0494,79006,557.72,673.76,Gumbel,361,1.0042,359.5,0.0036,Nith at Drumlanrig,Nith,471,55.27462,-3.79952,285776,599307,SEPA-SW,VA
50,656,1.82,1.0538,79006,591.97,726.96,Gumbel,361,1.0042,359.5,0.0036,Nith at Drumlanrig,Nith,471,55.27462,-3.79952,285776,599307,SEPA-SW,VA
75,690,1.91,1.0579,79006,617.93,770.48,Gumbel,361,1.0042,359.5,0.0036,Nith at Drumlanrig,Nith,471,55.27462,-3.79952,285776,599307,SEPA-SW,VA
100,714,1.98,1.0612,79006,635.53,802.16,Gumbel,361,1.0042,359.5,0.0036,Nith at Drumlanrig,Nith,471,55.27462,-3.79952,285776,599307,SEPA-SW,VA
200,772,2.14,1.0702,79006,675.87,881.8,Gumbel,361,1.0042,359.5,0.0036,Nith at Drumlanrig,Nith,471,55.27462,-3.79952,285776,599307,SEPA-SW,VA
500,849,2.35,1.0843,79006,724.46,994.95,Gumbel,361,1.0042,359.5,0.0036,Nith at Drumlanrig,Nith,471,55.27462,-3.79952,285776,599307,SEPA-SW,VA
1000,906,2.51,1.0965,79006,756.33,1085.29,Gumbel,361,1.0042,359.5,0.0036,Nith at Drumlanrig,Nith,471,55.27462,-3.79952,285776,599307,SEPA-SW,VA
2,209,1,1.0474,81002,190.86,228.86,GEV,209,1.002,208.573,0.0019,Cree at Newton Stewart,Cree,368,54.95726,-4.48053,241266,565330,SEPA-SW,VA
5,266,1.27,1.0491,81002,242.15,292.2,GEV,209,1.002,208.573,0.0019,Cree at Newton Stewart,Cree,368,54.95726,-4.48053,241266,565330,SEPA-SW,VA
10,304,1.46,1.0517,81002,275.4,335.57,GEV,209,1.002,208.573,0.0019,Cree at Newton Stewart,Cree,368,54.95726,-4.48053,241266,565330,SEPA-SW,VA
20,342,1.64,1.0557,81002,307.53,380.33,GEV,209,1.002,208.573,0.0019,Cree at Newton Stewart,Cree,368,54.95726,-4.48053,241266,565330,SEPA-SW,VA
30,364,1.74,1.0587,81002,325.5,407.06,GEV,209,1.002,208.573,0.0019,Cree at Newton Stewart,Cree,368,54.95726,-4.48053,241266,565330,SEPA-SW,VA
50,392,1.88,1.0633,81002,347.57,442.11,GEV,209,1.002,208.573,0.0019,Cree at Newton Stewart,Cree,368,54.95726,-4.48053,241266,565330,SEPA-SW,VA
75,414,1.98,1.0675,81002,364.25,470.55,GEV,209,1.002,208.573,0.0019,Cree at Newton Stewart,Cree,368,54.95726,-4.48053,241266,565330,SEPA-SW,VA
100,430,2.06,1.0709,81002,375.98,491.79,GEV,209,1.002,208.573,0.0019,Cree at Newton Stewart,Cree,368,54.95726,-4.48053,241266,565330,SEPA-SW,VA
200,469,2.24,1.0801,81002,403.26,545.46,GEV,209,1.002,208.573,0.0019,Cree at Newton Stewart,Cree,368,54.95726,-4.48053,241266,565330,SEPA-SW,VA
500,521,2.49,1.0944,81002,436.57,621.76,GEV,209,1.002,208.573,0.0019,Cree at Newton Stewart,Cree,368,54.95726,-4.48053,241266,565330,SEPA-SW,VA
1000,562,2.69,1.1067,81002,460.72,685.54,GEV,209,1.002,208.573,0.0019,Cree at Newton Stewart,Cree,368,54.95726,-4.48053,241266,565330,SEPA-SW,VA
2,135,1,1.0333,81003,126.6,143.95,GEV,135,1.0002,134.972,2e-4,Luce at Airyhemming,Luce,171,54.90074,-4.83972,218017,559917,SEPA-SW,VA
5,172,1.28,1.0343,81003,161,183.75,GEV,135,1.0002,134.972,2e-4,Luce at Airyhemming,Luce,171,54.90074,-4.83972,218017,559917,SEPA-SW,VA
10,198,1.46,1.0367,81003,184.5,212.49,GEV,135,1.0002,134.972,2e-4,Luce at Airyhemming,Luce,171,54.90074,-4.83972,218017,559917,SEPA-SW,VA
20,222,1.65,1.0407,81003,205.3,240.06,GEV,135,1.0002,134.972,2e-4,Luce at Airyhemming,Luce,171,54.90074,-4.83972,218017,559917,SEPA-SW,VA
30,236,1.75,1.0438,81003,216.98,256.69,GEV,135,1.0002,134.972,2e-4,Luce at Airyhemming,Luce,171,54.90074,-4.83972,218017,559917,SEPA-SW,VA
50,255,1.89,1.0486,81003,232.35,279.86,GEV,135,1.0002,134.972,2e-4,Luce at Airyhemming,Luce,171,54.90074,-4.83972,218017,559917,SEPA-SW,VA
75,269,1.99,1.053,81003,243.1,297.65,GEV,135,1.0002,134.972,2e-4,Luce at Airyhemming,Luce,171,54.90074,-4.83972,218017,559917,SEPA-SW,VA
100,279,2.07,1.0565,81003,250.51,310.73,GEV,135,1.0002,134.972,2e-4,Luce at Airyhemming,Luce,171,54.90074,-4.83972,218017,559917,SEPA-SW,VA
200,304,2.25,1.0658,81003,268.31,344.44,GEV,135,1.0002,134.972,2e-4,Luce at Airyhemming,Luce,171,54.90074,-4.83972,218017,559917,SEPA-SW,VA
500,338,2.5,1.0802,81003,290.57,393.17,GEV,135,1.0002,134.972,2e-4,Luce at Airyhemming,Luce,171,54.90074,-4.83972,218017,559917,SEPA-SW,VA
1000,363,2.69,1.0924,81003,305.27,431.65,GEV,135,1.0002,134.972,2e-4,Luce at Airyhemming,Luce,171,54.90074,-4.83972,218017,559917,SEPA-SW,VA
2,68.6,1,1.0529,83002,62.01,75.89,Kappa3,68.6,1.036,66.215,0.0312,Garnock at Dalry,Garnock,88.8,55.70198,-4.71679,229375,648738,SEPA-SW,VA
5,86.6,1.26,1.0553,83002,77.93,96.24,Kappa3,68.6,1.036,66.215,0.0312,Garnock at Dalry,Garnock,88.8,55.70198,-4.71679,229375,648738,SEPA-SW,VA
10,99,1.44,1.0583,83002,88.59,110.63,Kappa3,68.6,1.036,66.215,0.0312,Garnock at Dalry,Garnock,88.8,55.70198,-4.71679,229375,648738,SEPA-SW,VA
20,112,1.63,1.0626,83002,99.43,126.15,Kappa3,68.6,1.036,66.215,0.0312,Garnock at Dalry,Garnock,88.8,55.70198,-4.71679,229375,648738,SEPA-SW,VA
30,119,1.74,1.0658,83002,105.03,134.83,Kappa3,68.6,1.036,66.215,0.0312,Garnock at Dalry,Garnock,88.8,55.70198,-4.71679,229375,648738,SEPA-SW,VA
50,129,1.89,1.0705,83002,112.88,147.43,Kappa3,68.6,1.036,66.215,0.0312,Garnock at Dalry,Garnock,88.8,55.70198,-4.71679,229375,648738,SEPA-SW,VA
75,138,2.01,1.0749,83002,119.78,158.99,Kappa3,68.6,1.036,66.215,0.0312,Garnock at Dalry,Garnock,88.8,55.70198,-4.71679,229375,648738,SEPA-SW,VA
100,144,2.09,1.0783,83002,124.22,166.93,Kappa3,68.6,1.036,66.215,0.0312,Garnock at Dalry,Garnock,88.8,55.70198,-4.71679,229375,648738,SEPA-SW,VA
200,159,2.32,1.0875,83002,134.89,187.41,Kappa3,68.6,1.036,66.215,0.0312,Garnock at Dalry,Garnock,88.8,55.70198,-4.71679,229375,648738,SEPA-SW,VA
500,181,2.63,1.1018,83002,149.68,218.88,Kappa3,68.6,1.036,66.215,0.0312,Garnock at Dalry,Garnock,88.8,55.70198,-4.71679,229375,648738,SEPA-SW,VA
1000,198,2.89,1.114,83002,160.24,244.66,Kappa3,68.6,1.036,66.215,0.0312,Garnock at Dalry,Garnock,88.8,55.70198,-4.71679,229375,648738,SEPA-SW,VA
2,214,1,1.0449,83005,196.35,233.24,GEV,214,1.0446,204.866,0.0371,Irvine at Shewalton,Irvine,380.7,55.59709,-4.62779,234524,636853,SEPA-SW,VA
5,266,1.24,1.0454,83005,243.83,290.19,GEV,214,1.0446,204.866,0.0371,Irvine at Shewalton,Irvine,380.7,55.59709,-4.62779,234524,636853,SEPA-SW,VA
10,300,1.4,1.0466,83005,274.38,328.01,GEV,214,1.0446,204.866,0.0371,Irvine at Shewalton,Irvine,380.7,55.59709,-4.62779,234524,636853,SEPA-SW,VA
20,331,1.55,1.049,83005,301.38,363.54,GEV,214,1.0446,204.866,0.0371,Irvine at Shewalton,Irvine,380.7,55.59709,-4.62779,234524,636853,SEPA-SW,VA
30,349,1.63,1.0509,83005,316.64,384.67,GEV,214,1.0446,204.866,0.0371,Irvine at Shewalton,Irvine,380.7,55.59709,-4.62779,234524,636853,SEPA-SW,VA
50,372,1.74,1.0541,83005,335.5,412.47,GEV,214,1.0446,204.866,0.0371,Irvine at Shewalton,Irvine,380.7,55.59709,-4.62779,234524,636853,SEPA-SW,VA
75,389,1.82,1.0571,83005,348.88,433.73,GEV,214,1.0446,204.866,0.0371,Irvine at Shewalton,Irvine,380.7,55.59709,-4.62779,234524,636853,SEPA-SW,VA
100,402,1.88,1.0596,83005,358.88,450.3,GEV,214,1.0446,204.866,0.0371,Irvine at Shewalton,Irvine,380.7,55.59709,-4.62779,234524,636853,SEPA-SW,VA
200,431,2.01,1.0665,83005,379.9,488.97,GEV,214,1.0446,204.866,0.0371,Irvine at Shewalton,Irvine,380.7,55.59709,-4.62779,234524,636853,SEPA-SW,VA
500,468,2.19,1.0778,83005,404.08,542.03,GEV,214,1.0446,204.866,0.0371,Irvine at Shewalton,Irvine,380.7,55.59709,-4.62779,234524,636853,SEPA-SW,VA
1000,496,2.32,1.0878,83005,420.58,584.95,GEV,214,1.0446,204.866,0.0371,Irvine at Shewalton,Irvine,380.7,55.59709,-4.62779,234524,636853,SEPA-SW,VA
2,257,1,1.0709,83006,224.71,293.93,GEV,257,1.0121,253.923,0.0107,Ayr at Mainholm,Ayr,574,55.46104,-4.59255,236179,621634,SEPA-SW,VA
5,328,1.28,1.0725,83006,285.95,376.23,GEV,257,1.0121,253.923,0.0107,Ayr at Mainholm,Ayr,574,55.46104,-4.59255,236179,621634,SEPA-SW,VA
10,375,1.46,1.0746,83006,325.68,431.79,GEV,257,1.0121,253.923,0.0107,Ayr at Mainholm,Ayr,574,55.46104,-4.59255,236179,621634,SEPA-SW,VA
20,421,1.64,1.0777,83006,363.57,487.5,GEV,257,1.0121,253.923,0.0107,Ayr at Mainholm,Ayr,574,55.46104,-4.59255,236179,621634,SEPA-SW,VA
30,447,1.74,1.0799,83006,384.48,519.68,GEV,257,1.0121,253.923,0.0107,Ayr at Mainholm,Ayr,574,55.46104,-4.59255,236179,621634,SEPA-SW,VA
50,479,1.86,1.0834,83006,409.4,560.43,GEV,257,1.0121,253.923,0.0107,Ayr at Mainholm,Ayr,574,55.46104,-4.59255,236179,621634,SEPA-SW,VA
75,505,1.96,1.0866,83006,429.14,594.28,GEV,257,1.0121,253.923,0.0107,Ayr at Mainholm,Ayr,574,55.46104,-4.59255,236179,621634,SEPA-SW,VA
100,523,2.03,1.0892,83006,442.35,618.35,GEV,257,1.0121,253.923,0.0107,Ayr at Mainholm,Ayr,574,55.46104,-4.59255,236179,621634,SEPA-SW,VA
200,566,2.2,1.0963,83006,472.67,677.76,GEV,257,1.0121,253.923,0.0107,Ayr at Mainholm,Ayr,574,55.46104,-4.59255,236179,621634,SEPA-SW,VA
500,623,2.43,1.1076,83006,509.91,761.16,GEV,257,1.0121,253.923,0.0107,Ayr at Mainholm,Ayr,574,55.46104,-4.59255,236179,621634,SEPA-SW,VA
1000,667,2.59,1.1175,83006,536.49,829.26,GEV,257,1.0121,253.923,0.0107,Ayr at Mainholm,Ayr,574,55.46104,-4.59255,236179,621634,SEPA-SW,VA
2,54.1,1,1.0544,83010,48.76,60.02,Kappa3,54.1,1.0165,53.222,0.0121,Irvine at Newmilns,Irvine,72.8,55.60611,-4.33103,253252,637188,SEPA-SW,FV
5,68.8,1.27,1.0546,83010,61.99,76.36,Kappa3,54.1,1.0165,53.222,0.0121,Irvine at Newmilns,Irvine,72.8,55.60611,-4.33103,253252,637188,SEPA-SW,FV
10,78.9,1.46,1.056,83010,70.91,87.79,Kappa3,54.1,1.0165,53.222,0.0121,Irvine at Newmilns,Irvine,72.8,55.60611,-4.33103,253252,637188,SEPA-SW,FV
20,89.2,1.65,1.0585,83010,79.79,99.71,Kappa3,54.1,1.0165,53.222,0.0121,Irvine at Newmilns,Irvine,72.8,55.60611,-4.33103,253252,637188,SEPA-SW,FV
30,95.4,1.76,1.0605,83010,85.03,107.04,Kappa3,54.1,1.0165,53.222,0.0121,Irvine at Newmilns,Irvine,72.8,55.60611,-4.33103,253252,637188,SEPA-SW,FV
50,104,1.91,1.0637,83010,92.14,117.38,Kappa3,54.1,1.0165,53.222,0.0121,Irvine at Newmilns,Irvine,72.8,55.60611,-4.33103,253252,637188,SEPA-SW,FV
75,110,2.04,1.0667,83010,96.92,124.84,Kappa3,54.1,1.0165,53.222,0.0121,Irvine at Newmilns,Irvine,72.8,55.60611,-4.33103,253252,637188,SEPA-SW,FV
100,115,2.13,1.0691,83010,100.88,131.09,Kappa3,54.1,1.0165,53.222,0.0121,Irvine at Newmilns,Irvine,72.8,55.60611,-4.33103,253252,637188,SEPA-SW,FV
200,127,2.35,1.0759,83010,110.03,146.58,Kappa3,54.1,1.0165,53.222,0.0121,Irvine at Newmilns,Irvine,72.8,55.60611,-4.33103,253252,637188,SEPA-SW,FV
500,145,2.68,1.0868,83010,123.17,170.7,Kappa3,54.1,1.0165,53.222,0.0121,Irvine at Newmilns,Irvine,72.8,55.60611,-4.33103,253252,637188,SEPA-SW,FV
1000,159,2.94,1.0963,83010,132.78,190.4,Kappa3,54.1,1.0165,53.222,0.0121,Irvine at Newmilns,Irvine,72.8,55.60611,-4.33103,253252,637188,SEPA-SW,FV
2,89.7,1,1.0774,83013,77.51,103.81,GEV,89.7,1.0273,87.312,0.0224,Irvine at Glenfield,Irvine,218,55.60118,-4.4935600000000004,242996,636996,SEPA-SW,B
5,113,1.26,1.0781,83013,97.51,130.95,GEV,89.7,1.0273,87.312,0.0224,Irvine at Glenfield,Irvine,218,55.60118,-4.4935600000000004,242996,636996,SEPA-SW,B
10,129,1.44,1.08,83013,110.94,150,GEV,89.7,1.0273,87.312,0.0224,Irvine at Glenfield,Irvine,218,55.60118,-4.4935600000000004,242996,636996,SEPA-SW,B
20,144,1.61,1.0831,83013,123.14,168.39,GEV,89.7,1.0273,87.312,0.0224,Irvine at Glenfield,Irvine,218,55.60118,-4.4935600000000004,242996,636996,SEPA-SW,B
30,153,1.7,1.0856,83013,130.25,179.72,GEV,89.7,1.0273,87.312,0.0224,Irvine at Glenfield,Irvine,218,55.60118,-4.4935600000000004,242996,636996,SEPA-SW,B
50,164,1.83,1.0894,83013,138.66,193.97,GEV,89.7,1.0273,87.312,0.0224,Irvine at Glenfield,Irvine,218,55.60118,-4.4935600000000004,242996,636996,SEPA-SW,B
75,173,1.93,1.093,83013,145.33,205.94,GEV,89.7,1.0273,87.312,0.0224,Irvine at Glenfield,Irvine,218,55.60118,-4.4935600000000004,242996,636996,SEPA-SW,B
100,179,2,1.0959,83013,149.59,214.19,GEV,89.7,1.0273,87.312,0.0224,Irvine at Glenfield,Irvine,218,55.60118,-4.4935600000000004,242996,636996,SEPA-SW,B
200,195,2.17,1.104,83013,160.63,236.73,GEV,89.7,1.0273,87.312,0.0224,Irvine at Glenfield,Irvine,218,55.60118,-4.4935600000000004,242996,636996,SEPA-SW,B
500,215,2.4,1.1169,83013,173.11,267.02,GEV,89.7,1.0273,87.312,0.0224,Irvine at Glenfield,Irvine,218,55.60118,-4.4935600000000004,242996,636996,SEPA-SW,B
1000,231,2.58,1.1283,83013,182.33,292.66,GEV,89.7,1.0273,87.312,0.0224,Irvine at Glenfield,Irvine,218,55.60118,-4.4935600000000004,242996,636996,SEPA-SW,B
2,80.9,1,1.0237,84001,77.27,84.7,Kappa3,80.9,1.1226,72.067,0.0913,Kelvin at Killermont,Kelvin,335.1,55.90624,-4.30762,255839,670532,SEPA-SW,VA
5,96.4,1.19,1.0248,84001,91.88,101.14,Kappa3,80.9,1.1226,72.067,0.0913,Kelvin at Killermont,Kelvin,335.1,55.90624,-4.30762,255839,670532,SEPA-SW,VA
10,107,1.33,1.0272,84001,101.52,112.78,Kappa3,80.9,1.1226,72.067,0.0913,Kelvin at Killermont,Kelvin,335.1,55.90624,-4.30762,255839,670532,SEPA-SW,VA
20,119,1.47,1.0315,84001,111.98,126.46,Kappa3,80.9,1.1226,72.067,0.0913,Kelvin at Killermont,Kelvin,335.1,55.90624,-4.30762,255839,670532,SEPA-SW,VA
30,126,1.55,1.0349,84001,117.81,134.76,Kappa3,80.9,1.1226,72.067,0.0913,Kelvin at Killermont,Kelvin,335.1,55.90624,-4.30762,255839,670532,SEPA-SW,VA
50,135,1.66,1.0401,84001,124.99,145.81,Kappa3,80.9,1.1226,72.067,0.0913,Kelvin at Killermont,Kelvin,335.1,55.90624,-4.30762,255839,670532,SEPA-SW,VA
75,142,1.76,1.0449,84001,130.29,154.77,Kappa3,80.9,1.1226,72.067,0.0913,Kelvin at Killermont,Kelvin,335.1,55.90624,-4.30762,255839,670532,SEPA-SW,VA
100,148,1.83,1.0486,84001,134.85,162.43,Kappa3,80.9,1.1226,72.067,0.0913,Kelvin at Killermont,Kelvin,335.1,55.90624,-4.30762,255839,670532,SEPA-SW,VA
200,162,2,1.0588,84001,144.84,181.2,Kappa3,80.9,1.1226,72.067,0.0913,Kelvin at Killermont,Kelvin,335.1,55.90624,-4.30762,255839,670532,SEPA-SW,VA
500,182,2.25,1.0745,84001,158.09,209.53,Kappa3,80.9,1.1226,72.067,0.0913,Kelvin at Killermont,Kelvin,335.1,55.90624,-4.30762,255839,670532,SEPA-SW,VA
1000,199,2.46,1.088,84001,168.68,234.77,Kappa3,80.9,1.1226,72.067,0.0913,Kelvin at Killermont,Kelvin,335.1,55.90624,-4.30762,255839,670532,SEPA-SW,VA
2,283,1,1.038,84003,263.05,304.46,Gumbel,283,1.0088,280.543,0.0067,Clyde at Hazelbank,Clyde,1092.9,55.68736,-3.85415,283531,645323,SEPA-SW,VA
5,374,1.32,1.0399,84003,346.39,403.81,Gumbel,283,1.0088,280.543,0.0067,Clyde at Hazelbank,Clyde,1092.9,55.68736,-3.85415,283531,645323,SEPA-SW,VA
10,435,1.54,1.0435,84003,400.17,472.86,Gumbel,283,1.0088,280.543,0.0067,Clyde at Hazelbank,Clyde,1092.9,55.68736,-3.85415,283531,645323,SEPA-SW,VA
20,493,1.74,1.0495,84003,448.46,541.97,Gumbel,283,1.0088,280.543,0.0067,Clyde at Hazelbank,Clyde,1092.9,55.68736,-3.85415,283531,645323,SEPA-SW,VA
30,527,1.86,1.0541,84003,475.29,584.33,Gumbel,283,1.0088,280.543,0.0067,Clyde at Hazelbank,Clyde,1092.9,55.68736,-3.85415,283531,645323,SEPA-SW,VA
50,568,2.01,1.061,84003,505.76,637.9,Gumbel,283,1.0088,280.543,0.0067,Clyde at Hazelbank,Clyde,1092.9,55.68736,-3.85415,283531,645323,SEPA-SW,VA
75,601,2.12,1.0673,84003,528.97,682.84,Gumbel,283,1.0088,280.543,0.0067,Clyde at Hazelbank,Clyde,1092.9,55.68736,-3.85415,283531,645323,SEPA-SW,VA
100,625,2.21,1.0721,84003,545.28,716.38,Gumbel,283,1.0088,280.543,0.0067,Clyde at Hazelbank,Clyde,1092.9,55.68736,-3.85415,283531,645323,SEPA-SW,VA
200,681,2.41,1.0851,84003,580.26,799.22,Gumbel,283,1.0088,280.543,0.0067,Clyde at Hazelbank,Clyde,1092.9,55.68736,-3.85415,283531,645323,SEPA-SW,VA
500,755,2.67,1.1048,84003,621.03,917.87,Gumbel,283,1.0088,280.543,0.0067,Clyde at Hazelbank,Clyde,1092.9,55.68736,-3.85415,283531,645323,SEPA-SW,VA
1000,811,2.87,1.1213,84003,647.99,1015.02,Gumbel,283,1.0088,280.543,0.0067,Clyde at Hazelbank,Clyde,1092.9,55.68736,-3.85415,283531,645323,SEPA-SW,VA
2,213,1,1.0571,84004,191.03,237.49,GEV,213,1.0057,211.791,0.0044,Clyde at Sills of Clyde,Clyde,741.8,55.66312,-3.70506,292837,642386,SEPA-SW,VA
5,283,1.33,1.0583,84004,253.25,316.24,GEV,213,1.0057,211.791,0.0044,Clyde at Sills of Clyde,Clyde,741.8,55.66312,-3.70506,292837,642386,SEPA-SW,VA
10,334,1.57,1.0611,84004,297.35,375.17,GEV,213,1.0057,211.791,0.0044,Clyde at Sills of Clyde,Clyde,741.8,55.66312,-3.70506,292837,642386,SEPA-SW,VA
20,387,1.81,1.0659,84004,341.5,438.57,GEV,213,1.0057,211.791,0.0044,Clyde at Sills of Clyde,Clyde,741.8,55.66312,-3.70506,292837,642386,SEPA-SW,VA
30,419,1.97,1.0698,84004,367.1,478.24,GEV,213,1.0057,211.791,0.0044,Clyde at Sills of Clyde,Clyde,741.8,55.66312,-3.70506,292837,642386,SEPA-SW,VA
50,461,2.16,1.0756,84004,399.64,531.79,GEV,213,1.0057,211.791,0.0044,Clyde at Sills of Clyde,Clyde,741.8,55.66312,-3.70506,292837,642386,SEPA-SW,VA
75,496,2.33,1.0811,84004,425.7,577.91,GEV,213,1.0057,211.791,0.0044,Clyde at Sills of Clyde,Clyde,741.8,55.66312,-3.70506,292837,642386,SEPA-SW,VA
100,521,2.45,1.0854,84004,443.69,611.78,GEV,213,1.0057,211.791,0.0044,Clyde at Sills of Clyde,Clyde,741.8,55.66312,-3.70506,292837,642386,SEPA-SW,VA
200,586,2.75,1.0972,84004,488.58,702.84,GEV,213,1.0057,211.791,0.0044,Clyde at Sills of Clyde,Clyde,741.8,55.66312,-3.70506,292837,642386,SEPA-SW,VA
500,678,3.18,1.1156,84004,547.16,840.13,GEV,213,1.0057,211.791,0.0044,Clyde at Sills of Clyde,Clyde,741.8,55.66312,-3.70506,292837,642386,SEPA-SW,VA
1000,754,3.54,1.1312,84004,592.15,960.08,GEV,213,1.0057,211.791,0.0044,Clyde at Sills of Clyde,Clyde,741.8,55.66312,-3.70506,292837,642386,SEPA-SW,VA
2,20.5,1,1.1028,84007,16.92,24.83,GEV,20.5,1.0911,18.789,0.0774,South Calder Water at Forgewood,South Calder Water,93,55.80424,-3.99364,275137,658572,SEPA-SW,CC
5,27.3,1.33,1.1041,84007,22.48,33.15,GEV,20.5,1.0911,18.789,0.0774,South Calder Water at Forgewood,South Calder Water,93,55.80424,-3.99364,275137,658572,SEPA-SW,CC
10,32,1.56,1.1064,84007,26.25,39.01,GEV,20.5,1.0911,18.789,0.0774,South Calder Water at Forgewood,South Calder Water,93,55.80424,-3.99364,275137,658572,SEPA-SW,CC
20,36.9,1.8,1.1097,84007,30.09,45.25,GEV,20.5,1.0911,18.789,0.0774,South Calder Water at Forgewood,South Calder Water,93,55.80424,-3.99364,275137,658572,SEPA-SW,CC
30,39.8,1.94,1.1122,84007,32.31,49.02,GEV,20.5,1.0911,18.789,0.0774,South Calder Water at Forgewood,South Calder Water,93,55.80424,-3.99364,275137,658572,SEPA-SW,CC
50,43.5,2.12,1.116,84007,35.08,53.94,GEV,20.5,1.0911,18.789,0.0774,South Calder Water at Forgewood,South Calder Water,93,55.80424,-3.99364,275137,658572,SEPA-SW,CC
75,46.6,2.27,1.1195,84007,37.35,58.14,GEV,20.5,1.0911,18.789,0.0774,South Calder Water at Forgewood,South Calder Water,93,55.80424,-3.99364,275137,658572,SEPA-SW,CC
100,48.8,2.38,1.1223,84007,38.92,61.18,GEV,20.5,1.0911,18.789,0.0774,South Calder Water at Forgewood,South Calder Water,93,55.80424,-3.99364,275137,658572,SEPA-SW,CC
200,54.4,2.65,1.1301,84007,42.8,69.14,GEV,20.5,1.0911,18.789,0.0774,South Calder Water at Forgewood,South Calder Water,93,55.80424,-3.99364,275137,658572,SEPA-SW,CC
500,62.1,3.03,1.1427,84007,47.81,80.66,GEV,20.5,1.0911,18.789,0.0774,South Calder Water at Forgewood,South Calder Water,93,55.80424,-3.99364,275137,658572,SEPA-SW,CC
1000,68.3,3.33,1.1538,84007,51.6,90.41,GEV,20.5,1.0911,18.789,0.0774,South Calder Water at Forgewood,South Calder Water,93,55.80424,-3.99364,275137,658572,SEPA-SW,CC
2,69.1,1,1.0441,84011,63.5,75.2,GEV,69.1,1.0337,66.846,0.0267,Gryfe at Craigend,Gryfe,85.5,55.8645,-4.5348,241470,666386,SEPA-SW,VA
5,90,1.3,1.0468,84011,82.28,98.44,GEV,69.1,1.0337,66.846,0.0267,Gryfe at Craigend,Gryfe,85.5,55.8645,-4.5348,241470,666386,SEPA-SW,VA
10,105,1.51,1.0502,84011,95.39,115.58,GEV,69.1,1.0337,66.846,0.0267,Gryfe at Craigend,Gryfe,85.5,55.8645,-4.5348,241470,666386,SEPA-SW,VA
20,119,1.72,1.0549,84011,107.16,132.14,GEV,69.1,1.0337,66.846,0.0267,Gryfe at Craigend,Gryfe,85.5,55.8645,-4.5348,241470,666386,SEPA-SW,VA
30,128,1.85,1.0583,84011,114.55,143.04,GEV,69.1,1.0337,66.846,0.0267,Gryfe at Craigend,Gryfe,85.5,55.8645,-4.5348,241470,666386,SEPA-SW,VA
50,139,2.01,1.0632,84011,123.27,156.74,GEV,69.1,1.0337,66.846,0.0267,Gryfe at Craigend,Gryfe,85.5,55.8645,-4.5348,241470,666386,SEPA-SW,VA
75,148,2.14,1.0677,84011,130.17,168.28,GEV,69.1,1.0337,66.846,0.0267,Gryfe at Craigend,Gryfe,85.5,55.8645,-4.5348,241470,666386,SEPA-SW,VA
100,154,2.23,1.0712,84011,134.58,176.22,GEV,69.1,1.0337,66.846,0.0267,Gryfe at Craigend,Gryfe,85.5,55.8645,-4.5348,241470,666386,SEPA-SW,VA
200,170,2.46,1.0805,84011,146.06,197.86,GEV,69.1,1.0337,66.846,0.0267,Gryfe at Craigend,Gryfe,85.5,55.8645,-4.5348,241470,666386,SEPA-SW,VA
500,192,2.77,1.0947,84011,160.8,229.26,GEV,69.1,1.0337,66.846,0.0267,Gryfe at Craigend,Gryfe,85.5,55.8645,-4.5348,241470,666386,SEPA-SW,VA
1000,209,3.02,1.1067,84011,171.34,254.94,GEV,69.1,1.0337,66.846,0.0267,Gryfe at Craigend,Gryfe,85.5,55.8645,-4.5348,241470,666386,SEPA-SW,VA
2,104,1,1.0253,84012,99.03,109.22,GEV,104,1.2222,85.091,0.1574,White Cart Water at Hawkhead,White Cart Water,234.9,55.83607,-4.39854,249886,662918,SEPA-SW,VA
5,129,1.24,1.0278,84012,122.25,136.12,GEV,104,1.2222,85.091,0.1574,White Cart Water at Hawkhead,White Cart Water,234.9,55.83607,-4.39854,249886,662918,SEPA-SW,VA
10,147,1.42,1.032,84012,138.2,156.36,GEV,104,1.2222,85.091,0.1574,White Cart Water at Hawkhead,White Cart Water,234.9,55.83607,-4.39854,249886,662918,SEPA-SW,VA
20,165,1.59,1.0381,84012,153.34,177.55,GEV,104,1.2222,85.091,0.1574,White Cart Water at Hawkhead,White Cart Water,234.9,55.83607,-4.39854,249886,662918,SEPA-SW,VA
30,176,1.69,1.0427,84012,162.15,191.03,GEV,104,1.2222,85.091,0.1574,White Cart Water at Hawkhead,White Cart Water,234.9,55.83607,-4.39854,249886,662918,SEPA-SW,VA
50,190,1.82,1.0492,84012,172.93,208.75,GEV,104,1.2222,85.091,0.1574,White Cart Water at Hawkhead,White Cart Water,234.9,55.83607,-4.39854,249886,662918,SEPA-SW,VA
75,201,1.93,1.0551,84012,180.94,223.28,GEV,104,1.2222,85.091,0.1574,White Cart Water at Hawkhead,White Cart Water,234.9,55.83607,-4.39854,249886,662918,SEPA-SW,VA
100,209,2.01,1.0596,84012,186.58,234.11,GEV,104,1.2222,85.091,0.1574,White Cart Water at Hawkhead,White Cart Water,234.9,55.83607,-4.39854,249886,662918,SEPA-SW,VA
200,229,2.2,1.0715,84012,200.01,262.19,GEV,104,1.2222,85.091,0.1574,White Cart Water at Hawkhead,White Cart Water,234.9,55.83607,-4.39854,249886,662918,SEPA-SW,VA
500,257,2.47,1.0892,84012,217.37,303.85,GEV,104,1.2222,85.091,0.1574,White Cart Water at Hawkhead,White Cart Water,234.9,55.83607,-4.39854,249886,662918,SEPA-SW,VA
1000,279,2.68,1.1041,84012,229.78,338.77,GEV,104,1.2222,85.091,0.1574,White Cart Water at Hawkhead,White Cart Water,234.9,55.83607,-4.39854,249886,662918,SEPA-SW,VA
2,432,1,1.039,84013,400.79,465.64,Gumbel,432,1.0546,409.644,0.0426,Clyde at Daldowie,Clyde,1903.1,55.82999,-4.12195,267184,661676,SEPA-SW,VA
5,557,1.29,1.04,84013,515.79,601.51,Gumbel,432,1.0546,409.644,0.0426,Clyde at Daldowie,Clyde,1903.1,55.82999,-4.12195,267184,661676,SEPA-SW,VA
10,639,1.48,1.0423,84013,589.16,693.05,Gumbel,432,1.0546,409.644,0.0426,Clyde at Daldowie,Clyde,1903.1,55.82999,-4.12195,267184,661676,SEPA-SW,VA
20,718,1.66,1.046,84013,657.42,784.16,Gumbel,432,1.0546,409.644,0.0426,Clyde at Daldowie,Clyde,1903.1,55.82999,-4.12195,267184,661676,SEPA-SW,VA
30,764,1.77,1.0489,84013,695.75,838.94,Gumbel,432,1.0546,409.644,0.0426,Clyde at Daldowie,Clyde,1903.1,55.82999,-4.12195,267184,661676,SEPA-SW,VA
50,820,1.9,1.0534,84013,740.51,908.02,Gumbel,432,1.0546,409.644,0.0426,Clyde at Daldowie,Clyde,1903.1,55.82999,-4.12195,267184,661676,SEPA-SW,VA
75,865,2,1.0576,84013,775.08,965.35,Gumbel,432,1.0546,409.644,0.0426,Clyde at Daldowie,Clyde,1903.1,55.82999,-4.12195,267184,661676,SEPA-SW,VA
100,897,2.08,1.0609,84013,798.86,1007.2,Gumbel,432,1.0546,409.644,0.0426,Clyde at Daldowie,Clyde,1903.1,55.82999,-4.12195,267184,661676,SEPA-SW,VA
200,974,2.25,1.0699,84013,853.19,1111.92,Gumbel,432,1.0546,409.644,0.0426,Clyde at Daldowie,Clyde,1903.1,55.82999,-4.12195,267184,661676,SEPA-SW,VA
500,1070,2.49,1.0837,84013,914.03,1252.58,Gumbel,432,1.0546,409.644,0.0426,Clyde at Daldowie,Clyde,1903.1,55.82999,-4.12195,267184,661676,SEPA-SW,VA
1000,1150,2.66,1.0955,84013,961.74,1375.11,Gumbel,432,1.0546,409.644,0.0426,Clyde at Daldowie,Clyde,1903.1,55.82999,-4.12195,267184,661676,SEPA-SW,VA
2,163,1,1.0431,84014,150.06,177.05,GEV,163,1.0218,159.526,0.0174,Avon Water at Fairholm,Avon Water,265.5,55.7442,-3.98682,275373,651879,SEPA-SW,VA
5,207,1.27,1.0437,84014,190.35,225.1,GEV,163,1.0218,159.526,0.0174,Avon Water at Fairholm,Avon Water,265.5,55.7442,-3.98682,275373,651879,SEPA-SW,VA
10,237,1.45,1.0459,84014,217.04,258.79,GEV,163,1.0218,159.526,0.0174,Avon Water at Fairholm,Avon Water,265.5,55.7442,-3.98682,275373,651879,SEPA-SW,VA
20,266,1.63,1.0498,84014,241.83,292.58,GEV,163,1.0218,159.526,0.0174,Avon Water at Fairholm,Avon Water,265.5,55.7442,-3.98682,275373,651879,SEPA-SW,VA
30,283,1.73,1.0528,84014,255.85,313.03,GEV,163,1.0218,159.526,0.0174,Avon Water at Fairholm,Avon Water,265.5,55.7442,-3.98682,275373,651879,SEPA-SW,VA
50,304,1.86,1.0574,84014,272.5,339.14,GEV,163,1.0218,159.526,0.0174,Avon Water at Fairholm,Avon Water,265.5,55.7442,-3.98682,275373,651879,SEPA-SW,VA
75,321,1.97,1.0617,84014,285.46,360.97,GEV,163,1.0218,159.526,0.0174,Avon Water at Fairholm,Avon Water,265.5,55.7442,-3.98682,275373,651879,SEPA-SW,VA
100,333,2.04,1.0651,84014,294.28,376.82,GEV,163,1.0218,159.526,0.0174,Avon Water at Fairholm,Avon Water,265.5,55.7442,-3.98682,275373,651879,SEPA-SW,VA
200,362,2.22,1.0742,84014,314.62,416.52,GEV,163,1.0218,159.526,0.0174,Avon Water at Fairholm,Avon Water,265.5,55.7442,-3.98682,275373,651879,SEPA-SW,VA
500,401,2.46,1.0883,84014,339.72,473.34,GEV,163,1.0218,159.526,0.0174,Avon Water at Fairholm,Avon Water,265.5,55.7442,-3.98682,275373,651879,SEPA-SW,VA
1000,431,2.65,1.1004,84014,357.3,519.9,GEV,163,1.0218,159.526,0.0174,Avon Water at Fairholm,Avon Water,265.5,55.7442,-3.98682,275373,651879,SEPA-SW,VA
2,34.1,1,1.041,84017,31.52,36.89,GenLog,34.1,1.0304,33.093,0.0249,Black Cart Water at Milliken Park,Black Cart Water,103.1,55.82523,-4.53779,241123,662024,SEPA-SW,VA
5,44.8,1.31,1.0415,84017,41.37,48.52,GenLog,34.1,1.0304,33.093,0.0249,Black Cart Water at Milliken Park,Black Cart Water,103.1,55.82523,-4.53779,241123,662024,SEPA-SW,VA
10,53,1.55,1.0443,84017,48.68,57.7,GenLog,34.1,1.0304,33.093,0.0249,Black Cart Water at Milliken Park,Black Cart Water,103.1,55.82523,-4.53779,241123,662024,SEPA-SW,VA
20,62.2,1.82,1.0495,84017,56.58,68.38,GenLog,34.1,1.0304,33.093,0.0249,Black Cart Water at Milliken Park,Black Cart Water,103.1,55.82523,-4.53779,241123,662024,SEPA-SW,VA
30,68.2,2,1.0536,84017,61.57,75.55,GenLog,34.1,1.0304,33.093,0.0249,Black Cart Water at Milliken Park,Black Cart Water,103.1,55.82523,-4.53779,241123,662024,SEPA-SW,VA
50,76.7,2.25,1.0599,84017,68.43,85.96,GenLog,34.1,1.0304,33.093,0.0249,Black Cart Water at Milliken Park,Black Cart Water,103.1,55.82523,-4.53779,241123,662024,SEPA-SW,VA
75,84.1,2.47,1.0657,84017,74.24,95.27,GenLog,34.1,1.0304,33.093,0.0249,Black Cart Water at Milliken Park,Black Cart Water,103.1,55.82523,-4.53779,241123,662024,SEPA-SW,VA
100,89.9,2.64,1.0703,84017,78.69,102.7,GenLog,34.1,1.0304,33.093,0.0249,Black Cart Water at Milliken Park,Black Cart Water,103.1,55.82523,-4.53779,241123,662024,SEPA-SW,VA
200,106,3.09,1.0825,84017,90.75,123.82,GenLog,34.1,1.0304,33.093,0.0249,Black Cart Water at Milliken Park,Black Cart Water,103.1,55.82523,-4.53779,241123,662024,SEPA-SW,VA
500,131,3.84,1.101,84017,108.48,158.19,GenLog,34.1,1.0304,33.093,0.0249,Black Cart Water at Milliken Park,Black Cart Water,103.1,55.82523,-4.53779,241123,662024,SEPA-SW,VA
1000,154,4.52,1.1165,84017,124.08,191.13,GenLog,34.1,1.0304,33.093,0.0249,Black Cart Water at Milliken Park,Black Cart Water,103.1,55.82523,-4.53779,241123,662024,SEPA-SW,VA
2,248,1,1.0633,84018,219.89,279.7,Gumbel,248,1.0063,246.44,0.0049,Clyde at Tulliford Mill,Clyde,932.6,55.64374,-3.75902,289388,640314,SEPA-SW,VA
5,328,1.32,1.0631,84018,290.93,369.79,Gumbel,248,1.0063,246.44,0.0049,Clyde at Tulliford Mill,Clyde,932.6,55.64374,-3.75902,289388,640314,SEPA-SW,VA
10,382,1.54,1.0647,84018,337.83,431.95,Gumbel,248,1.0063,246.44,0.0049,Clyde at Tulliford Mill,Clyde,932.6,55.64374,-3.75902,289388,640314,SEPA-SW,VA
20,433,1.74,1.0683,84018,380.41,492.86,Gumbel,248,1.0063,246.44,0.0049,Clyde at Tulliford Mill,Clyde,932.6,55.64374,-3.75902,289388,640314,SEPA-SW,VA
30,462,1.86,1.0713,84018,403.66,528.77,Gumbel,248,1.0063,246.44,0.0049,Clyde at Tulliford Mill,Clyde,932.6,55.64374,-3.75902,289388,640314,SEPA-SW,VA
50,499,2.01,1.0763,84018,432.03,576.35,Gumbel,248,1.0063,246.44,0.0049,Clyde at Tulliford Mill,Clyde,932.6,55.64374,-3.75902,289388,640314,SEPA-SW,VA
75,528,2.13,1.0812,84018,453.08,615.3,Gumbel,248,1.0063,246.44,0.0049,Clyde at Tulliford Mill,Clyde,932.6,55.64374,-3.75902,289388,640314,SEPA-SW,VA
100,548,2.21,1.0851,84018,466.94,643.13,Gumbel,248,1.0063,246.44,0.0049,Clyde at Tulliford Mill,Clyde,932.6,55.64374,-3.75902,289388,640314,SEPA-SW,VA
200,597,2.41,1.0961,84018,498.73,714.63,Gumbel,248,1.0063,246.44,0.0049,Clyde at Tulliford Mill,Clyde,932.6,55.64374,-3.75902,289388,640314,SEPA-SW,VA
500,663,2.67,1.1137,84018,536.84,818.8,Gumbel,248,1.0063,246.44,0.0049,Clyde at Tulliford Mill,Clyde,932.6,55.64374,-3.75902,289388,640314,SEPA-SW,VA
1000,712,2.87,1.1289,84018,561.4,902.99,Gumbel,248,1.0063,246.44,0.0049,Clyde at Tulliford Mill,Clyde,932.6,55.64374,-3.75902,289388,640314,SEPA-SW,VA
2,46.1,1,1.03,84020,43.51,48.85,GEV,46.1,1.0211,45.148,0.0172,Glazert Water at Milton of Campsie,Glazert Water,51.9,55.95995,-4.1537,265646,676198,SEPA-SW,VA
5,58.9,1.28,1.0313,84020,55.45,62.57,GEV,46.1,1.0211,45.148,0.0172,Glazert Water at Milton of Campsie,Glazert Water,51.9,55.95995,-4.1537,265646,676198,SEPA-SW,VA
10,67.4,1.46,1.0337,84020,63.16,71.92,GEV,46.1,1.0211,45.148,0.0172,Glazert Water at Milton of Campsie,Glazert Water,51.9,55.95995,-4.1537,265646,676198,SEPA-SW,VA
20,75.4,1.64,1.0376,84020,70.14,81.06,GEV,46.1,1.0211,45.148,0.0172,Glazert Water at Milton of Campsie,Glazert Water,51.9,55.95995,-4.1537,265646,676198,SEPA-SW,VA
30,80,1.74,1.0407,84020,73.98,86.51,GEV,46.1,1.0211,45.148,0.0172,Glazert Water at Milton of Campsie,Glazert Water,51.9,55.95995,-4.1537,265646,676198,SEPA-SW,VA
50,85.7,1.86,1.0452,84020,78.59,93.46,GEV,46.1,1.0211,45.148,0.0172,Glazert Water at Milton of Campsie,Glazert Water,51.9,55.95995,-4.1537,265646,676198,SEPA-SW,VA
75,90.2,1.96,1.0495,84020,82.05,99.16,GEV,46.1,1.0211,45.148,0.0172,Glazert Water at Milton of Campsie,Glazert Water,51.9,55.95995,-4.1537,265646,676198,SEPA-SW,VA
100,93.4,2.03,1.0528,84020,84.44,103.31,GEV,46.1,1.0211,45.148,0.0172,Glazert Water at Milton of Campsie,Glazert Water,51.9,55.95995,-4.1537,265646,676198,SEPA-SW,VA
200,101,2.19,1.0617,84020,89.82,113.58,GEV,46.1,1.0211,45.148,0.0172,Glazert Water at Milton of Campsie,Glazert Water,51.9,55.95995,-4.1537,265646,676198,SEPA-SW,VA
500,111,2.41,1.0753,84020,96.28,127.97,GEV,46.1,1.0211,45.148,0.0172,Glazert Water at Milton of Campsie,Glazert Water,51.9,55.95995,-4.1537,265646,676198,SEPA-SW,VA
1000,118,2.57,1.0868,84020,100.24,138.91,GEV,46.1,1.0211,45.148,0.0172,Glazert Water at Milton of Campsie,Glazert Water,51.9,55.95995,-4.1537,265646,676198,SEPA-SW,VA
2,20.1,1,1.0276,84035,19.06,21.2,Kappa3,20.1,1.4144,14.211,0.3116,Kittoch Water at Waterside,Kittoch Water,16.8,55.77868,-4.24066,259565,656202,SEPA-SW,VA
5,25.4,1.26,1.0299,84035,23.97,26.91,Kappa3,20.1,1.4144,14.211,0.3116,Kittoch Water at Waterside,Kittoch Water,16.8,55.77868,-4.24066,259565,656202,SEPA-SW,VA
10,29.2,1.45,1.0339,84035,27.35,31.17,Kappa3,20.1,1.4144,14.211,0.3116,Kittoch Water at Waterside,Kittoch Water,16.8,55.77868,-4.24066,259565,656202,SEPA-SW,VA
20,33.3,1.65,1.0398,84035,30.85,35.95,Kappa3,20.1,1.4144,14.211,0.3116,Kittoch Water at Waterside,Kittoch Water,16.8,55.77868,-4.24066,259565,656202,SEPA-SW,VA
30,35.7,1.78,1.044,84035,32.81,38.84,Kappa3,20.1,1.4144,14.211,0.3116,Kittoch Water at Waterside,Kittoch Water,16.8,55.77868,-4.24066,259565,656202,SEPA-SW,VA
50,39,1.94,1.05,84035,35.44,42.91,Kappa3,20.1,1.4144,14.211,0.3116,Kittoch Water at Waterside,Kittoch Water,16.8,55.77868,-4.24066,259565,656202,SEPA-SW,VA
75,41.8,2.08,1.0553,84035,37.61,46.45,Kappa3,20.1,1.4144,14.211,0.3116,Kittoch Water at Waterside,Kittoch Water,16.8,55.77868,-4.24066,259565,656202,SEPA-SW,VA
100,43.9,2.18,1.0594,84035,39.21,49.16,Kappa3,20.1,1.4144,14.211,0.3116,Kittoch Water at Waterside,Kittoch Water,16.8,55.77868,-4.24066,259565,656202,SEPA-SW,VA
200,49.2,2.45,1.0699,84035,43.1,56.17,Kappa3,20.1,1.4144,14.211,0.3116,Kittoch Water at Waterside,Kittoch Water,16.8,55.77868,-4.24066,259565,656202,SEPA-SW,VA
500,57,2.83,1.0855,84035,48.53,66.94,Kappa3,20.1,1.4144,14.211,0.3116,Kittoch Water at Waterside,Kittoch Water,16.8,55.77868,-4.24066,259565,656202,SEPA-SW,VA
1000,63.5,3.16,1.0984,84035,52.83,76.32,Kappa3,20.1,1.4144,14.211,0.3116,Kittoch Water at Waterside,Kittoch Water,16.8,55.77868,-4.24066,259565,656202,SEPA-SW,VA
2,140,1,1.1255,84040,111.04,176.51,GEV,140,1.0026,139.642,0.0024,Clyde at Abington,Clyde,251.8,55.48692,-3.69057,293271,622756,SEPA-SW,VA
5,183,1.31,1.1263,84040,144.95,231.04,GEV,140,1.0026,139.642,0.0024,Clyde at Abington,Clyde,251.8,55.48692,-3.69057,293271,622756,SEPA-SW,VA
10,213,1.52,1.1274,84040,168.39,269.43,GEV,140,1.0026,139.642,0.0024,Clyde at Abington,Clyde,251.8,55.48692,-3.69057,293271,622756,SEPA-SW,VA
20,244,1.74,1.129,84040,192.36,309.51,GEV,140,1.0026,139.642,0.0024,Clyde at Abington,Clyde,251.8,55.48692,-3.69057,293271,622756,SEPA-SW,VA
30,262,1.87,1.1303,84040,206.08,333.09,GEV,140,1.0026,139.642,0.0024,Clyde at Abington,Clyde,251.8,55.48692,-3.69057,293271,622756,SEPA-SW,VA
50,285,2.04,1.1325,84040,223.32,363.71,GEV,140,1.0026,139.642,0.0024,Clyde at Abington,Clyde,251.8,55.48692,-3.69057,293271,622756,SEPA-SW,VA
75,304,2.17,1.1346,84040,237.35,389.37,GEV,140,1.0026,139.642,0.0024,Clyde at Abington,Clyde,251.8,55.48692,-3.69057,293271,622756,SEPA-SW,VA
100,318,2.27,1.1363,84040,247.55,408.5,GEV,140,1.0026,139.642,0.0024,Clyde at Abington,Clyde,251.8,55.48692,-3.69057,293271,622756,SEPA-SW,VA
200,353,2.52,1.1412,84040,272.49,457.3,GEV,140,1.0026,139.642,0.0024,Clyde at Abington,Clyde,251.8,55.48692,-3.69057,293271,622756,SEPA-SW,VA
500,401,2.86,1.1497,84040,305.07,527.1,GEV,140,1.0026,139.642,0.0024,Clyde at Abington,Clyde,251.8,55.48692,-3.69057,293271,622756,SEPA-SW,VA
1000,439,3.13,1.1575,84040,329.58,584.74,GEV,140,1.0026,139.642,0.0024,Clyde at Abington,Clyde,251.8,55.48692,-3.69057,293271,622756,SEPA-SW,VA
2,124,1,1.0231,85001,118.57,129.68,GenLog,124,1.0084,122.966,0.0066,Leven at Linnbrane,Leven,784.3,55.98877,-4.57598,239409,680307,SEPA-NE,VA
5,156,1.26,1.0262,85001,148.29,164.11,GenLog,124,1.0084,122.966,0.0066,Leven at Linnbrane,Leven,784.3,55.98877,-4.57598,239409,680307,SEPA-NE,VA
10,180,1.45,1.0307,85001,169.64,190.99,GenLog,124,1.0084,122.966,0.0066,Leven at Linnbrane,Leven,784.3,55.98877,-4.57598,239409,680307,SEPA-NE,VA
20,206,1.66,1.0369,85001,191.88,221.16,GenLog,124,1.0084,122.966,0.0066,Leven at Linnbrane,Leven,784.3,55.98877,-4.57598,239409,680307,SEPA-NE,VA
30,223,1.8,1.0413,85001,205.99,241.41,GenLog,124,1.0084,122.966,0.0066,Leven at Linnbrane,Leven,784.3,55.98877,-4.57598,239409,680307,SEPA-NE,VA
50,245,1.98,1.0476,85001,223.66,268.38,GenLog,124,1.0084,122.966,0.0066,Leven at Linnbrane,Leven,784.3,55.98877,-4.57598,239409,680307,SEPA-NE,VA
75,265,2.14,1.0531,85001,239.44,293.28,GenLog,124,1.0084,122.966,0.0066,Leven at Linnbrane,Leven,784.3,55.98877,-4.57598,239409,680307,SEPA-NE,VA
100,280,2.26,1.0573,85001,251.03,312.31,GenLog,124,1.0084,122.966,0.0066,Leven at Linnbrane,Leven,784.3,55.98877,-4.57598,239409,680307,SEPA-NE,VA
200,320,2.58,1.0684,85001,281.08,364.31,GenLog,124,1.0084,122.966,0.0066,Leven at Linnbrane,Leven,784.3,55.98877,-4.57598,239409,680307,SEPA-NE,VA
500,382,3.08,1.0848,85001,325.67,448.07,GenLog,124,1.0084,122.966,0.0066,Leven at Linnbrane,Leven,784.3,55.98877,-4.57598,239409,680307,SEPA-NE,VA
1000,438,3.53,1.0984,85001,364.4,526.46,GenLog,124,1.0084,122.966,0.0066,Leven at Linnbrane,Leven,784.3,55.98877,-4.57598,239409,680307,SEPA-NE,VA
2,81,1,1.0358,86002,75.6,86.78,GenLog,81,1.0012,80.904,0.0011,Eachaig at Eckford,Eachaig,139.9,56.01557,-4.98663,213930,684319,SEPA-SW,VA
5,106,1.31,1.0379,86002,98.55,114.02,GenLog,81,1.0012,80.904,0.0011,Eachaig at Eckford,Eachaig,139.9,56.01557,-4.98663,213930,684319,SEPA-SW,VA
10,125,1.54,1.0417,86002,115.38,135.42,GenLog,81,1.0012,80.904,0.0011,Eachaig at Eckford,Eachaig,139.9,56.01557,-4.98663,213930,684319,SEPA-SW,VA
20,146,1.8,1.0474,86002,133.33,159.87,GenLog,81,1.0012,80.904,0.0011,Eachaig at Eckford,Eachaig,139.9,56.01557,-4.98663,213930,684319,SEPA-SW,VA
30,160,1.97,1.0517,86002,144.95,176.62,GenLog,81,1.0012,80.904,0.0011,Eachaig at Eckford,Eachaig,139.9,56.01557,-4.98663,213930,684319,SEPA-SW,VA
50,179,2.21,1.058,86002,160.27,199.91,GenLog,81,1.0012,80.904,0.0011,Eachaig at Eckford,Eachaig,139.9,56.01557,-4.98663,213930,684319,SEPA-SW,VA
75,196,2.42,1.0636,86002,173.69,221.18,GenLog,81,1.0012,80.904,0.0011,Eachaig at Eckford,Eachaig,139.9,56.01557,-4.98663,213930,684319,SEPA-SW,VA
100,209,2.58,1.0679,86002,183.75,237.72,GenLog,81,1.0012,80.904,0.0011,Eachaig at Eckford,Eachaig,139.9,56.01557,-4.98663,213930,684319,SEPA-SW,VA
200,245,3.02,1.0794,86002,210.93,284.58,GenLog,81,1.0012,80.904,0.0011,Eachaig at Eckford,Eachaig,139.9,56.01557,-4.98663,213930,684319,SEPA-SW,VA
500,302,3.73,1.0967,86002,252.02,361.89,GenLog,81,1.0012,80.904,0.0011,Eachaig at Eckford,Eachaig,139.9,56.01557,-4.98663,213930,684319,SEPA-SW,VA
1000,356,4.39,1.111,86002,289.63,437.57,GenLog,81,1.0012,80.904,0.0011,Eachaig at Eckford,Eachaig,139.9,56.01557,-4.98663,213930,684319,SEPA-SW,VA
2,122,1,1.0327,90003,114.54,129.94,Gumbel,122,1.0019,121.766,0.0017,Nevis at Claggan,Nevis,69.2,56.82151,-5.08884,211592,774257,SEPA-NW,VA
5,154,1.26,1.0345,90003,144.1,164.59,Gumbel,122,1.0019,121.766,0.0017,Nevis at Claggan,Nevis,69.2,56.82151,-5.08884,211592,774257,SEPA-NW,VA
10,175,1.43,1.0373000000000001,90003,162.88,188.02,Gumbel,122,1.0019,121.766,0.0017,Nevis at Claggan,Nevis,69.2,56.82151,-5.08884,211592,774257,SEPA-NW,VA
20,195,1.6,1.0414,90003,180.1,211.14,Gumbel,122,1.0019,121.766,0.0017,Nevis at Claggan,Nevis,69.2,56.82151,-5.08884,211592,774257,SEPA-NW,VA
30,206,1.69,1.0444,90003,189.19,224.31,Gumbel,122,1.0019,121.766,0.0017,Nevis at Claggan,Nevis,69.2,56.82151,-5.08884,211592,774257,SEPA-NW,VA
50,221,1.81,1.0488,90003,201.3,242.63,Gumbel,122,1.0019,121.766,0.0017,Nevis at Claggan,Nevis,69.2,56.82151,-5.08884,211592,774257,SEPA-NW,VA
75,232,1.9,1.0528,90003,209.74,256.62,Gumbel,122,1.0019,121.766,0.0017,Nevis at Claggan,Nevis,69.2,56.82151,-5.08884,211592,774257,SEPA-NW,VA
100,240,1.97,1.0559,90003,215.73,267,Gumbel,122,1.0019,121.766,0.0017,Nevis at Claggan,Nevis,69.2,56.82151,-5.08884,211592,774257,SEPA-NW,VA
200,260,2.13,1.0642,90003,230.15,293.72,Gumbel,122,1.0019,121.766,0.0017,Nevis at Claggan,Nevis,69.2,56.82151,-5.08884,211592,774257,SEPA-NW,VA
500,285,2.34,1.0769,90003,246.48,329.54,Gumbel,122,1.0019,121.766,0.0017,Nevis at Claggan,Nevis,69.2,56.82151,-5.08884,211592,774257,SEPA-NW,VA
1000,305,2.5,1.0877,90003,258.67,359.63,Gumbel,122,1.0019,121.766,0.0017,Nevis at Claggan,Nevis,69.2,56.82151,-5.08884,211592,774257,SEPA-NW,VA
2,6.35,1,1.0453,91802,5.82,6.93,Kappa3,6.35,1,6.35,0,Allt Leachdach at Intake,Allt Leachdach,6.5,56.86164,-4.85409,226100,778100,ALCAN,VN
5,8.14,1.28,1.0474,91802,7.43,8.91,Kappa3,6.35,1,6.35,0,Allt Leachdach at Intake,Allt Leachdach,6.5,56.86164,-4.85409,226100,778100,ALCAN,VN
10,9.44,1.49,1.051,91802,8.56,10.41,Kappa3,6.35,1,6.35,0,Allt Leachdach at Intake,Allt Leachdach,6.5,56.86164,-4.85409,226100,778100,ALCAN,VN
20,10.8,1.71,1.0563,91802,9.7,12.02,Kappa3,6.35,1,6.35,0,Allt Leachdach at Intake,Allt Leachdach,6.5,56.86164,-4.85409,226100,778100,ALCAN,VN
30,11.7,1.84,1.0602,91802,10.43,13.12,Kappa3,6.35,1,6.35,0,Allt Leachdach at Intake,Allt Leachdach,6.5,56.86164,-4.85409,226100,778100,ALCAN,VN
50,12.8,2.02,1.0661,91802,11.29,14.51,Kappa3,6.35,1,6.35,0,Allt Leachdach at Intake,Allt Leachdach,6.5,56.86164,-4.85409,226100,778100,ALCAN,VN
75,13.8,2.18,1.0714,91802,12.06,15.8,Kappa3,6.35,1,6.35,0,Allt Leachdach at Intake,Allt Leachdach,6.5,56.86164,-4.85409,226100,778100,ALCAN,VN
100,14.6,2.29,1.0756,91802,12.66,16.84,Kappa3,6.35,1,6.35,0,Allt Leachdach at Intake,Allt Leachdach,6.5,56.86164,-4.85409,226100,778100,ALCAN,VN
200,16.4,2.59,1.0867,91802,13.93,19.3,Kappa3,6.35,1,6.35,0,Allt Leachdach at Intake,Allt Leachdach,6.5,56.86164,-4.85409,226100,778100,ALCAN,VN
500,19.3,3.03,1.1036,91802,15.91,23.41,Kappa3,6.35,1,6.35,0,Allt Leachdach at Intake,Allt Leachdach,6.5,56.86164,-4.85409,226100,778100,ALCAN,VN
1000,21.7,3.41,1.1179,91802,17.44,27,Kappa3,6.35,1,6.35,0,Allt Leachdach at Intake,Allt Leachdach,6.5,56.86164,-4.85409,226100,778100,ALCAN,VN
2,13.6,1,1.049,92002,12.38,14.94,Kappa3,13.6,1,13.6,0,Allt Coire nan Con at Polloch,Allt Coire nan Con,8.05,56.75845,-5.61366,179208,768812,SEPA-NW,VA
5,17.4,1.28,1.0508,92002,15.79,19.17,Kappa3,13.6,1,13.6,0,Allt Coire nan Con at Polloch,Allt Coire nan Con,8.05,56.75845,-5.61366,179208,768812,SEPA-NW,VA
10,20.1,1.48,1.0537,92002,18.14,22.27,Kappa3,13.6,1,13.6,0,Allt Coire nan Con at Polloch,Allt Coire nan Con,8.05,56.75845,-5.61366,179208,768812,SEPA-NW,VA
20,23,1.69,1.0582,92002,20.59,25.7,Kappa3,13.6,1,13.6,0,Allt Coire nan Con at Polloch,Allt Coire nan Con,8.05,56.75845,-5.61366,179208,768812,SEPA-NW,VA
30,24.8,1.82,1.0617,92002,22.05,27.89,Kappa3,13.6,1,13.6,0,Allt Coire nan Con at Polloch,Allt Coire nan Con,8.05,56.75845,-5.61366,179208,768812,SEPA-NW,VA
50,27.2,2,1.0668,92002,23.96,30.88,Kappa3,13.6,1,13.6,0,Allt Coire nan Con at Polloch,Allt Coire nan Con,8.05,56.75845,-5.61366,179208,768812,SEPA-NW,VA
75,29.2,2.15,1.0716,92002,25.5,33.44,Kappa3,13.6,1,13.6,0,Allt Coire nan Con at Polloch,Allt Coire nan Con,8.05,56.75845,-5.61366,179208,768812,SEPA-NW,VA
100,30.7,2.25,1.0754,92002,26.62,35.4,Kappa3,13.6,1,13.6,0,Allt Coire nan Con at Polloch,Allt Coire nan Con,8.05,56.75845,-5.61366,179208,768812,SEPA-NW,VA
200,34.5,2.54,1.0855,92002,29.38,40.52,Kappa3,13.6,1,13.6,0,Allt Coire nan Con at Polloch,Allt Coire nan Con,8.05,56.75845,-5.61366,179208,768812,SEPA-NW,VA
500,40.1,2.95,1.1012,92002,33.2,48.44,Kappa3,13.6,1,13.6,0,Allt Coire nan Con at Polloch,Allt Coire nan Con,8.05,56.75845,-5.61366,179208,768812,SEPA-NW,VA
1000,44.9,3.3,1.1146,92002,36.3,55.54,Kappa3,13.6,1,13.6,0,Allt Coire nan Con at Polloch,Allt Coire nan Con,8.05,56.75845,-5.61366,179208,768812,SEPA-NW,VA
2,115,1,1.0393,94001,106.63,124.03,GenLog,115,1.0002,114.975,2e-4,Ewe at Poolewe,Ewe,441.1,57.76144,-5.59908,186002,880330,SEPA-NW,VA
5,145,1.26,1.0403,94001,134.2,156.67,GenLog,115,1.0002,114.975,2e-4,Ewe at Poolewe,Ewe,441.1,57.76144,-5.59908,186002,880330,SEPA-NW,VA
10,168,1.46,1.0431,94001,154.66,182.49,GenLog,115,1.0002,114.975,2e-4,Ewe at Poolewe,Ewe,441.1,57.76144,-5.59908,186002,880330,SEPA-NW,VA
20,192,1.67,1.0477,94001,175.24,210.36,GenLog,115,1.0002,114.975,2e-4,Ewe at Poolewe,Ewe,441.1,57.76144,-5.59908,186002,880330,SEPA-NW,VA
30,207,1.8,1.0513,94001,187.67,228.33,GenLog,115,1.0002,114.975,2e-4,Ewe at Poolewe,Ewe,441.1,57.76144,-5.59908,186002,880330,SEPA-NW,VA
50,228,1.98,1.0568,94001,204.6,254.07,GenLog,115,1.0002,114.975,2e-4,Ewe at Poolewe,Ewe,441.1,57.76144,-5.59908,186002,880330,SEPA-NW,VA
75,246,2.14,1.0618,94001,218.72,276.68,GenLog,115,1.0002,114.975,2e-4,Ewe at Poolewe,Ewe,441.1,57.76144,-5.59908,186002,880330,SEPA-NW,VA
100,260,2.26,1.0657,94001,229.51,294.54,GenLog,115,1.0002,114.975,2e-4,Ewe at Poolewe,Ewe,441.1,57.76144,-5.59908,186002,880330,SEPA-NW,VA
200,297,2.59,1.0763,94001,257.14,343.04,GenLog,115,1.0002,114.975,2e-4,Ewe at Poolewe,Ewe,441.1,57.76144,-5.59908,186002,880330,SEPA-NW,VA
500,355,3.09,1.0925,94001,298.48,422.22,GenLog,115,1.0002,114.975,2e-4,Ewe at Poolewe,Ewe,441.1,57.76144,-5.59908,186002,880330,SEPA-NW,VA
1000,407,3.54,1.1063,94001,333.89,496.12,GenLog,115,1.0002,114.975,2e-4,Ewe at Poolewe,Ewe,441.1,57.76144,-5.59908,186002,880330,SEPA-NW,VA
2,38.8,1,1.0582,95001,34.73,43.35,GenLog,38.8,1,38.8,0,Inver at Little Assynt,Inver,137.5,58.17412,-5.1526,214693,924921,SEPA-NW,VA
5,50,1.29,1.0586,95001,44.72,55.9,GenLog,38.8,1,38.8,0,Inver at Little Assynt,Inver,137.5,58.17412,-5.1526,214693,924921,SEPA-NW,VA
10,58.2,1.5,1.0599,95001,51.93,65.23,GenLog,38.8,1,38.8,0,Inver at Little Assynt,Inver,137.5,58.17412,-5.1526,214693,924921,SEPA-NW,VA
20,67.2,1.73,1.0624,95001,59.68,75.66,GenLog,38.8,1,38.8,0,Inver at Little Assynt,Inver,137.5,58.17412,-5.1526,214693,924921,SEPA-NW,VA
30,72.9,1.88,1.0646,95001,64.48,82.42,GenLog,38.8,1,38.8,0,Inver at Little Assynt,Inver,137.5,58.17412,-5.1526,214693,924921,SEPA-NW,VA
50,80.8,2.08,1.068,95001,71.03,91.92,GenLog,38.8,1,38.8,0,Inver at Little Assynt,Inver,137.5,58.17412,-5.1526,214693,924921,SEPA-NW,VA
75,87.7,2.26,1.0714,95001,76.61,100.39,GenLog,38.8,1,38.8,0,Inver at Little Assynt,Inver,137.5,58.17412,-5.1526,214693,924921,SEPA-NW,VA
100,92.9,2.39,1.0741,95001,80.75,106.87,GenLog,38.8,1,38.8,0,Inver at Little Assynt,Inver,137.5,58.17412,-5.1526,214693,924921,SEPA-NW,VA
200,107,2.75,1.0819,95001,91.7,124.85,GenLog,38.8,1,38.8,0,Inver at Little Assynt,Inver,137.5,58.17412,-5.1526,214693,924921,SEPA-NW,VA
500,129,3.31,1.0945,95001,108.08,153.98,GenLog,38.8,1,38.8,0,Inver at Little Assynt,Inver,137.5,58.17412,-5.1526,214693,924921,SEPA-NW,VA
1000,148,3.82,1.1057,95001,121.54,180.21,GenLog,38.8,1,38.8,0,Inver at Little Assynt,Inver,137.5,58.17412,-5.1526,214693,924921,SEPA-NW,VA
2,11.6,1,1.0911,95004,9.78,13.76,Kappa3,11.6,1,11.6,0,Abhainn a'Chnocain at Elphin,Abhainn a'Chnocain,10.58,58.05185,-5.03101,221229,910988,SEPA-NW,VA
5,15.2,1.31,1.0931,95004,12.77,18.1,Kappa3,11.6,1,11.6,0,Abhainn a'Chnocain at Elphin,Abhainn a'Chnocain,10.58,58.05185,-5.03101,221229,910988,SEPA-NW,VA
10,17.9,1.54,1.0958,95004,14.96,21.42,Kappa3,11.6,1,11.6,0,Abhainn a'Chnocain at Elphin,Abhainn a'Chnocain,10.58,58.05185,-5.03101,221229,910988,SEPA-NW,VA
20,20.7,1.78,1.0997,95004,17.18,24.94,Kappa3,11.6,1,11.6,0,Abhainn a'Chnocain at Elphin,Abhainn a'Chnocain,10.58,58.05185,-5.03101,221229,910988,SEPA-NW,VA
30,22.4,1.93,1.1026,95004,18.5,27.13,Kappa3,11.6,1,11.6,0,Abhainn a'Chnocain at Elphin,Abhainn a'Chnocain,10.58,58.05185,-5.03101,221229,910988,SEPA-NW,VA
50,24.7,2.13,1.107,95004,20.24,30.15,Kappa3,11.6,1,11.6,0,Abhainn a'Chnocain at Elphin,Abhainn a'Chnocain,10.58,58.05185,-5.03101,221229,910988,SEPA-NW,VA
75,26.7,2.3,1.1111,95004,21.72,32.82,Kappa3,11.6,1,11.6,0,Abhainn a'Chnocain at Elphin,Abhainn a'Chnocain,10.58,58.05185,-5.03101,221229,910988,SEPA-NW,VA
100,28.2,2.43,1.1143,95004,22.81,34.86,Kappa3,11.6,1,11.6,0,Abhainn a'Chnocain at Elphin,Abhainn a'Chnocain,10.58,58.05185,-5.03101,221229,910988,SEPA-NW,VA
200,31.9,2.75,1.123,95004,25.41,40.04,Kappa3,11.6,1,11.6,0,Abhainn a'Chnocain at Elphin,Abhainn a'Chnocain,10.58,58.05185,-5.03101,221229,910988,SEPA-NW,VA
500,37.5,3.24,1.1369,95004,29.16,48.22,Kappa3,11.6,1,11.6,0,Abhainn a'Chnocain at Elphin,Abhainn a'Chnocain,10.58,58.05185,-5.03101,221229,910988,SEPA-NW,VA
1000,42.3,3.65,1.149,95004,32.22,55.54,Kappa3,11.6,1,11.6,0,Abhainn a'Chnocain at Elphin,Abhainn a'Chnocain,10.58,58.05185,-5.03101,221229,910988,SEPA-NW,VA
2,136,1,1.0435,96002,125.11,147.84,Kappa3,136,1,136,0,Naver at Apigill,Naver,477,58.48007,-4.20775,271363,956765,SEPA-NW,VA
5,177,1.3,1.0447,96002,162.46,192.84,Kappa3,136,1,136,0,Naver at Apigill,Naver,477,58.48007,-4.20775,271363,956765,SEPA-NW,VA
10,208,1.53,1.0475,96002,189.92,227.81,Kappa3,136,1,136,0,Naver at Apigill,Naver,477,58.48007,-4.20775,271363,956765,SEPA-NW,VA
20,241,1.77,1.0519,96002,218.25,266.13,Kappa3,136,1,136,0,Naver at Apigill,Naver,477,58.48007,-4.20775,271363,956765,SEPA-NW,VA
30,262,1.93,1.0552,96002,235.81,291.1,Kappa3,136,1,136,0,Naver at Apigill,Naver,477,58.48007,-4.20775,271363,956765,SEPA-NW,VA
50,290,2.14,1.0602,96002,258.61,325.21,Kappa3,136,1,136,0,Naver at Apigill,Naver,477,58.48007,-4.20775,271363,956765,SEPA-NW,VA
75,315,2.31,1.0648,96002,278.53,356.25,Kappa3,136,1,136,0,Naver at Apigill,Naver,477,58.48007,-4.20775,271363,956765,SEPA-NW,VA
100,333,2.45,1.0684,96002,292.5,379.11,Kappa3,136,1,136,0,Naver at Apigill,Naver,477,58.48007,-4.20775,271363,956765,SEPA-NW,VA
200,380,2.79,1.078,96002,327.98,440.27,Kappa3,136,1,136,0,Naver at Apigill,Naver,477,58.48007,-4.20775,271363,956765,SEPA-NW,VA
500,452,3.32,1.0926,96002,379.97,537.68,Kappa3,136,1,136,0,Naver at Apigill,Naver,477,58.48007,-4.20775,271363,956765,SEPA-NW,VA
1000,514,3.78,1.105,96002,422.64,625.11,Kappa3,136,1,136,0,Naver at Apigill,Naver,477,58.48007,-4.20775,271363,956765,SEPA-NW,VA
2,105,1,1.047,97002,95.96,114.89,Gumbel,105,1.0002,104.979,2e-4,Thurso at Halkirk,Thurso,412.8,58.5155,-3.493,313123,959561,SEPA-NW,VA
5,137,1.31,1.0503,97002,124.44,150.83,Gumbel,105,1.0002,104.979,2e-4,Thurso at Halkirk,Thurso,412.8,58.5155,-3.493,313123,959561,SEPA-NW,VA
10,159,1.51,1.0548,97002,143.21,176.53,Gumbel,105,1.0002,104.979,2e-4,Thurso at Halkirk,Thurso,412.8,58.5155,-3.493,313123,959561,SEPA-NW,VA
20,179,1.71,1.0611,97002,159.36,201.06,Gumbel,105,1.0002,104.979,2e-4,Thurso at Halkirk,Thurso,412.8,58.5155,-3.493,313123,959561,SEPA-NW,VA
30,191,1.82,1.0657,97002,168.6,216.37,Gumbel,105,1.0002,104.979,2e-4,Thurso at Halkirk,Thurso,412.8,58.5155,-3.493,313123,959561,SEPA-NW,VA
50,206,1.96,1.0723,97002,179.66,236.2,Gumbel,105,1.0002,104.979,2e-4,Thurso at Halkirk,Thurso,412.8,58.5155,-3.493,313123,959561,SEPA-NW,VA
75,217,2.07,1.0782,97002,187.23,251.51,Gumbel,105,1.0002,104.979,2e-4,Thurso at Halkirk,Thurso,412.8,58.5155,-3.493,313123,959561,SEPA-NW,VA
100,226,2.15,1.0828,97002,193.37,264.13,Gumbel,105,1.0002,104.979,2e-4,Thurso at Halkirk,Thurso,412.8,58.5155,-3.493,313123,959561,SEPA-NW,VA
200,245,2.34,1.0949,97002,205.11,292.64,Gumbel,105,1.0002,104.979,2e-4,Thurso at Halkirk,Thurso,412.8,58.5155,-3.493,313123,959561,SEPA-NW,VA
500,271,2.59,1.113,97002,219.7,334.27,Gumbel,105,1.0002,104.979,2e-4,Thurso at Halkirk,Thurso,412.8,58.5155,-3.493,313123,959561,SEPA-NW,VA
1000,291,2.77,1.1283,97002,229.69,368.68,Gumbel,105,1.0002,104.979,2e-4,Thurso at Halkirk,Thurso,412.8,58.5155,-3.493,313123,959561,SEPA-NW,VA
2,17.7,1,1.0414,106002,16.35,19.16,Kappa3,17.7,1,17.7,0,Laxdale at Laxdale,Laxdale,12.1,57.86871,-6.89359,109930,897086,SEPA-NW,VA
5,22.8,1.29,1.0431,106002,20.99,24.77,Kappa3,17.7,1,17.7,0,Laxdale at Laxdale,Laxdale,12.1,57.86871,-6.89359,109930,897086,SEPA-NW,VA
10,26.5,1.5,1.0455,106002,24.29,28.91,Kappa3,17.7,1,17.7,0,Laxdale at Laxdale,Laxdale,12.1,57.86871,-6.89359,109930,897086,SEPA-NW,VA
20,30.4,1.72,1.0492,106002,27.67,33.4,Kappa3,17.7,1,17.7,0,Laxdale at Laxdale,Laxdale,12.1,57.86871,-6.89359,109930,897086,SEPA-NW,VA
30,32.8,1.85,1.052,106002,29.7,36.23,Kappa3,17.7,1,17.7,0,Laxdale at Laxdale,Laxdale,12.1,57.86871,-6.89359,109930,897086,SEPA-NW,VA
50,36,2.04,1.0563,106002,32.34,40.08,Kappa3,17.7,1,17.7,0,Laxdale at Laxdale,Laxdale,12.1,57.86871,-6.89359,109930,897086,SEPA-NW,VA
75,38.8,2.19,1.0602,106002,34.6,43.51,Kappa3,17.7,1,17.7,0,Laxdale at Laxdale,Laxdale,12.1,57.86871,-6.89359,109930,897086,SEPA-NW,VA
100,40.8,2.3,1.0633,106002,36.18,46.02,Kappa3,17.7,1,17.7,0,Laxdale at Laxdale,Laxdale,12.1,57.86871,-6.89359,109930,897086,SEPA-NW,VA
200,46,2.6,1.0717,106002,40.16,52.69,Kappa3,17.7,1,17.7,0,Laxdale at Laxdale,Laxdale,12.1,57.86871,-6.89359,109930,897086,SEPA-NW,VA
500,53.8,3.04,1.0847,106002,45.87,63.09,Kappa3,17.7,1,17.7,0,Laxdale at Laxdale,Laxdale,12.1,57.86871,-6.89359,109930,897086,SEPA-NW,VA
1000,60.4,3.41,1.0958,106002,50.49,72.26,Kappa3,17.7,1,17.7,0,Laxdale at Laxdale,Laxdale,12.1,57.86871,-6.89359,109930,897086,SEPA-NW,VA
2,89.2,1,1.0255,201005,84.9,93.71,GEV,89.2,1.0137,87.995,0.0103,Camowen at Camowen Terrace,Camowen,276.6,54.60357,-7.28785,246071,373048,DfIR,VA
5,111,1.25,1.0283,201005,105.09,117.24,GEV,89.2,1.0137,87.995,0.0103,Camowen at Camowen Terrace,Camowen,276.6,54.60357,-7.28785,246071,373048,DfIR,VA
10,126,1.42,1.0334,201005,118.14,134.38,GEV,89.2,1.0137,87.995,0.0103,Camowen at Camowen Terrace,Camowen,276.6,54.60357,-7.28785,246071,373048,DfIR,VA
20,141,1.59,1.0409,201005,130.35,152.52,GEV,89.2,1.0137,87.995,0.0103,Camowen at Camowen Terrace,Camowen,276.6,54.60357,-7.28785,246071,373048,DfIR,VA
30,150,1.68,1.0464,201005,137.24,163.95,GEV,89.2,1.0137,87.995,0.0103,Camowen at Camowen Terrace,Camowen,276.6,54.60357,-7.28785,246071,373048,DfIR,VA
50,161,1.81,1.0542,201005,145.18,178.55,GEV,89.2,1.0137,87.995,0.0103,Camowen at Camowen Terrace,Camowen,276.6,54.60357,-7.28785,246071,373048,DfIR,VA
75,170,1.91,1.0611,201005,151.34,190.96,GEV,89.2,1.0137,87.995,0.0103,Camowen at Camowen Terrace,Camowen,276.6,54.60357,-7.28785,246071,373048,DfIR,VA
100,177,1.98,1.0663,201005,156.07,200.73,GEV,89.2,1.0137,87.995,0.0103,Camowen at Camowen Terrace,Camowen,276.6,54.60357,-7.28785,246071,373048,DfIR,VA
200,193,2.16,1.0801,201005,165.95,224.46,GEV,89.2,1.0137,87.995,0.0103,Camowen at Camowen Terrace,Camowen,276.6,54.60357,-7.28785,246071,373048,DfIR,VA
500,214,2.4,1.1005,201005,177.38,258.18,GEV,89.2,1.0137,87.995,0.0103,Camowen at Camowen Terrace,Camowen,276.6,54.60357,-7.28785,246071,373048,DfIR,VA
1000,231,2.59,1.1174,201005,185.83,287.14,GEV,89.2,1.0137,87.995,0.0103,Camowen at Camowen Terrace,Camowen,276.6,54.60357,-7.28785,246071,373048,DfIR,VA
2,155,1,1.0401,202001,143.5,167.42,GEV,155,1.012,153.157,0.0101,Roe at Ardnargle,Roe,364.4,55.06452,-6.94673,267344,424637,DfIR,VA
5,193,1.25,1.0415,202001,178.22,209.01,GEV,155,1.012,153.157,0.0101,Roe at Ardnargle,Roe,364.4,55.06452,-6.94673,267344,424637,DfIR,VA
10,217,1.4,1.0438,202001,199.51,236.02,GEV,155,1.012,153.157,0.0101,Roe at Ardnargle,Roe,364.4,55.06452,-6.94673,267344,424637,DfIR,VA
20,239,1.54,1.0471,202001,218.38,261.56,GEV,155,1.012,153.157,0.0101,Roe at Ardnargle,Roe,364.4,55.06452,-6.94673,267344,424637,DfIR,VA
30,251,1.62,1.0495,202001,228.32,275.93,GEV,155,1.012,153.157,0.0101,Roe at Ardnargle,Roe,364.4,55.06452,-6.94673,267344,424637,DfIR,VA
50,266,1.72,1.0532,202001,240.3,294.44,GEV,155,1.012,153.157,0.0101,Roe at Ardnargle,Roe,364.4,55.06452,-6.94673,267344,424637,DfIR,VA
75,277,1.79,1.0565,202001,248.71,308.51,GEV,155,1.012,153.157,0.0101,Roe at Ardnargle,Roe,364.4,55.06452,-6.94673,267344,424637,DfIR,VA
100,285,1.84,1.0592,202001,254.62,319.01,GEV,155,1.012,153.157,0.0101,Roe at Ardnargle,Roe,364.4,55.06452,-6.94673,267344,424637,DfIR,VA
200,303,1.96,1.0662,202001,267.23,343.56,GEV,155,1.012,153.157,0.0101,Roe at Ardnargle,Roe,364.4,55.06452,-6.94673,267344,424637,DfIR,VA
500,326,2.1,1.0771,202001,281.84,377.09,GEV,155,1.012,153.157,0.0101,Roe at Ardnargle,Roe,364.4,55.06452,-6.94673,267344,424637,DfIR,VA
1000,342,2.21,1.0865,202001,290.68,402.39,GEV,155,1.012,153.157,0.0101,Roe at Ardnargle,Roe,364.4,55.06452,-6.94673,267344,424637,DfIR,VA
2,135,1,1.0286,203010,127.74,142.67,GEV,135,1.004,134.464,0.0033,Blackwater at Maydown Bridge,Blackwater,970.2,54.40946,-6.73827,281974,351941,DfIR,VA
5,174,1.29,1.0303,203010,164.11,184.48,GEV,135,1.004,134.464,0.0033,Blackwater at Maydown Bridge,Blackwater,970.2,54.40946,-6.73827,281974,351941,DfIR,VA
10,200,1.49,1.0336,203010,187.46,213.38,GEV,135,1.004,134.464,0.0033,Blackwater at Maydown Bridge,Blackwater,970.2,54.40946,-6.73827,281974,351941,DfIR,VA
20,226,1.67,1.0386,203010,209.83,243.41,GEV,135,1.004,134.464,0.0033,Blackwater at Maydown Bridge,Blackwater,970.2,54.40946,-6.73827,281974,351941,DfIR,VA
30,241,1.78,1.0424,203010,222.16,261.44,GEV,135,1.004,134.464,0.0033,Blackwater at Maydown Bridge,Blackwater,970.2,54.40946,-6.73827,281974,351941,DfIR,VA
50,259,1.92,1.0479,203010,236.3,283.87,GEV,135,1.004,134.464,0.0033,Blackwater at Maydown Bridge,Blackwater,970.2,54.40946,-6.73827,281974,351941,DfIR,VA
75,274,2.03,1.053,203010,247.62,303.19,GEV,135,1.004,134.464,0.0033,Blackwater at Maydown Bridge,Blackwater,970.2,54.40946,-6.73827,281974,351941,DfIR,VA
100,285,2.11,1.0568,203010,255.75,317.59,GEV,135,1.004,134.464,0.0033,Blackwater at Maydown Bridge,Blackwater,970.2,54.40946,-6.73827,281974,351941,DfIR,VA
200,310,2.3,1.0672,203010,272.9,352.15,GEV,135,1.004,134.464,0.0033,Blackwater at Maydown Bridge,Blackwater,970.2,54.40946,-6.73827,281974,351941,DfIR,VA
500,344,2.55,1.0827,203010,294.39,401.97,GEV,135,1.004,134.464,0.0033,Blackwater at Maydown Bridge,Blackwater,970.2,54.40946,-6.73827,281974,351941,DfIR,VA
1000,370,2.74,1.0958,203010,309.26,442.66,GEV,135,1.004,134.464,0.0033,Blackwater at Maydown Bridge,Blackwater,970.2,54.40946,-6.73827,281974,351941,DfIR,VA
2,48.3,1,1.0223,203011,46.26,50.43,Kappa3,48.3,1.0068,47.973,0.005,Main at Dromona,Main,243.5,54.91773,-6.36523,304877,409012,DfIR,VA
5,57.9,1.2,1.0237,203011,55.3,60.62,Kappa3,48.3,1.0068,47.973,0.005,Main at Dromona,Main,243.5,54.91773,-6.36523,304877,409012,DfIR,VA
10,64.6,1.34,1.0268,203011,61.34,68.04,Kappa3,48.3,1.0068,47.973,0.005,Main at Dromona,Main,243.5,54.91773,-6.36523,304877,409012,DfIR,VA
20,71.4,1.48,1.0317,203011,67.16,75.9,Kappa3,48.3,1.0068,47.973,0.005,Main at Dromona,Main,243.5,54.91773,-6.36523,304877,409012,DfIR,VA
30,75.5,1.56,1.0355,203011,70.51,80.84,Kappa3,48.3,1.0068,47.973,0.005,Main at Dromona,Main,243.5,54.91773,-6.36523,304877,409012,DfIR,VA
50,80.9,1.67,1.041,203011,74.77,87.53,Kappa3,48.3,1.0068,47.973,0.005,Main at Dromona,Main,243.5,54.91773,-6.36523,304877,409012,DfIR,VA
75,85.4,1.77,1.0461,203011,78.18,93.29,Kappa3,48.3,1.0068,47.973,0.005,Main at Dromona,Main,243.5,54.91773,-6.36523,304877,409012,DfIR,VA
100,88.6,1.83,1.05,203011,80.52,97.49,Kappa3,48.3,1.0068,47.973,0.005,Main at Dromona,Main,243.5,54.91773,-6.36523,304877,409012,DfIR,VA
200,96.8,2,1.0604,203011,86.29,108.59,Kappa3,48.3,1.0068,47.973,0.005,Main at Dromona,Main,243.5,54.91773,-6.36523,304877,409012,DfIR,VA
500,109,2.25,1.0764,203011,94.35,125.92,Kappa3,48.3,1.0068,47.973,0.005,Main at Dromona,Main,243.5,54.91773,-6.36523,304877,409012,DfIR,VA
1000,118,2.45,1.0899,203011,99.68,139.69,Kappa3,48.3,1.0068,47.973,0.005,Main at Dromona,Main,243.5,54.91773,-6.36523,304877,409012,DfIR,VA
2,81.1,1,1.0538,203018,73.18,89.87,GEV,81.1,1.0593,76.559,0.0427,Six-Mile Water at Antrim,Six-Mile Water,277.6,54.71503,-6.22363,314528,386672,DfIR,VA
5,101,1.25,1.0538,203018,91.14,111.93,GEV,81.1,1.0593,76.559,0.0427,Six-Mile Water at Antrim,Six-Mile Water,277.6,54.71503,-6.22363,314528,386672,DfIR,VA
10,115,1.41,1.055,203018,103.54,127.72,GEV,81.1,1.0593,76.559,0.0427,Six-Mile Water at Antrim,Six-Mile Water,277.6,54.71503,-6.22363,314528,386672,DfIR,VA
20,128,1.57,1.0574,203018,114.74,142.8,GEV,81.1,1.0593,76.559,0.0427,Six-Mile Water at Antrim,Six-Mile Water,277.6,54.71503,-6.22363,314528,386672,DfIR,VA
30,135,1.67,1.0593,203018,120.59,151.14,GEV,81.1,1.0593,76.559,0.0427,Six-Mile Water at Antrim,Six-Mile Water,277.6,54.71503,-6.22363,314528,386672,DfIR,VA
50,145,1.78,1.0625,203018,128.75,163.29,GEV,81.1,1.0593,76.559,0.0427,Six-Mile Water at Antrim,Six-Mile Water,277.6,54.71503,-6.22363,314528,386672,DfIR,VA
75,152,1.87,1.0655,203018,134.23,172.13,GEV,81.1,1.0593,76.559,0.0427,Six-Mile Water at Antrim,Six-Mile Water,277.6,54.71503,-6.22363,314528,386672,DfIR,VA
100,157,1.94,1.068,203018,138.01,178.61,GEV,81.1,1.0593,76.559,0.0427,Six-Mile Water at Antrim,Six-Mile Water,277.6,54.71503,-6.22363,314528,386672,DfIR,VA
200,170,2.1,1.0749,203018,147.56,195.85,GEV,81.1,1.0593,76.559,0.0427,Six-Mile Water at Antrim,Six-Mile Water,277.6,54.71503,-6.22363,314528,386672,DfIR,VA
500,187,2.31,1.086,203018,159.08,219.82,GEV,81.1,1.0593,76.559,0.0427,Six-Mile Water at Antrim,Six-Mile Water,277.6,54.71503,-6.22363,314528,386672,DfIR,VA
1000,200,2.47,1.0959,203018,167.14,239.32,GEV,81.1,1.0593,76.559,0.0427,Six-Mile Water at Antrim,Six-Mile Water,277.6,54.71503,-6.22363,314528,386672,DfIR,VA
2,33.9,1,1.04,203019,31.39,36.61,GenLog,33.9,1.0107,33.542,0.0081,Claudy at Glenone Bridge,Claudy,126.3,54.87266,-6.50079,296292,403801,DfIR,VA
5,41.2,1.22,1.042,203019,38.01,44.66,GenLog,33.9,1.0107,33.542,0.0081,Claudy at Glenone Bridge,Claudy,126.3,54.87266,-6.50079,296292,403801,DfIR,VA
10,46.7,1.38,1.0455,203019,42.8,50.96,GenLog,33.9,1.0107,33.542,0.0081,Claudy at Glenone Bridge,Claudy,126.3,54.87266,-6.50079,296292,403801,DfIR,VA
20,52.6,1.55,1.0511,203019,47.7,58,GenLog,33.9,1.0107,33.542,0.0081,Claudy at Glenone Bridge,Claudy,126.3,54.87266,-6.50079,296292,403801,DfIR,VA
30,56.4,1.66,1.0553,203019,50.75,62.68,GenLog,33.9,1.0107,33.542,0.0081,Claudy at Glenone Bridge,Claudy,126.3,54.87266,-6.50079,296292,403801,DfIR,VA
50,61.6,1.82,1.0617,203019,54.78,69.27,GenLog,33.9,1.0107,33.542,0.0081,Claudy at Glenone Bridge,Claudy,126.3,54.87266,-6.50079,296292,403801,DfIR,VA
75,66.1,1.95,1.0675,203019,58.16,75.13,GenLog,33.9,1.0107,33.542,0.0081,Claudy at Glenone Bridge,Claudy,126.3,54.87266,-6.50079,296292,403801,DfIR,VA
100,69.6,2.05,1.0721,203019,60.72,79.78,GenLog,33.9,1.0107,33.542,0.0081,Claudy at Glenone Bridge,Claudy,126.3,54.87266,-6.50079,296292,403801,DfIR,VA
200,78.8,2.32,1.0843,203019,67.24,92.35,GenLog,33.9,1.0107,33.542,0.0081,Claudy at Glenone Bridge,Claudy,126.3,54.87266,-6.50079,296292,403801,DfIR,VA
500,93.2,2.75,1.103,203019,76.91,112.94,GenLog,33.9,1.0107,33.542,0.0081,Claudy at Glenone Bridge,Claudy,126.3,54.87266,-6.50079,296292,403801,DfIR,VA
1000,106,3.13,1.1189,203019,85.05,132.11,GenLog,33.9,1.0107,33.542,0.0081,Claudy at Glenone Bridge,Claudy,126.3,54.87266,-6.50079,296292,403801,DfIR,VA
2,114,1,1.0204,203020,109.58,118.6,Kappa3,114,1.0208,111.673,0.0149,Moyola at Moyola New Bridge,Moyola,304.3,54.75354,-6.51548,295630,390521,DfIR,VA
5,137,1.2,1.0227,203020,131.1,143.16,Kappa3,114,1.0208,111.673,0.0149,Moyola at Moyola New Bridge,Moyola,304.3,54.75354,-6.51548,295630,390521,DfIR,VA
10,152,1.34,1.027,203020,144.27,160.15,Kappa3,114,1.0208,111.673,0.0149,Moyola at Moyola New Bridge,Moyola,304.3,54.75354,-6.51548,295630,390521,DfIR,VA
20,167,1.47,1.0328,203020,156.76,177.91,Kappa3,114,1.0208,111.673,0.0149,Moyola at Moyola New Bridge,Moyola,304.3,54.75354,-6.51548,295630,390521,DfIR,VA
30,176,1.55,1.0369,203020,163.93,188.95,Kappa3,114,1.0208,111.673,0.0149,Moyola at Moyola New Bridge,Moyola,304.3,54.75354,-6.51548,295630,390521,DfIR,VA
50,188,1.65,1.0427,203020,173.21,204.06,Kappa3,114,1.0208,111.673,0.0149,Moyola at Moyola New Bridge,Moyola,304.3,54.75354,-6.51548,295630,390521,DfIR,VA
75,197,1.73,1.0478,203020,179.77,215.88,Kappa3,114,1.0208,111.673,0.0149,Moyola at Moyola New Bridge,Moyola,304.3,54.75354,-6.51548,295630,390521,DfIR,VA
100,203,1.78,1.0516,203020,183.94,224.04,Kappa3,114,1.0208,111.673,0.0149,Moyola at Moyola New Bridge,Moyola,304.3,54.75354,-6.51548,295630,390521,DfIR,VA
200,220,1.93,1.0616,203020,195.68,247.35,Kappa3,114,1.0208,111.673,0.0149,Moyola at Moyola New Bridge,Moyola,304.3,54.75354,-6.51548,295630,390521,DfIR,VA
500,242,2.12,1.0764,203020,209.48,279.57,Kappa3,114,1.0208,111.673,0.0149,Moyola at Moyola New Bridge,Moyola,304.3,54.75354,-6.51548,295630,390521,DfIR,VA
1000,260,2.28,1.0887,203020,220.11,307.12,Kappa3,114,1.0208,111.673,0.0149,Moyola at Moyola New Bridge,Moyola,304.3,54.75354,-6.51548,295630,390521,DfIR,VA
2,62.4,1,1.0434,203022,57.41,67.82,Gumbel,62.4,1.0034,62.186,0.0027,Blackwater at Derrymeen Bridge,Blackwater,182.9,54.42201,-7.03778,262508,353031,DfIR,VA
5,77.8,1.25,1.0463,203022,71.2,85.02,Gumbel,62.4,1.0034,62.186,0.0027,Blackwater at Derrymeen Bridge,Blackwater,182.9,54.42201,-7.03778,262508,353031,DfIR,VA
10,88.1,1.41,1.0505,203022,79.99,97.03,Gumbel,62.4,1.0034,62.186,0.0027,Blackwater at Derrymeen Bridge,Blackwater,182.9,54.42201,-7.03778,262508,353031,DfIR,VA
20,97.9,1.57,1.0562,203022,87.95,108.97,Gumbel,62.4,1.0034,62.186,0.0027,Blackwater at Derrymeen Bridge,Blackwater,182.9,54.42201,-7.03778,262508,353031,DfIR,VA
30,104,1.66,1.0604,203022,92.71,116.67,Gumbel,62.4,1.0034,62.186,0.0027,Blackwater at Derrymeen Bridge,Blackwater,182.9,54.42201,-7.03778,262508,353031,DfIR,VA
50,111,1.77,1.0664,203022,97.86,125.91,Gumbel,62.4,1.0034,62.186,0.0027,Blackwater at Derrymeen Bridge,Blackwater,182.9,54.42201,-7.03778,262508,353031,DfIR,VA
75,116,1.86,1.0718,203022,101.26,132.89,Gumbel,62.4,1.0034,62.186,0.0027,Blackwater at Derrymeen Bridge,Blackwater,182.9,54.42201,-7.03778,262508,353031,DfIR,VA
100,120,1.92,1.076,203022,103.95,138.53,Gumbel,62.4,1.0034,62.186,0.0027,Blackwater at Derrymeen Bridge,Blackwater,182.9,54.42201,-7.03778,262508,353031,DfIR,VA
200,130,2.08,1.087,203022,110.39,153.09,Gumbel,62.4,1.0034,62.186,0.0027,Blackwater at Derrymeen Bridge,Blackwater,182.9,54.42201,-7.03778,262508,353031,DfIR,VA
500,142,2.28,1.1038,203022,117.01,172.33,Gumbel,62.4,1.0034,62.186,0.0027,Blackwater at Derrymeen Bridge,Blackwater,182.9,54.42201,-7.03778,262508,353031,DfIR,VA
1000,152,2.43,1.1179,203022,122.17,189.11,Gumbel,62.4,1.0034,62.186,0.0027,Blackwater at Derrymeen Bridge,Blackwater,182.9,54.42201,-7.03778,262508,353031,DfIR,VA
2,52.5,1,1.0293,203024,49.61,55.56,Gumbel,52.5,1.0094,52.009,0.0079,Cusher at Gamble's Bridge,Cusher,170.7,54.36172,-6.38868,304793,347090,DfIR,VA
5,70.4,1.34,1.0323,203024,66.15,74.93,Gumbel,52.5,1.0094,52.009,0.0079,Cusher at Gamble's Bridge,Cusher,170.7,54.36172,-6.38868,304793,347090,DfIR,VA
10,82.2,1.57,1.0358,203024,76.72,88.07,Gumbel,52.5,1.0094,52.009,0.0079,Cusher at Gamble's Bridge,Cusher,170.7,54.36172,-6.38868,304793,347090,DfIR,VA
20,93.6,1.78,1.0406,203024,86.58,101.19,Gumbel,52.5,1.0094,52.009,0.0079,Cusher at Gamble's Bridge,Cusher,170.7,54.36172,-6.38868,304793,347090,DfIR,VA
30,100,1.91,1.0441,203024,91.89,108.83,Gumbel,52.5,1.0094,52.009,0.0079,Cusher at Gamble's Bridge,Cusher,170.7,54.36172,-6.38868,304793,347090,DfIR,VA
50,108,2.06,1.049,203024,98.33,118.62,Gumbel,52.5,1.0094,52.009,0.0079,Cusher at Gamble's Bridge,Cusher,170.7,54.36172,-6.38868,304793,347090,DfIR,VA
75,115,2.18,1.0534,203024,103.85,127.34,Gumbel,52.5,1.0094,52.009,0.0079,Cusher at Gamble's Bridge,Cusher,170.7,54.36172,-6.38868,304793,347090,DfIR,VA
100,119,2.27,1.0567,203024,106.81,132.58,Gumbel,52.5,1.0094,52.009,0.0079,Cusher at Gamble's Bridge,Cusher,170.7,54.36172,-6.38868,304793,347090,DfIR,VA
200,130,2.48,1.0655,203024,114.8,147.21,Gumbel,52.5,1.0094,52.009,0.0079,Cusher at Gamble's Bridge,Cusher,170.7,54.36172,-6.38868,304793,347090,DfIR,VA
500,145,2.76,1.0788,203024,124.97,168.24,Gumbel,52.5,1.0094,52.009,0.0079,Cusher at Gamble's Bridge,Cusher,170.7,54.36172,-6.38868,304793,347090,DfIR,VA
1000,156,2.97,1.0898,203024,131.8,184.64,Gumbel,52.5,1.0094,52.009,0.0079,Cusher at Gamble's Bridge,Cusher,170.7,54.36172,-6.38868,304793,347090,DfIR,VA
2,66.7,1,1.0357,203028,62.27,71.45,Kappa3,66.7,1.0065,66.268,0.0057,Agivey at Whitehill,Agivey,100.5,55.01386,-6.61989,288337,419362,DfIR,VA
5,82.6,1.24,1.0376,203028,76.84,88.8,Kappa3,66.7,1.0065,66.268,0.0057,Agivey at Whitehill,Agivey,100.5,55.01386,-6.61989,288337,419362,DfIR,VA
10,93.8,1.41,1.0408,203028,86.73,101.45,Kappa3,66.7,1.0065,66.268,0.0057,Agivey at Whitehill,Agivey,100.5,55.01386,-6.61989,288337,419362,DfIR,VA
20,105,1.58,1.0459,203028,96.16,114.65,Kappa3,66.7,1.0065,66.268,0.0057,Agivey at Whitehill,Agivey,100.5,55.01386,-6.61989,288337,419362,DfIR,VA
30,112,1.68,1.0497,203028,101.84,123.17,Kappa3,66.7,1.0065,66.268,0.0057,Agivey at Whitehill,Agivey,100.5,55.01386,-6.61989,288337,419362,DfIR,VA
50,121,1.82,1.0553,203028,108.89,134.46,Kappa3,66.7,1.0065,66.268,0.0057,Agivey at Whitehill,Agivey,100.5,55.01386,-6.61989,288337,419362,DfIR,VA
75,129,1.93,1.0604,203028,114.99,144.71,Kappa3,66.7,1.0065,66.268,0.0057,Agivey at Whitehill,Agivey,100.5,55.01386,-6.61989,288337,419362,DfIR,VA
100,134,2.01,1.0644,203028,118.57,151.44,Kappa3,66.7,1.0065,66.268,0.0057,Agivey at Whitehill,Agivey,100.5,55.01386,-6.61989,288337,419362,DfIR,VA
200,148,2.22,1.0752,203028,128.39,170.6,Kappa3,66.7,1.0065,66.268,0.0057,Agivey at Whitehill,Agivey,100.5,55.01386,-6.61989,288337,419362,DfIR,VA
500,168,2.52,1.0916,203028,141.48,199.49,Kappa3,66.7,1.0065,66.268,0.0057,Agivey at Whitehill,Agivey,100.5,55.01386,-6.61989,288337,419362,DfIR,VA
1000,185,2.77,1.1054,203028,152.01,225.15,Kappa3,66.7,1.0065,66.268,0.0057,Agivey at Whitehill,Agivey,100.5,55.01386,-6.61989,288337,419362,DfIR,VA
2,203,1,1.0329,203093,190.52,216.3,Kappa3,203,1.0238,198.285,0.0177,Main at Shane's Viaduct,Main,707.4,54.74267,-6.31425,308614,389605,DfIR,VA
5,252,1.24,1.0348,203093,235.66,269.48,Kappa3,203,1.0238,198.285,0.0177,Main at Shane's Viaduct,Main,707.4,54.74267,-6.31425,308614,389605,DfIR,VA
10,289,1.42,1.0384,203093,268.43,311.15,Kappa3,203,1.0238,198.285,0.0177,Main at Shane's Viaduct,Main,707.4,54.74267,-6.31425,308614,389605,DfIR,VA
20,328,1.62,1.0442,203093,301.34,357.02,Kappa3,203,1.0238,198.285,0.0177,Main at Shane's Viaduct,Main,707.4,54.74267,-6.31425,308614,389605,DfIR,VA
30,352,1.74,1.0486,203093,320.74,386.31,Kappa3,203,1.0238,198.285,0.0177,Main at Shane's Viaduct,Main,707.4,54.74267,-6.31425,308614,389605,DfIR,VA
50,385,1.9,1.0551,203093,346.58,427.68,Kappa3,203,1.0238,198.285,0.0177,Main at Shane's Viaduct,Main,707.4,54.74267,-6.31425,308614,389605,DfIR,VA
75,413,2.04,1.0611,203093,367.68,463.91,Kappa3,203,1.0238,198.285,0.0177,Main at Shane's Viaduct,Main,707.4,54.74267,-6.31425,308614,389605,DfIR,VA
100,434,2.14,1.0657,203093,383.11,491.65,Kappa3,203,1.0238,198.285,0.0177,Main at Shane's Viaduct,Main,707.4,54.74267,-6.31425,308614,389605,DfIR,VA
200,489,2.41,1.0781,203093,421.99,566.66,Kappa3,203,1.0238,198.285,0.0177,Main at Shane's Viaduct,Main,707.4,54.74267,-6.31425,308614,389605,DfIR,VA
500,570,2.81,1.0969,203093,475.5,683.29,Kappa3,203,1.0238,198.285,0.0177,Main at Shane's Viaduct,Main,707.4,54.74267,-6.31425,308614,389605,DfIR,VA
1000,641,3.16,1.1127,203093,519.94,790.24,Kappa3,203,1.0238,198.285,0.0177,Main at Shane's Viaduct,Main,707.4,54.74267,-6.31425,308614,389605,DfIR,VA
2,62.5,1,1.0289,204001,59.11,66.09,Kappa3,62.5,1.0071,62.057,0.0056,Bush at Seneirl Bridge,Bush,299.2,55.16444,-6.52283,294191,436250,DfIR,VA
5,74.4,1.19,1.0296,204001,70.27,78.78,Kappa3,62.5,1.0071,62.057,0.0056,Bush at Seneirl Bridge,Bush,299.2,55.16444,-6.52283,294191,436250,DfIR,VA
10,82.6,1.32,1.0314,204001,77.74,87.76,Kappa3,62.5,1.0071,62.057,0.0056,Bush at Seneirl Bridge,Bush,299.2,55.16444,-6.52283,294191,436250,DfIR,VA
20,91.1,1.46,1.0347,204001,85.21,97.4,Kappa3,62.5,1.0071,62.057,0.0056,Bush at Seneirl Bridge,Bush,299.2,55.16444,-6.52283,294191,436250,DfIR,VA
30,96.2,1.54,1.0374,204001,89.52,103.38,Kappa3,62.5,1.0071,62.057,0.0056,Bush at Seneirl Bridge,Bush,299.2,55.16444,-6.52283,294191,436250,DfIR,VA
50,103,1.65,1.0416,204001,95.09,111.57,Kappa3,62.5,1.0071,62.057,0.0056,Bush at Seneirl Bridge,Bush,299.2,55.16444,-6.52283,294191,436250,DfIR,VA
75,108,1.73,1.0456,204001,98.96,117.86,Kappa3,62.5,1.0071,62.057,0.0056,Bush at Seneirl Bridge,Bush,299.2,55.16444,-6.52283,294191,436250,DfIR,VA
100,112,1.8,1.0488,204001,102.01,122.96,Kappa3,62.5,1.0071,62.057,0.0056,Bush at Seneirl Bridge,Bush,299.2,55.16444,-6.52283,294191,436250,DfIR,VA
200,123,1.96,1.0575,204001,110.23,137.24,Kappa3,62.5,1.0071,62.057,0.0056,Bush at Seneirl Bridge,Bush,299.2,55.16444,-6.52283,294191,436250,DfIR,VA
500,137,2.2,1.0712,204001,119.72,156.77,Kappa3,62.5,1.0071,62.057,0.0056,Bush at Seneirl Bridge,Bush,299.2,55.16444,-6.52283,294191,436250,DfIR,VA
1000,149,2.39,1.0831,204001,127.42,174.24,Kappa3,62.5,1.0071,62.057,0.0056,Bush at Seneirl Bridge,Bush,299.2,55.16444,-6.52283,294191,436250,DfIR,VA
2,75.3,1,1.0514,205004,68.25,83.07,GEV,75.3,1.0795,69.754,0.0552,Lagan at Newforge,Lagan,491.6,54.55472,-5.94704,332872,369316,DfIR,VA
5,98.8,1.31,1.0527,205004,89.34,109.26,GEV,75.3,1.0795,69.754,0.0552,Lagan at Newforge,Lagan,491.6,54.55472,-5.94704,332872,369316,DfIR,VA
10,116,1.53,1.0558,205004,104.29,129.03,GEV,75.3,1.0795,69.754,0.0552,Lagan at Newforge,Lagan,491.6,54.55472,-5.94704,332872,369316,DfIR,VA
20,133,1.76,1.0608,205004,118.47,149.31,GEV,75.3,1.0795,69.754,0.0552,Lagan at Newforge,Lagan,491.6,54.55472,-5.94704,332872,369316,DfIR,VA
30,143,1.9,1.0647,205004,126.47,161.7,GEV,75.3,1.0795,69.754,0.0552,Lagan at Newforge,Lagan,491.6,54.55472,-5.94704,332872,369316,DfIR,VA
50,156,2.07,1.0707,205004,136.45,178.35,GEV,75.3,1.0795,69.754,0.0552,Lagan at Newforge,Lagan,491.6,54.55472,-5.94704,332872,369316,DfIR,VA
75,167,2.22,1.0761,205004,144.64,192.82,GEV,75.3,1.0795,69.754,0.0552,Lagan at Newforge,Lagan,491.6,54.55472,-5.94704,332872,369316,DfIR,VA
100,175,2.32,1.0804,205004,150.39,203.64,GEV,75.3,1.0795,69.754,0.0552,Lagan at Newforge,Lagan,491.6,54.55472,-5.94704,332872,369316,DfIR,VA
200,195,2.59,1.0919,205004,164.13,231.67,GEV,75.3,1.0795,69.754,0.0552,Lagan at Newforge,Lagan,491.6,54.55472,-5.94704,332872,369316,DfIR,VA
500,222,2.95,1.1096,205004,181.06,272.19,GEV,75.3,1.0795,69.754,0.0552,Lagan at Newforge,Lagan,491.6,54.55472,-5.94704,332872,369316,DfIR,VA
1000,245,3.25,1.1245,205004,194.66,308.35,GEV,75.3,1.0795,69.754,0.0552,Lagan at Newforge,Lagan,491.6,54.55472,-5.94704,332872,369316,DfIR,VA
2,14.6,1,1.0484,205005,13.31,16.02,Gumbel,14.6,1.01,14.456,0.0084,Ravernet at Ravernet,Ravernet,73.5,54.48403,-6.04659,326651,361265,DfIR,FV+VA
5,19.8,1.35,1.0513,205005,17.95,21.84,Gumbel,14.6,1.01,14.456,0.0084,Ravernet at Ravernet,Ravernet,73.5,54.48403,-6.04659,326651,361265,DfIR,FV+VA
10,23.2,1.59,1.0555,205005,20.87,25.79,Gumbel,14.6,1.01,14.456,0.0084,Ravernet at Ravernet,Ravernet,73.5,54.48403,-6.04659,326651,361265,DfIR,FV+VA
20,26.5,1.81,1.0616,205005,23.57,29.79,Gumbel,14.6,1.01,14.456,0.0084,Ravernet at Ravernet,Ravernet,73.5,54.48403,-6.04659,326651,361265,DfIR,FV+VA
30,28.4,1.94,1.0662,205005,25.05,32.2,Gumbel,14.6,1.01,14.456,0.0084,Ravernet at Ravernet,Ravernet,73.5,54.48403,-6.04659,326651,361265,DfIR,FV+VA
50,30.7,2.1,1.073,205005,26.74,35.25,Gumbel,14.6,1.01,14.456,0.0084,Ravernet at Ravernet,Ravernet,73.5,54.48403,-6.04659,326651,361265,DfIR,FV+VA
75,32.6,2.23,1.0791,205005,28.08,37.85,Gumbel,14.6,1.01,14.456,0.0084,Ravernet at Ravernet,Ravernet,73.5,54.48403,-6.04659,326651,361265,DfIR,FV+VA
100,33.9,2.32,1.0838,205005,28.95,39.69,Gumbel,14.6,1.01,14.456,0.0084,Ravernet at Ravernet,Ravernet,73.5,54.48403,-6.04659,326651,361265,DfIR,FV+VA
200,37.1,2.54,1.0964,205005,30.98,44.43,Gumbel,14.6,1.01,14.456,0.0084,Ravernet at Ravernet,Ravernet,73.5,54.48403,-6.04659,326651,361265,DfIR,FV+VA
500,41.3,2.83,1.1155,205005,33.34,51.17,Gumbel,14.6,1.01,14.456,0.0084,Ravernet at Ravernet,Ravernet,73.5,54.48403,-6.04659,326651,361265,DfIR,FV+VA
1000,44.4,3.04,1.1315,205005,34.85,56.56,Gumbel,14.6,1.01,14.456,0.0084,Ravernet at Ravernet,Ravernet,73.5,54.48403,-6.04659,326651,361265,DfIR,FV+VA
2,27.8,1,1.0499,205008,25.27,30.58,Gumbel,27.8,1.0079,27.583,0.0071,Lagan at Drumiller,Lagan,84.6,54.40601,-6.09675,323635,352493,DfIR,FV+VA
5,36.4,1.31,1.0513,205008,33,40.15,Gumbel,27.8,1.0079,27.583,0.0071,Lagan at Drumiller,Lagan,84.6,54.40601,-6.09675,323635,352493,DfIR,FV+VA
10,42,1.51,1.0533,205008,37.94,46.5,Gumbel,27.8,1.0079,27.583,0.0071,Lagan at Drumiller,Lagan,84.6,54.40601,-6.09675,323635,352493,DfIR,FV+VA
20,47.5,1.71,1.0564,205008,42.66,52.89,Gumbel,27.8,1.0079,27.583,0.0071,Lagan at Drumiller,Lagan,84.6,54.40601,-6.09675,323635,352493,DfIR,FV+VA
30,50.6,1.82,1.0588,205008,45.24,56.6,Gumbel,27.8,1.0079,27.583,0.0071,Lagan at Drumiller,Lagan,84.6,54.40601,-6.09675,323635,352493,DfIR,FV+VA
50,54.5,1.96,1.0624,205008,48.4,61.37,Gumbel,27.8,1.0079,27.583,0.0071,Lagan at Drumiller,Lagan,84.6,54.40601,-6.09675,323635,352493,DfIR,FV+VA
75,57.6,2.07,1.0657,205008,50.85,65.25,Gumbel,27.8,1.0079,27.583,0.0071,Lagan at Drumiller,Lagan,84.6,54.40601,-6.09675,323635,352493,DfIR,FV+VA
100,59.8,2.15,1.0684,205008,52.53,68.08,Gumbel,27.8,1.0079,27.583,0.0071,Lagan at Drumiller,Lagan,84.6,54.40601,-6.09675,323635,352493,DfIR,FV+VA
200,65.1,2.34,1.0757,205008,56.42,75.11,Gumbel,27.8,1.0079,27.583,0.0071,Lagan at Drumiller,Lagan,84.6,54.40601,-6.09675,323635,352493,DfIR,FV+VA
500,72,2.59,1.0872,205008,61.12,84.82,Gumbel,27.8,1.0079,27.583,0.0071,Lagan at Drumiller,Lagan,84.6,54.40601,-6.09675,323635,352493,DfIR,FV+VA
1000,77.3,2.78,1.0972,205008,64.45,92.71,Gumbel,27.8,1.0079,27.583,0.0071,Lagan at Drumiller,Lagan,84.6,54.40601,-6.09675,323635,352493,DfIR,FV+VA
2,41.4,1,1.0669,205011,36.47,47,Gumbel,41.4,1.023,40.469,0.0201,Annacloy at Kilmore Bridge,Annacloy,186.6,54.3853,-5.77106,344853,350808,DfIR,VA
5,54.5,1.32,1.0667,205011,48.02,61.85,Gumbel,41.4,1.023,40.469,0.0201,Annacloy at Kilmore Bridge,Annacloy,186.6,54.3853,-5.77106,344853,350808,DfIR,VA
10,63.2,1.53,1.0681,205011,55.54,71.91,Gumbel,41.4,1.023,40.469,0.0201,Annacloy at Kilmore Bridge,Annacloy,186.6,54.3853,-5.77106,344853,350808,DfIR,VA
20,71.5,1.73,1.071,205011,62.51,81.79,Gumbel,41.4,1.023,40.469,0.0201,Annacloy at Kilmore Bridge,Annacloy,186.6,54.3853,-5.77106,344853,350808,DfIR,VA
30,76.3,1.84,1.0735,205011,66.4,87.68,Gumbel,41.4,1.023,40.469,0.0201,Annacloy at Kilmore Bridge,Annacloy,186.6,54.3853,-5.77106,344853,350808,DfIR,VA
50,82.3,1.99,1.0776,205011,71.09,95.28,Gumbel,41.4,1.023,40.469,0.0201,Annacloy at Kilmore Bridge,Annacloy,186.6,54.3853,-5.77106,344853,350808,DfIR,VA
75,87,2.1,1.0816,205011,74.6,101.46,Gumbel,41.4,1.023,40.469,0.0201,Annacloy at Kilmore Bridge,Annacloy,186.6,54.3853,-5.77106,344853,350808,DfIR,VA
100,90.4,2.18,1.0848,205011,77.07,106.04,Gumbel,41.4,1.023,40.469,0.0201,Annacloy at Kilmore Bridge,Annacloy,186.6,54.3853,-5.77106,344853,350808,DfIR,VA
200,98.4,2.38,1.0939,205011,82.53,117.33,Gumbel,41.4,1.023,40.469,0.0201,Annacloy at Kilmore Bridge,Annacloy,186.6,54.3853,-5.77106,344853,350808,DfIR,VA
500,109,2.63,1.1085,205011,89.07,133.39,Gumbel,41.4,1.023,40.469,0.0201,Annacloy at Kilmore Bridge,Annacloy,186.6,54.3853,-5.77106,344853,350808,DfIR,VA
1000,117,2.83,1.1213,205011,93.48,146.43,Gumbel,41.4,1.023,40.469,0.0201,Annacloy at Kilmore Bridge,Annacloy,186.6,54.3853,-5.77106,344853,350808,DfIR,VA
2,19.5,1,1.0759,205020,16.9,22.51,GEV,19.5,1.0854,17.966,0.0598,Enler at Comber,Enler,61.8,54.55465,-5.74545,345913,369708,DfIR,FV
5,27.2,1.4,1.0758,205020,23.57,31.39,GEV,19.5,1.0854,17.966,0.0598,Enler at Comber,Enler,61.8,54.55465,-5.74545,345913,369708,DfIR,FV
10,33,1.69,1.0777,205020,28.5,38.21,GEV,19.5,1.0854,17.966,0.0598,Enler at Comber,Enler,61.8,54.55465,-5.74545,345913,369708,DfIR,FV
20,39.1,2.01,1.0812,205020,33.55,45.57,GEV,19.5,1.0854,17.966,0.0598,Enler at Comber,Enler,61.8,54.55465,-5.74545,345913,369708,DfIR,FV
30,42.9,2.2,1.0842,205020,36.61,50.27,GEV,19.5,1.0854,17.966,0.0598,Enler at Comber,Enler,61.8,54.55465,-5.74545,345913,369708,DfIR,FV
50,47.9,2.46,1.0889,205020,40.54,56.6,GEV,19.5,1.0854,17.966,0.0598,Enler at Comber,Enler,61.8,54.55465,-5.74545,345913,369708,DfIR,FV
75,52.2,2.67,1.0934,205020,43.82,62.18,GEV,19.5,1.0854,17.966,0.0598,Enler at Comber,Enler,61.8,54.55465,-5.74545,345913,369708,DfIR,FV
100,55.3,2.83,1.0969,205020,46.13,66.29,GEV,19.5,1.0854,17.966,0.0598,Enler at Comber,Enler,61.8,54.55465,-5.74545,345913,369708,DfIR,FV
200,63.3,3.25,1.1068,205020,51.88,77.23,GEV,19.5,1.0854,17.966,0.0598,Enler at Comber,Enler,61.8,54.55465,-5.74545,345913,369708,DfIR,FV
500,75.1,3.85,1.1224,205020,59.89,94.17,GEV,19.5,1.0854,17.966,0.0598,Enler at Comber,Enler,61.8,54.55465,-5.74545,345913,369708,DfIR,FV
1000,84.9,4.36,1.136,205020,66.13,109.01,GEV,19.5,1.0854,17.966,0.0598,Enler at Comber,Enler,61.8,54.55465,-5.74545,345913,369708,DfIR,FV
2,20,1,1.036,206001,18.66,21.44,GEV,20,1.0184,19.639,0.0102,Clanrye at Mountmill Bridge,Clanrye,120.3,54.21668,-6.33695,308536,331026,DfIR,VA
5,27.7,1.39,1.0401,206001,25.65,29.92,GEV,20,1.0184,19.639,0.0102,Clanrye at Mountmill Bridge,Clanrye,120.3,54.21668,-6.33695,308536,331026,DfIR,VA
10,33.5,1.68,1.0461,206001,30.67,36.59,GEV,20,1.0184,19.639,0.0102,Clanrye at Mountmill Bridge,Clanrye,120.3,54.21668,-6.33695,308536,331026,DfIR,VA
20,39.6,1.98,1.0543,206001,35.7,43.92,GEV,20,1.0184,19.639,0.0102,Clanrye at Mountmill Bridge,Clanrye,120.3,54.21668,-6.33695,308536,331026,DfIR,VA
30,43.4,2.17,1.0601,206001,38.71,48.66,GEV,20,1.0184,19.639,0.0102,Clanrye at Mountmill Bridge,Clanrye,120.3,54.21668,-6.33695,308536,331026,DfIR,VA
50,48.4,2.42,1.0683,206001,42.52,55.09,GEV,20,1.0184,19.639,0.0102,Clanrye at Mountmill Bridge,Clanrye,120.3,54.21668,-6.33695,308536,331026,DfIR,VA
75,52.6,2.63,1.0755,206001,45.61,60.67,GEV,20,1.0184,19.639,0.0102,Clanrye at Mountmill Bridge,Clanrye,120.3,54.21668,-6.33695,308536,331026,DfIR,VA
100,55.7,2.78,1.0809,206001,47.82,64.87,GEV,20,1.0184,19.639,0.0102,Clanrye at Mountmill Bridge,Clanrye,120.3,54.21668,-6.33695,308536,331026,DfIR,VA
200,63.6,3.18,1.095,206001,53.24,75.98,GEV,20,1.0184,19.639,0.0102,Clanrye at Mountmill Bridge,Clanrye,120.3,54.21668,-6.33695,308536,331026,DfIR,VA
500,75.3,3.76,1.1156,206001,60.77,93.31,GEV,20,1.0184,19.639,0.0102,Clanrye at Mountmill Bridge,Clanrye,120.3,54.21668,-6.33695,308536,331026,DfIR,VA
1000,85.1,4.25,1.1325,206001,66.68,108.6,GEV,20,1.0184,19.639,0.0102,Clanrye at Mountmill Bridge,Clanrye,120.3,54.21668,-6.33695,308536,331026,DfIR,VA
2,15.3,1,1.0431,206006,14.09,16.62,Kappa3,15.3,1,15.3,0,Annalong at Recorder,Annalong,13.8,54.13925,-5.93509,335000,323100,BCDWC,TP
5,19.7,1.29,1.046,206006,18.04,21.52,Kappa3,15.3,1,15.3,0,Annalong at Recorder,Annalong,13.8,54.13925,-5.93509,335000,323100,BCDWC,TP
10,22.8,1.49,1.0495,206006,20.74,25.06,Kappa3,15.3,1,15.3,0,Annalong at Recorder,Annalong,13.8,54.13925,-5.93509,335000,323100,BCDWC,TP
20,26,1.7,1.0543,206006,23.44,28.84,Kappa3,15.3,1,15.3,0,Annalong at Recorder,Annalong,13.8,54.13925,-5.93509,335000,323100,BCDWC,TP
30,28,1.83,1.0576,206006,25.09,31.25,Kappa3,15.3,1,15.3,0,Annalong at Recorder,Annalong,13.8,54.13925,-5.93509,335000,323100,BCDWC,TP
50,30.6,2,1.0624,206006,27.18,34.45,Kappa3,15.3,1,15.3,0,Annalong at Recorder,Annalong,13.8,54.13925,-5.93509,335000,323100,BCDWC,TP
75,32.8,2.14,1.0667,206006,28.9,37.23,Kappa3,15.3,1,15.3,0,Annalong at Recorder,Annalong,13.8,54.13925,-5.93509,335000,323100,BCDWC,TP
100,34.4,2.25,1.07,206006,30.13,39.28,Kappa3,15.3,1,15.3,0,Annalong at Recorder,Annalong,13.8,54.13925,-5.93509,335000,323100,BCDWC,TP
200,38.5,2.51,1.0787,206006,33.19,44.66,Kappa3,15.3,1,15.3,0,Annalong at Recorder,Annalong,13.8,54.13925,-5.93509,335000,323100,BCDWC,TP
500,44.4,2.9,1.092,206006,37.37,52.76,Kappa3,15.3,1,15.3,0,Annalong at Recorder,Annalong,13.8,54.13925,-5.93509,335000,323100,BCDWC,TP
1000,49.4,3.23,1.1031,206006,40.76,59.88,Kappa3,15.3,1,15.3,0,Annalong at Recorder,Annalong,13.8,54.13925,-5.93509,335000,323100,BCDWC,TP
2,109,1,1.0298,236005,102.9,115.46,Gumbel,109,1.0045,108.515,0.0037,Colebrooke at Ballindarragh Bridge,Colebrooke,313.6,54.27093,-7.49124,233195,335906,DfIR,VA
5,136,1.24,1.0302,236005,128.3,144.17,Gumbel,109,1.0045,108.515,0.0037,Colebrooke at Ballindarragh Bridge,Colebrooke,313.6,54.27093,-7.49124,233195,335906,DfIR,VA
10,153,1.41,1.0319,236005,143.87,162.71,Gumbel,109,1.0045,108.515,0.0037,Colebrooke at Ballindarragh Bridge,Colebrooke,313.6,54.27093,-7.49124,233195,335906,DfIR,VA
20,170,1.56,1.0351,236005,158.89,181.89,Gumbel,109,1.0045,108.515,0.0037,Colebrooke at Ballindarragh Bridge,Colebrooke,313.6,54.27093,-7.49124,233195,335906,DfIR,VA
30,180,1.65,1.0377,236005,167.41,193.54,Gumbel,109,1.0045,108.515,0.0037,Colebrooke at Ballindarragh Bridge,Colebrooke,313.6,54.27093,-7.49124,233195,335906,DfIR,VA
50,192,1.76,1.0416,236005,177.26,207.97,Gumbel,109,1.0045,108.515,0.0037,Colebrooke at Ballindarragh Bridge,Colebrooke,313.6,54.27093,-7.49124,233195,335906,DfIR,VA
75,202,1.85,1.0452,236005,185.23,220.28,Gumbel,109,1.0045,108.515,0.0037,Colebrooke at Ballindarragh Bridge,Colebrooke,313.6,54.27093,-7.49124,233195,335906,DfIR,VA
100,208,1.91,1.0481,236005,189.7,228.06,Gumbel,109,1.0045,108.515,0.0037,Colebrooke at Ballindarragh Bridge,Colebrooke,313.6,54.27093,-7.49124,233195,335906,DfIR,VA
200,225,2.06,1.0559,236005,202.25,250.31,Gumbel,109,1.0045,108.515,0.0037,Colebrooke at Ballindarragh Bridge,Colebrooke,313.6,54.27093,-7.49124,233195,335906,DfIR,VA
500,246,2.26,1.068,236005,216.24,279.86,Gumbel,109,1.0045,108.515,0.0037,Colebrooke at Ballindarragh Bridge,Colebrooke,313.6,54.27093,-7.49124,233195,335906,DfIR,VA
1000,263,2.41,1.0784,236005,226.83,304.93,Gumbel,109,1.0045,108.515,0.0037,Colebrooke at Ballindarragh Bridge,Colebrooke,313.6,54.27093,-7.49124,233195,335906,DfIR,VA
2,25,1,1.0296,236007,23.61,26.47,Kappa3,25,1.002,24.951,0.0016,Sillees at Drumrainey Bridge,Sillees,166.3,54.3084,-7.68602,220486,340003,DfIR,VA
5,30.2,1.21,1.0311,236007,28.44,32.07,Kappa3,25,1.002,24.951,0.0016,Sillees at Drumrainey Bridge,Sillees,166.3,54.3084,-7.68602,220486,340003,DfIR,VA
10,33.9,1.35,1.0335,236007,31.78,36.16,Kappa3,25,1.002,24.951,0.0016,Sillees at Drumrainey Bridge,Sillees,166.3,54.3084,-7.68602,220486,340003,DfIR,VA
20,37.6,1.5,1.0372,236007,35,40.39,Kappa3,25,1.002,24.951,0.0016,Sillees at Drumrainey Bridge,Sillees,166.3,54.3084,-7.68602,220486,340003,DfIR,VA
30,39.9,1.6,1.0401,236007,36.94,43.1,Kappa3,25,1.002,24.951,0.0016,Sillees at Drumrainey Bridge,Sillees,166.3,54.3084,-7.68602,220486,340003,DfIR,VA
50,42.9,1.72,1.0444,236007,39.4,46.71,Kappa3,25,1.002,24.951,0.0016,Sillees at Drumrainey Bridge,Sillees,166.3,54.3084,-7.68602,220486,340003,DfIR,VA
75,45.4,1.82,1.0484,236007,41.38,49.81,Kappa3,25,1.002,24.951,0.0016,Sillees at Drumrainey Bridge,Sillees,166.3,54.3084,-7.68602,220486,340003,DfIR,VA
100,47.3,1.89,1.0515,236007,42.87,52.19,Kappa3,25,1.002,24.951,0.0016,Sillees at Drumrainey Bridge,Sillees,166.3,54.3084,-7.68602,220486,340003,DfIR,VA
200,51.9,2.08,1.06,236007,46.3,58.18,Kappa3,25,1.002,24.951,0.0016,Sillees at Drumrainey Bridge,Sillees,166.3,54.3084,-7.68602,220486,340003,DfIR,VA
500,58.7,2.35,1.0732,236007,51.11,67.42,Kappa3,25,1.002,24.951,0.0016,Sillees at Drumrainey Bridge,Sillees,166.3,54.3084,-7.68602,220486,340003,DfIR,VA
1000,64.3,2.57,1.0844,236007,54.86,75.37,Kappa3,25,1.002,24.951,0.0016,Sillees at Drumrainey Bridge,Sillees,166.3,54.3084,-7.68602,220486,340003,DfIR,VA
