station_id,station_name,river,catchment_area,latitude,longitude,easting,northing,measuring_authority_id,station_type,QMED_observed,UAF,QMED_rural,URBEXT2015,chosen_distribution,z_GLO,z_GEV,z_PT3,n_donors,total_donor_years,Q_2,Q_5,Q_10,Q_20,Q_30,Q_50,Q_75,Q_100,Q_200,Q_500,Q_1000,Q100_Lower95,Q100_Upper95
2001,Helmsdale at Kilphedir,Helmsdale,551.4,58.141,-3.70295,299839,918163,SEPA-NW,VA,171,1,171,0,Gumbel,-3.23,-1.3,NA,17,828,171,221,254,286,304,327,345,357,388,429,459,318.23,400.49
2002,Brora at Bruachrobie,Brora,434.4,58.01056,-3.87757,289156,903916,SEPA-NW,VA,157,1.0002,156.967,2e-4,Gumbel,-2.72,-0.772,NA,17,808,157,203,233,262,279,300,317,328,356,394,422,281.15,382.65
3002,Carron at Sgodachail,Carron,241.1,57.89321,-4.54668,249136,892152,SEPA-NW,VA,178,1,178,0,GEV,-1.75,0.301,NA,20,826,178,227,261,294,313,337,357,371,406,452,488,327.2,420.67
3003,Oykel at Easter Turnaig,Oykel,330.7,57.96185,-4.70086,240305,900145,SEPA-NW,VA,350,1,350,0,GEV,-1.96,-0.033,NA,18,812,350,451,520,588,628,679,719,748,820,917,992,660.42,847.2
3004,Cassley at Rosehall,Cassley,187.79,57.9821,-4.58615,247176,902133,SEPA-NW,VA,178,1.0001,177.98,1e-4,Kappa3,-0.311,1.67,NA,19,806,178,233,273,317,344,381,412,436,497,590,670,371.64,511.51
4005,Meig at Glenmeanie,Meig,120.5,57.53261,-4.86377,228649,852780,SEPA-NW,VA,102,1,102,0,GEV,-1.36,0.596,NA,19,813,102,132,153,173,186,201,213,222,244,274,297,186.99,263.56
4006,Bran at Dosmucheran,Bran,116.1,57.59587,-5.00577,220463,860186,SEPA-NW,VA,84.4,1.0001,84.392,1e-4,Kappa3,-0.4,1.4,NA,20,825,84.4,110,128,147,159,175,188,198,223,260,292,176.21,222.49
6007,Ness at Ness-side,Ness,1839.1,57.45454,-4.25985,264507,842726,SEPA-NW,VA,385,1.0005,384.822,4e-4,GEV,-0.943,0.763,NA,14,854,385,499,580,663,714,779,832,871,969,1110,1220,762.27,995.24
6012,Enrick at White Bridge,Enrick,56.2,57.3335,-4.67308,239190,830158,SEPA-NW,VA,32.3,1,32.3,0,GEV,-1.12,0.952,NA,22,818,32.3,42,48.6,55.2,59,63.8,67.8,70.5,77.4,86.7,93.9,58.35,85.18
7001,Findhorn at Shenachie,Findhorn,415.6,57.37717,-3.95482,282558,833548,SEPA-NW,VA,274,1.0004,273.901,3e-4,Gumbel,-2.09,0.366,NA,17,816,274,347,396,443,469,503,529,548,593,653,697,493.04,609.09
7002,Findhorn at Forres,Findhorn,781.9,57.60477,-3.64408,301853,858387,SEPA-NW,VA,352,1.0004,351.872,3e-4,GEV,-1.96,-0.239,NA,14,810,352,464,543,622,669,730,780,816,905,1030,1130,699.71,951.61
7003,Lossie at Sheriffmills,Lossie,216,57.64637,-3.35193,319402,862632,SEPA-NW,VA,41.6,1.0038,41.441,0.0019,Gumbel,-3.1,-1.84,NA,15,814,41.6,58.6,69.9,80.7,86.9,94.7,101,105,116,129,140,86.18,127.92
7004,Nairn at Firhall,Nairn,313,57.57173,-3.87026,288238,855059,SEPA-NW,VA,97.2,1.0032,96.891,0.0018,Gumbel,-2.2,-0.902,NA,15,803,97.2,136,161,186,200,218,231,241,265,296,320,193,300.94
7005,Divie at Dunphail,Divie,165,57.51151,-3.66179,300541,848032,SEPA-NW,VA,64.4,1.0001,64.393,1e-4,Gumbel,-2.7,-0.866,NA,18,841,64.4,87.2,102,117,125,135,144,150,163,182,196,120.04,187.44
7009,Mosset Burn at Wardend Bridge,Mosset Burn,28.3,57.58239,-3.60834,303930,855845,SEPA-NW,VA,7.49,1.0004,7.487,2e-4,GEV,-2.02,-0.554,NA,24,867,7.49,11.7,14.6,17.7,19.5,21.9,23.9,25.3,28.9,34,38.1,18.97,33.75
7010,Muckle Burn at Brodie,Muckle Burn,80.68,57.59245,-3.70888,297947,857111,SEPA-NW,VA,17.7,1.001,17.682,5e-4,Kappa3,-1.11,0.967,NA,18,850,17.7,25.5,31.1,36.8,40.4,45,48.9,51.7,59,69.6,78.4,39.88,67.02
7011,Black Burn at Pluscarden Abbey,Black Burn,36.37,57.59946,-3.43317,314443,857510,SEPA-NW,VA,4.75,1.0017,4.742,7e-4,GEV,-0.793,0.641,NA,21,829,4.75,7.24,9.06,10.9,12.1,13.6,14.9,15.8,18.1,21.5,24.2,9.15,27.28
7012,Lossie at Ballachraggan,Lossie,31.6,57.52824,-3.45157,313174,849606,SEPA-NW,VA,8.26,1,8.26,0,GEV,-1.81,-0.23,NA,22,836,8.26,11.4,13.7,16,17.4,19.2,20.7,21.8,24.5,28.4,31.5,12.72,37.35
8004,Avon at Delnashaugh,Avon,542.8,57.39985,-3.35705,318548,835197,SEPA-NW,VA,212,1.0008,211.835,6e-4,Kappa3,-0.241,1.35,NA,14,836,212,280,331,386,421,468,509,539,618,739,844,455.4,637.95
8005,Spey at Boat of Garten,Spey,1267.8,57.25139,-3.74703,294691,819208,SEPA-NW,VA,172,1.0023,171.6,0.0018,Gumbel,-2.66,-1.32,NA,14,830,172,229,267,304,325,351,372,386,422,468,503,311.13,478.89
8006,Spey at Boat o Brig,Spey,2861.2,57.55104,-3.14039,331850,851788,SEPA-NW,VA,504,1.0032,502.399,0.0023,Gumbel,-2.61,-0.606,NA,14,834,504,656,757,853,909,978,1030,1070,1170,1290,1380,944.02,1212.8
8009,Dulnain at Balnaan Bridge,Dulnain,272.2,57.30196,-3.69912,297722,824763,SEPA-NW,VA,88.5,1.001,88.409,8e-4,Gumbel,-2.97,-1.31,NA,18,816,88.5,114,130,146,155,167,176,182,198,218,233,159.31,207.92
8010,Spey at Grantown,Spey,1748.8,57.32133,-3.60767,303282,826785,SEPA-NW,VA,241,1.0025,240.392,0.0019,Gumbel,-2.41,-0.375,NA,14,862,241,315,365,412,439,473,500,519,565,625,670,441.03,610.75
8011,Livet at Minmore,Livet,104,57.34451,-3.32822,320160,829003,SEPA-NW,VA,34.5,1.0009,34.47,7e-4,Gumbel,-2.34,-0.879,NA,20,833,34.5,47.5,56.1,64.4,69.1,75,79.7,83.1,91,102,110,68.35,101.03
8013,Feshie at Feshie Bridge,Feshie,231,57.1189,-3.90108,284986,804711,SEPA-NW,VA,117,1.0001,116.985,1e-4,GEV,-1.11,0.72,NA,18,801,117,153,178,203,218,236,252,263,290,327,356,226.26,305.71
9001,Deveron at Avochie,Deveron,441.6,57.50565,-2.78238,353217,846431,SEPA-NW,VA,129,1.0043,128.448,0.0029,GEV,-1.06,0.026,NA,15,809,129,180,218,259,284,317,345,366,419,497,563,284.67,470.57
9003,Isla at Grange,Isla,176.1,57.5428,-2.84778,349350,850614,SEPA-NW,VA,56.3,1.013,55.576,0.0087,Gumbel,-2.96,-1.04,NA,16,831,56.3,80.2,96,111,120,131,139,146,160,180,194,123.73,172.28
9004,Bogie at Redcraig,Bogie,179,57.42476,-2.80202,351934,837440,SEPA-NW,VA,29,1.0026,28.924,0.0016,Gumbel,-2.58,-1.21,NA,15,805,29,40,47.2,54.2,58.2,63.2,67.1,69.9,76.7,85.5,92.2,57.68,84.71
9005,Allt Deveron at Cabrach,Allt Deveron,67,57.34816,-3.03457,337839,829102,SEPA-NW,CB,39.9,1.0001,39.895,1e-4,GEV,-1.44,0.432,NA,20,800,39.9,54.2,64,73.7,79.4,86.7,92.5,96.7,107,121,132,79.19,118.08
9006,Deskford Burn at Cullen,Deskford Burn,46.5,57.68712,-2.83323,350418,866670,SEPA-NW,VA,19.7,1.005,19.602,0.003,Gumbel,-2.36,-0.743,NA,21,823,19.7,29.2,35.5,41.5,45,49.3,52.7,55.1,61,68.6,74.4,35.16,86.35
9010,Deveron at Huntly,Deveron,225.49,57.45499,-2.80756,351641,840809,SEPA-NW,VA,107,1.0005,106.944,4e-4,GEV,-2.24,-0.469,NA,18,805,107,145,172,199,215,235,251,263,292,332,364,157.38,439.5
10001,Ythan at Ardlethen,Ythan,448.1,57.36861,-2.1274,392436,830912,SEPA-NE,VA,50.2,1.0074,49.83,0.0038,GEV,-1.69,-0.044,NA,17,855,50.2,72.4,88,104,113,125,135,142,160,184,204,122.23,164.97
10002,Ugie at Inverugie,Ugie,325,57.52669,-1.83279,410113,848516,SEPA-NE,VA,47.5,1.016,46.751,0.009,Gumbel,-2.76,-1.31,NA,16,805,47.5,67.1,80.1,92.6,99.7,109,116,121,133,149,161,96.97,150.99
10003,Ythan at Ellon,Ythan,523,57.36377,-2.09002,394684,830370,SEPA-NE,VA,61.4,1.0102,60.78,0.005,GEV,-2.13,-0.48,NA,17,854,61.4,87.4,106,124,135,150,161,170,191,220,243,130.78,220.99
11001,Don at Parkhill,Don,1273,57.21832,-2.18759,388770,814190,SEPA-NE,VA,136,1.0151,133.981,0.0082,GEV,-1.68,0.081,NA,17,848,136,186,221,258,280,308,332,349,392,453,502,287.94,423.01
11002,Don at Haughton,Don,787,57.27135,-2.40496,375677,820150,SEPA-NE,VA,112,1.0048,111.462,0.0027,GEV,-1.77,-0.507,NA,17,863,112,156,189,225,247,278,303,322,372,446,509,257.91,402.02
11003,Don at Bridge of Alford,Don,499,57.2423,-2.71712,356818,817072,SEPA-NE,VA,98.4,1.0012,98.282,7e-4,GEV,-1.16,-0.057,NA,15,820,98.4,138,169,204,225,255,281,300,351,428,496,235.16,382.72
12001,Dee at Woodend,Dee,1370,57.05013,-2.60357,363482,795613,SEPA-NE,VA,446,1.0022,445.038,0.0015,GEV,-1.49,0.052,NA,14,817,446,593,700,809,875,961,1030,1080,1220,1400,1550,945.52,1233.6
12002,Dee at Park,Dee,1844,57.07542,-2.33583,379739,798317,SEPA-NE,VA,556,1.0035,554.078,0.0024,GEV,-1.98,0.021,NA,14,809,556,722,833,940,1000,1080,1140,1190,1290,1430,1540,1035.94,1366.97
12003,Dee at Polhollick,Dee,690,57.05515,-3.08318,334395,796531,SEPA-NE,VA,303,1.0005,302.843,4e-4,Kappa3,-0.375,1.06,NA,14,858,303,400,474,556,609,681,743,791,917,1110,1290,695.05,900.19
12005,Muick at Invermuick,Muick,110,57.03952,-3.04931,336423,794759,SEPA-NE,VA,73.9,1,73.9,0,GEV,-0.706,0.654,NA,21,831,73.9,101,121,142,155,172,186,196,223,261,293,154.44,248.75
12006,Gairn at Invergairn,Gairn,150,57.05993,-3.06954,335231,797050,SEPA-NE,VA,59.9,1.0001,59.892,1e-4,Gumbel,-2.51,-0.693,NA,20,832,59.9,80.5,94.2,107,115,124,132,137,150,166,179,111.76,167.95
12007,Dee at Mar Lodge,Dee,289,56.98804,-3.4862,309788,789522,SEPA-NE,VA,183,1,183,0,GEV,-2.38,0.218,NA,18,823,183,232,265,296,314,336,353,365,394,433,462,320.78,415.31
12008,Feugh at Heugh Head,Feugh,229,57.02525,-2.51716,368703,792800,SEPA-NE,VA,138,1.0007,137.9,6e-4,Gumbel,-2.4,-0.271,NA,18,819,138,180,208,235,250,270,285,295,321,356,381,246.66,352.81
13012,South Esk at Gella Bridge,South Esk,130.64,56.77536,-3.02793,337278,765336,SEPA-NE,VA,76.6,1.0001,76.589,1e-4,Kappa3,-0.921,1.18,NA,19,852,76.6,99,115,132,142,155,167,175,196,227,253,142,215.67
14001,Eden at Kemback,Eden,307.4,56.3309,-2.94844,341452,715796,SEPA-NE,VA,40.4,1.0464,38.607,0.0226,GEV,-2.09,-0.393,NA,16,823,40.4,55.2,65.5,75.7,81.6,89.3,95.5,99.9,111,126,137,81.84,121.95
15003,Tay at Caputh,Tay,3210,56.5392,-3.49294,308289,739575,SEPA-NE,VA,869,1.0012,867.949,0.001,Gumbel,-2.68,-0.549,NA,13,826,869,1130,1300,1460,1550,1670,1760,1830,1990,2200,2350,1609.79,2080.33
15006,Tay at Ballathie,Tay,4587.1,56.51441,-3.38696,314750,736680,SEPA-NE,VA,1050,1.0038,1045.992,0.0029,Gumbel,-2.97,-1.23,NA,13,810,1050,1370,1590,1790,1910,2060,2170,2260,2460,2720,2920,1968.49,2594.68
15007,Tay at Pitnacree,Tay,1149.4,56.66007,-3.7569,292403,753411,SEPA-NE,VA,365,1.0013,364.513,0.0011,Kappa3,-1.15,0.976,NA,14,847,365,471,548,629,679,746,802,844,951,1110,1240,730.86,974.66
15008,Dean Water at Cookston,Dean Water,177.1,56.61879,-3.0763,334048,747954,SEPA-NE,VA,26.8,1.0481,25.571,0.0237,GEV,-1.41,0.121,NA,17,835,26.8,36.8,43.8,50.9,55.1,60.5,65,68.2,76.1,87.1,95.9,60.54,76.83
15011,Lyon at Comrie Bridge,Lyon,391.1,56.61423,-3.98086,278529,748684,SEPA-NE,VA,220,1.0002,219.949,2e-4,GEV,-1.59,0.286,NA,18,814,220,290,340,391,421,461,494,518,578,663,732,456.93,587.24
15013,Almond at Almondbank,Almond,174.8,56.41528,-3.5136,306715,725811,SEPA-NE,VA,121,1.0019,120.772,0.0014,GEV,-1.25,0.616,NA,19,818,121,160,186,213,229,249,265,277,305,344,375,237.52,323.04
15016,Tay at Kenmore,Tay,600.9,56.59639,-3.98506,278214,746706,SEPA-NE,VA,196,1.0012,195.767,0.001,GenLog,0.768,2.56,NA,15,812,196,251,292,337,366,407,442,470,543,660,766,398.82,553.89
15023,Braan at Hermitage,Braan,210,56.56098,-3.6072,301320,742158,SEPA-NE,VA,127,1.0003,126.966,2e-4,GEV,-1.35,0.513,NA,20,835,127,172,204,238,258,284,305,321,360,416,461,262.41,392.68
15025,Ericht at Craighall,Ericht,432,56.60906,-3.34718,317405,747165,SEPA-NE,VA,200,1.0007,199.86,5e-4,Kappa3,-0.375,1.31,NA,14,823,200,262,308,359,391,435,472,500,575,689,788,412.3,606.35
16001,Earn at Kinkell Bridge,Earn,590.5,56.33019,-3.72699,293313,716652,SEPA-NE,VA,204,1.007,202.586,0.0049,GEV,-1.8,0.016,NA,14,820,204,264,304,343,365,392,414,429,466,515,552,392.8,468.53
16004,Earn at Forteviot Bridge,Earn,782.2,56.3476,-3.54836,304401,718327,SEPA-NE,VA,249,1.0095,246.645,0.0063,GEV,-1.85,-0.446,NA,15,855,249,329,386,445,480,526,564,592,662,760,840,506.26,692.26
17001,Carron at Headswood,Carron,122.3,56.015,-3.87546,283180,681818,SEPA-SE,FV,77.7,1.0219,76.034,0.019,GenLog,0,1.73,NA,20,806,77.7,103,121,142,156,175,192,205,239,295,346,170.49,246.49
17003,Bonny Water at Bonnybridge,Bonny Water,50.5,56.00182,-3.88699,282421,680371,SEPA-SE,VA,21.3,1.1695,18.212,0.1205,Kappa3,-0.248,1.64,NA,20,832,21.3,27.3,31.7,36.3,39.2,43.1,46.3,48.7,55,64.3,72.2,41.98,56.5
17004,Ore at Balfour Mains,Ore,162,56.18473,-3.08157,332965,699649,SEPA-SE,VA,21.5,1.0821,19.868,0.0664,GEV,-1.92,-0.489,NA,20,863,21.5,29.2,34.7,40.4,43.8,48.3,52,54.7,61.4,71,78.8,42.43,70.51
18003,Teith at Bridge of Teith,Teith,517.7,56.18573,-4.05557,272519,701136,SEPA-SE,VA,227,1.0025,226.427,0.0019,GenLog,0.383,2.26,NA,15,818,227,288,333,381,412,453,490,517,590,703,803,450.4,593.45
18008,Leny at Anie,Leny,192.41,56.25788,-4.28541,258523,709613,SEPA-SE,VA,93.2,1.0004,93.165,3e-4,GenLog,0.134,1.58,NA,17,841,93.2,123,145,170,187,209,229,245,286,353,414,205.81,291.65
18014,Bannock Burn at Bannockburn,Bannock Burn,23.7,56.09528,-3.91182,281161,690814,SEPA-SE,VA,16.2,1.0368,15.624,0.0277,Kappa3,-0.792,1.15,NA,22,813,16.2,21.3,25.1,29.1,31.7,35,37.9,40,45.5,53.8,60.8,34.38,46.54
19001,Almond at Craigiehall,Almond,369,55.96313,-3.33853,316538,675267,SEPA-SE,VA,128,1.1208,114.201,0.0916,Gumbel,-2.34,-0.182,NA,18,869,128,162,185,207,219,235,247,256,277,305,326,225.48,290.64
19005,Almond at Almondell,Almond,229,55.90182,-3.46302,308623,668601,SEPA-SE,FV,94.4,1.0918,86.46,0.0763,Gumbel,-3.13,-1.27,NA,18,868,94.4,121,139,155,165,177,187,194,210,231,248,168.98,222.73
19006,Water of Leith at Murrayfield,Water of Leith,107,55.94563,-3.23779,322792,673202,SEPA-SE,VA,31.8,1.1784,26.985,0.1229,GEV,-1.46,-0.018,NA,18,861,31.8,44.6,53.8,63.2,68.9,76.4,82.6,87.1,98.4,114,128,71.98,105.4
19007,Esk at Musselburgh,Esk,330,55.93942,-3.06091,333828,672327,SEPA-SE,VA,67.9,1.0886,62.371,0.047,Gumbel,-2.59,-1.41,NA,16,901,67.9,95,113,130,140,152,162,169,186,208,224,138.77,205.82
19008,South Esk at Prestonholm,South Esk,112,55.84936,-3.07985,332488,662323,SEPA-SE,C,19.1,1.0202,18.722,0.0097,Kappa3,-0.669,1.37,NA,16,834,19.1,27.2,33.2,39.6,43.6,48.9,53.5,56.9,65.8,79.2,90.7,42.8,75.65
19014,Brox Burn at Newliston,Brox Burn,34.1,55.94296,-3.42022,311393,673124,SEPA-SE,B,10.5,1.2467,8.422,0.1667,GEV,-1.45,0.101,NA,23,884,10.5,14.9,18.1,21.3,23.3,25.8,27.9,29.4,33.2,38.6,43,23.09,37.44
19017,Gogar Burn at Turnhouse,Gogar Burn,38.8,55.94529,-3.34512,316088,673289,SEPA-SE,MIS,12.8,1.2653,10.116,0.1496,GEV,-1.82,-0.273,NA,20,843,12.8,17.7,21.2,24.8,27.1,30,32.4,34.1,38.5,44.9,50.1,27.69,41.99
19021,South Esk at Cowbridge,South Esk,156,55.89857,-3.05955,333843,667779,SEPA-SE,VA,38.2,1.0886,35.09,0.0464,GEV,-2.27,-0.623,NA,17,872,38.2,55.1,67.2,79.4,86.7,96.1,104,109,123,143,159,87.32,136.06
20001,Tyne at East Linton,Tyne,307,55.9825,-2.6572,359091,676808,SEPA-SE,VA,59.1,1.0254,57.637,0.016,GEV,-1.83,-0.293,NA,16,824,59.1,87.8,108,128,140,155,167,176,199,229,253,144.03,215.07
20003,Tyne at Spilmersford,Tyne,161,55.91003,-2.8715,345618,668891,SEPA-SE,VA,31.3,1.0237,30.574,0.0138,Gumbel,-2.46,-1.15,NA,15,802,31.3,47.3,57.8,68,73.8,81.1,86.9,90.9,101,114,123,64.27,128.57
20005,Birns Water at Saltoun Hall,Birns Water,93,55.90846,-2.87039,345685,668715,SEPA-SE,VA,18.2,1.0086,18.045,0.0048,GEV,-1.55,0.554,NA,19,827,18.2,27,33,38.9,42.4,46.8,50.4,53,59.2,67.8,74.4,43.87,64.03
20006,Biel Water at Belton House,Biel Water,51.8,55.98303,-2.57095,364473,676819,SEPA-SE,VA,11.7,1.0108,11.575,0.0071,GEV,-1.86,-0.476,NA,22,851,11.7,17.6,21.8,26,28.5,31.7,34.3,36.2,40.9,47.5,52.7,27.39,47.85
20007,Gifford Water at Lennoxlove,Gifford Water,64,55.93585,-2.7842,351108,671699,SEPA-SE,VA,17.3,1.0098,17.133,0.0058,GEV,-1.59,0.088,NA,21,824,17.3,26,32,38,41.5,46.1,49.8,52.4,58.9,67.9,75,39.98,68.68
21003,Tweed at Peebles,Tweed,694,55.64801,-3.18025,325821,640017,SEPA-SE,VA,187,1.0068,185.741,0.0046,Kappa3,-0.451,0.67,NA,14,806,187,251,302,362,401,456,506,544,648,817,974,449.22,658.78
21006,Tweed at Boleside,Tweed,1500,55.59142,-2.7977,349823,633376,SEPA-SE,VA,397,1.006,394.62,0.0043,Gumbel,-2.49,-0.919,NA,14,839,397,522,605,685,731,788,834,866,943,1040,1120,755.68,992.43
21007,Ettrick Water at Lindean,Ettrick Water,499,55.57469,-2.81754,348551,631529,SEPA-SE,VA,225,1.0036,224.182,0.0029,GEV,-2.03,0.236,NA,15,829,225,289,331,370,393,421,443,459,496,545,581,397.25,530.35
21008,Teviot at Ormiston Mill,Teviot,1110,55.54513,-2.47336,370229,628038,SEPA-SE,VA,343,1.0069,340.644,0.0055,Gumbel,-2.49,-0.783,NA,13,808,343,451,523,591,631,680,719,747,813,901,967,645.1,865
21012,Teviot at Hawick,Teviot,323,55.43437,-2.75646,352232,615869,SEPA-SE,VA,200,1.0102,197.982,0.0082,GEV,-2.81,-0.086,NA,18,865,200,255,290,324,343,366,385,398,429,469,499,359.35,440.81
21013,Gala Water at Galashiels,Gala Water,207,55.62716,-2.82846,347932,637377,SEPA-SE,VA,52.9,1.0036,52.708,0.0024,Gumbel,-3.37,-1.75,NA,15,814,52.9,72.2,84.9,97.1,104,113,120,125,137,152,164,106.51,146.7
21014,Tweed at Kingledores,Tweed,139,55.54241,-3.41395,310875,628541,SEPA-SE,VA,94.6,1.0002,94.579,2e-4,GEV,-1.09,0.717,NA,20,805,94.6,127,151,175,190,209,225,236,265,307,341,190.59,292.23
21016,Eye Water at Eyemouth Mill,Eye Water,119,55.86523,-2.09448,394185,663565,SEPA-SE,VA,40.3,1.0159,39.67,0.0088,GEV,-1.3,0.599,NA,17,841,40.3,60.2,74.4,88.8,97.5,109,118,125,142,165,185,97.47,160.3
21017,Ettrick Water at Brockhoperig,Ettrick Water,37.5,55.40628,-3.21106,323413,613150,SEPA-SE,VA,61.4,1.0001,61.393,1e-4,Gumbel,-1.99,0.619,NA,18,843,61.4,78.5,89.8,101,107,115,121,125,136,150,160,108.74,143.69
21020,Yarrow Water at Gordon Arms,Yarrow Water,155,55.51167,-3.09561,330908,624757,SEPA-SE,VA,55,1.0001,54.994,1e-4,Kappa3,0.028,1.63,NA,21,839,55,73.7,87.9,103,113,126,138,147,169,205,235,125.62,172.02
21021,Tweed at Sprouston,Tweed,3330,55.61161,-2.39482,375227,635405,SEPA-SE,VA,766,1.0088,759.299,0.0063,Gumbel,-2.24,0.063,NA,14,824,766,991,1140,1280,1370,1470,1550,1610,1750,1930,2070,1399.01,1852.81
21024,Jed Water at Jedburgh,Jed Water,139,55.4849,-2.54606,365589,621368,SEPA-SE,VA,69.2,1.0073,68.696,0.0062,Gumbel,-2.85,-1.31,NA,20,846,69.2,95.4,113,129,139,151,160,167,183,204,220,144.82,192.57
21025,Ale Water at Ancrum,Ale Water,174,55.51228,-2.58084,363417,624433,SEPA-SE,VA,51.7,1.0034,51.522,0.003,Gumbel,-2.55,-0.785,NA,18,800,51.7,69.6,81.5,92.9,99.5,108,114,119,130,144,155,91.48,154.8
21026,Tima Water at Deephope,Tima Water,31,55.41198,-3.14162,327820,613710,SEPA-SE,VA,50.4,1.0001,50.394,1e-4,GEV,-1.51,0.955,NA,19,823,50.4,65.1,74.7,83.6,88.7,95,100,103,112,122,130,91.04,116.53
21027,Blackadder Water at Mouth Bridge,Blackadder Water,159,55.77027,-2.27947,382565,653028,SEPA-SE,VA,41.5,1.0115,41.026,0.0086,GEV,-1.83,-0.443,NA,17,841,41.5,61.6,76.3,91.4,101,113,123,130,149,175,197,98.26,171.99
21030,Megget Water at Henderland,Megget Water,56.2,55.49564,-3.21839,323123,623103,SEPA-SE,VA,77.7,1,77.7,0,Gumbel,-1.92,0.563,NA,18,806,77.7,99,113,127,134,144,152,157,170,187,200,98.61,249.96
21031,Till at Etal,Till,648,55.64954,-2.12059,392509,639562,EA-NE,VA,82.1,1.0059,81.615,0.004,GEV,-1.99,-0.737,NA,17,855,82.1,116,142,169,185,208,227,241,277,330,375,200.79,289.26
21032,Glen at Kirknewton,Glen,198.9,55.57285,-2.13084,391848,631028,EA-NE,FVVA,43.3,1.0025,43.193,0.0021,Gumbel,-2.78,-1.18,NA,19,809,43.3,59.9,70.9,81.5,87.6,95.2,101,105,116,129,139,82.69,133.33
21035,Till at Heaton Mill,Till,655.74,55.67499,-2.16057,390000,642400,EA-NE,USVA,139,1.0061,138.164,0.0041,Gumbel,-2.25,-0.866,NA,17,850,139,193,229,264,283,308,328,342,375,419,452,234.88,497.97
21036,Whiteadder Water at Abbey St Bathans,Whiteadder Water,216.85,55.8533,-2.38745,375842,662301,SEPA-SE,VA,116,1.0008,115.903,7e-4,Gumbel,-2.61,-1.19,NA,20,854,116,161,191,220,237,257,274,285,313,350,377,214.73,378.27
22001,Coquet at Morwick,Coquet,569.8,55.33357,-1.63201,423443,604453,EA-NE,FVVA,160,1.0057,159.093,0.0047,Gumbel,-2.38,-0.843,NA,15,801,160,220,260,298,320,348,369,385,422,470,507,326.51,453.96
22006,Blyth at Hartford Bridge,Blyth,269.4,55.11383,-1.6207,424293,580003,EA-NE,FVVA,53.2,1.024,51.954,0.0207,Kappa3,-0.52,1.48,NA,16,818,53.2,77.5,95.3,114,126,142,156,166,192,231,265,127.81,215.6
22007,Wansbeck at Mitford,Wansbeck,287.3,55.16612,-1.7275,417458,585790,EA-NE,MIS,101,1.0035,100.652,0.0029,Gumbel,-2.94,-1.41,NA,18,851,101,143,170,197,212,231,246,257,282,316,341,207.66,318.06
22009,Coquet at Rothbury,Coquet,346,55.30845,-1.89591,406706,601600,EA-NE,VA,137,1.0034,136.538,0.0029,Gumbel,-4.37,-2.57,NA,17,825,137,182,212,240,257,277,294,305,333,369,397,255.94,363.46
23001,Tyne at Bywell,Tyne,2175.6,54.94994,-1.9413,403858,561700,EA-NE,VA,832,1.0046,828.181,0.0041,GEV,-3.39,-1.23,NA,14,816,832,1070,1220,1370,1450,1550,1620,1680,1810,1970,2090,1508.71,1870.74
23002,Derwent at Eddys Bridge,Derwent,118,54.8519,-1.93756,404107,550791,EA-NE,FLB,48.4,1.0012,48.341,0.0011,Gumbel,-3.02,-1.13,NA,20,823,48.4,66.2,78,89.2,95.7,104,110,115,126,140,151,80,165.31
23003,North Tyne at Reaverhill,North Tyne,1007.5,55.05348,-2.14938,390555,573231,EA-NE,VA,437,1.0016,436.284,0.0015,Gumbel,-3.53,-1.38,NA,14,826,437,566,651,733,780,839,886,919,998,1100,1180,758.08,1114.08
23004,South Tyne at Haydon Bridge,South Tyne,751.1,54.97644,-2.22563,385656,564671,EA-NE,VA,451,1.0034,449.477,0.0031,Gumbel,-2.73,-0.792,NA,15,806,451,581,668,751,798,858,905,938,1020,1120,1200,837.38,1050.71
23005,North Tyne at Tarset,North Tyne,284.9,55.169,-2.35244,377647,586133,EA-NE,FVVA,221,1.001,220.774,0.001,GEV,-1.92,0.194,NA,18,809,221,281,322,361,384,413,436,452,492,544,585,361.72,564.82
23006,South Tyne at Featherstone,South Tyne,321.9,54.94315,-2.5133,367216,561064,EA-NE,CC,246,1.0014,245.644,0.0014,GEV,-2.4,-0.211,NA,18,844,246,312,356,399,423,454,478,496,537,593,635,445.26,552.52
23007,Derwent at Rowlands Gill,Derwent,242.1,54.91727,-1.73921,416815,558094,EA-NE,CC,44.1,1.0293,42.844,0.0252,GEV,-1.5,-0.147,NA,18,804,44.1,62.6,76.3,90.7,99.6,111,121,128,147,174,196,100.14,163.61
23008,Rede at Rede Bridge,Rede,343.8,55.14309,-2.20804,386837,583213,EA-NE,FVVA,134,1.0018,133.763,0.0016,GEV,-3.37,-1.45,NA,17,827,134,177,206,234,250,270,287,298,326,364,392,259.99,341.57
23011,Kielder Burn at Kielder,Kielder Burn,58.8,55.24503,-2.56081,364442,594681,EA-NE,FVVA,65.6,1.0001,65.593,1e-4,GEV,-1.61,0.778,NA,17,816,65.6,84.9,97.6,110,116,125,132,136,148,162,173,120.81,153.1
23017,Team at Team Valley,Team,61.9,54.92032,-1.61206,424964,558471,EA-NE,VA,12.3,1.2077,10.184,0.153,GEV,-2.14,-0.192,NA,19,863,12.3,17.6,21.3,24.8,26.9,29.6,31.8,33.3,37.1,42.2,46.2,27.29,40.63
23018,Ouse Burn at Woolsington,Ouse Burn,9,55.02292,-1.69813,419398,569862,EA-NE,FVUS,3.31,1.116,2.966,0.0989,GEV,-2.49,-0.008,NA,17,847,3.31,4.73,5.65,6.52,7.02,7.64,8.12,8.46,9.27,10.3,11.1,7.05,10.15
24001,Wear at Sunderland Bridge,Wear,657.8,54.73389,-1.58967,426520,537734,EA-NE,CB,192,1.0273,186.906,0.0234,Gumbel,-3.15,-1.38,NA,15,815,192,255,296,336,359,388,411,427,465,516,554,362.2,503.39
24003,Wear at Stanhope,Wear,171.9,54.74632,-2.0269,398366,539040,EA-NE,CC,126,1.0017,125.787,0.0016,GEV,-1.34,0.738,NA,20,839,126,164,189,214,229,247,262,273,299,334,362,241.21,308.98
24004,Bedburn Beck at Bedburn,Bedburn Beck,74.9,54.68464,-1.81851,411799,532192,EA-NE,CC,27.3,1.0004,27.29,3e-4,Gumbel,-2.11,-0.288,NA,22,807,27.3,38.3,45.6,52.6,56.6,61.7,65.6,68.4,75.2,84.1,90.9,57.46,81.42
24005,Browney at Burnhall,Browney,178.5,54.74249,-1.59916,425904,538688,EA-NE,CB,38.6,1.0503,36.751,0.0422,Gumbel,-2.89,-1.56,NA,18,875,38.6,54.7,65.3,75.5,81.4,88.8,94.6,98.7,109,122,131,84.45,115.35
24006,Rookhope Burn at Eastgate,Rookhope Burn,36.5,54.74669,-2.0748,395283,539084,EA-NE,CC,24.6,1.0011,24.572,0.0011,GEV,-1.43,0.903,NA,18,810,24.6,32.6,37.9,42.9,45.9,49.6,52.5,54.5,59.5,66.1,71.1,46.91,63.32
24007,Browney at Lanchester,Browney,44.6,54.81046,-1.74472,416505,546207,EA-NE,CC,11,1.0037,10.959,0.0032,GEV,-1.76,0.063,NA,22,826,11,15.9,19.3,22.6,24.6,27.1,29.1,30.6,34.1,39,42.8,19.86,47.16
24008,Wear at Witton Park,Wear,455,54.67288,-1.73357,417280,530900,EA-NE,FV,222,1.0044,221.025,0.0039,Gumbel,-2.45,-0.394,NA,15,810,222,292,338,383,408,440,465,483,526,583,626,395.61,589.7
24009,Wear at Chester le Street,Wear,1008.3,54.85503,-1.56066,428304,551226,EA-NE,FVVA,257,1.0451,245.907,0.0373,Gumbel,-2.95,-0.872,NA,17,885,257,337,390,441,471,507,536,557,606,671,720,467.49,663.65
25003,Trout Beck at Moor House,Trout Beck,11.4,54.69606,-2.37727,375782,533513,EA-NE,CC,15.2,1,15.2,0,Kappa3,-0.311,1.61,NA,20,806,15.2,19.6,22.8,26.2,28.3,31.2,33.6,35.4,40.1,47.2,53.2,30.28,41.39
25004,Skerne at Darlington South Park,Skerne,250.1,54.511,-1.56289,428399,512942,EA-NE,CC+CB,21.3,1.1408,18.67,0.1051,GenLog,0.033,2.01,NA,17,888,21.3,29.9,36.2,43,47.4,53.4,58.6,62.6,73.1,89.6,104,52.05,75.28
25005,Leven at Leven Bridge,Leven,196.3,54.50203,-1.31542,444431,512072,EA-NE,CB,43.3,1.023,42.328,0.0188,GenLog,0.141,1.98,NA,16,810,43.3,61.9,75.9,91.2,101,115,127,136,160,199,235,113.05,163.61
25006,Greta at Rutherford Bridge,Greta,86.1,54.50519,-1.94961,403361,512209,EA-NE,CC,75.1,1.0007,75.047,7e-4,GEV,-2.89,-0.663,NA,19,819,75.1,97.8,113,127,135,145,153,159,172,190,203,137.53,183.82
25008,Tees at Barnard Castle,Tees,509.2,54.54501,-1.92991,404632,516641,EA-NE,CC,262,1.0027,261.295,0.0024,Gumbel,-3.08,-1.23,NA,16,803,262,340,391,440,469,504,532,552,600,663,710,471.03,646.89
25009,Tees at Low Moor,Tees,1264,54.48898,-1.43897,436442,510549,EA-NE,FVVA,410,1.0346,396.291,0.0275,GEV,-4.37,-1.7,NA,14,844,410,518,582,640,670,707,735,754,797,849,885,636.93,892.58
25011,Langdon Beck at Langdon,Langdon Beck,13,54.67308,-2.23078,385215,530915,EA-NE,FV,15.9,1.0002,15.897,2e-4,Kappa3,-0.536,1.5,NA,20,816,15.9,20.6,24,27.6,29.9,32.9,35.4,37.3,42.2,49.4,55.5,30.92,44.99
25012,Harwood Beck at Harwood,Harwood Beck,25.1,54.67309,-2.23446,384978,530916,EA-NE,FVVA,33.6,1,33.6,0,Kappa3,-0.637,1.67,NA,19,831,33.6,43.5,50.6,58,62.6,68.6,73.6,77.3,86.9,101,112,67.84,88.08
25018,Tees at Middleton in Teesdale,Tees,242.1,54.62029,-2.08079,394881,525019,EA-NE,FVVA,215,1.0004,214.91,4e-4,GEV,-1.59,0.524,NA,20,825,215,277,319,360,384,414,438,456,498,556,600,380.26,546.82
25019,Leven at Easby,Leven,14.8,54.47018,-1.09939,458466,508686,EA-NE,FV,5.38,1.0018,5.371,0.0011,Gumbel,-3.22,-1.81,NA,25,814,5.38,8.15,9.99,11.8,12.8,14,15,15.7,17.4,19.7,21.4,11.76,20.97
25020,Skerne at Preston le Skerne,Skerne,147,54.60835,-1.54929,429210,523780,EA-NE,VA,14.5,1.0832,13.386,0.0591,GenLog,0.716,2.89,NA,18,900,14.5,20.1,24.2,28.5,31.2,34.9,38,40.4,46.6,56.2,64.6,34.11,47.85
25021,Skerne at Bradbury,Skerne,70.1,54.65055,-1.50841,431818,528494,EA-NE,VA,6.01,1.0727,5.603,0.0457,GenLog,0.342,2.3,NA,17,868,6.01,8.56,10.5,12.6,14,15.9,17.6,18.9,22.3,27.8,32.9,15.34,23.29
25029,Leven at Foxton Bridge,Leven,183.6,54.47775,-1.29856,445550,509381,EA-NE,US,37.4,1.0232,36.553,0.019,GenLog,0.22,2.11,NA,17,838,37.4,52.8,64.3,77,85.2,96.5,106,114,134,167,196,86.68,149.92
26003,Foston Beck at Foston Mill,Foston Beck,57.2,53.9783,-0.33401,509358,454867,EA-Y,TP,1.8,1.0599,1.698,0.0085,Gumbel,-2.03,0.896,NA,17,851,1.8,2.57,3.09,3.58,3.86,4.22,4.5,4.69,5.17,5.8,6.27,3.99,5.51
26009,West Beck at Snakeholme Lock,West Beck,242.2,53.98535,-0.37475,506668,455589,EA-Y,EM,5.78,1.0908,5.299,0.0124,Gumbel,-1.79,1,NA,15,808,5.78,8.17,9.75,11.3,12.1,13.2,14.1,14.7,16.2,18.1,19.6,12.6,17.15
26013,Driffield Trout Stream at Driffield,Driffield Trout Stream,53.33,53.99072,-0.44801,501852,456079,EA-Y,US,2.78,1.0522,2.642,0.0104,Gumbel,-1.74,1.1,NA,16,813,2.78,4.03,4.86,5.65,6.1,6.67,7.12,7.44,8.21,9.22,9.98,4.48,12.37
26014,Water Forlornes at Driffield,Water Forlornes,32.4,54.01059,-0.44043,502300,458300,EA-Y,TP B,0.43,1.0546,0.408,0.0062,Kappa3,-1.07,1.12,NA,21,819,0.43,0.652,0.809,0.972,1.07,1.2,1.31,1.39,1.6,1.9,2.15,0.93,2.08
26015,Driffield Canal at Wansford Bridge,Driffield Canal,49.39,53.98989,-0.37825,506427,456089,EA-Y,IV,2.65,1.212,2.186,0.0313,Kappa3,-1.27,1.34,NA,19,852,2.65,3.75,4.51,5.27,5.73,6.33,6.83,7.19,8.09,9.37,10.4,5.15,10.03
26016,Gypsey Race at Kirby Grindalythe,Gypsey Race,15.85,54.09547,-0.61922,490400,467500,EA-Y,TP,0.101,1.0277,0.098,0.0031,GEV,-2.05,-0.113,NA,23,840,0.101,0.158,0.198,0.238,0.262,0.292,0.316,0.334,0.377,0.437,0.485,0.26,0.43
27001,Nidd at Hunsingore Weir,Nidd,484.3,53.97123,-1.34898,442802,452991,EA-Y,B,116,1.0494,110.535,0.0373,Gumbel,-2.34,-0.704,NA,18,905,116,151,175,197,210,226,238,247,269,298,319,212.07,287.68
27002,Wharfe at Wetherby Flint Mill,Wharfe,758.9,53.92023,-1.35871,442215,447311,EA-Y,B VA,237,1.0233,231.61,0.0187,Gumbel,-2.71,-1.32,NA,14,881,237,311,361,408,435,469,496,515,560,620,666,449.97,589.43
27006,Don at Sheffield Hadfields,Don,373,53.41396,-1.41576,438931,390954,EA-Y,B VA,88.6,1.2055,73.494,0.143,Gumbel,-4.42,-3,NA,17,876,88.6,119,139,158,169,183,194,201,220,244,263,166.19,243.11
27007,Ure at Westwick,Ure,914.6,54.09809,-1.45714,435599,467047,EA-Y,B VA,278,1.0112,274.927,0.0088,GEV,-1.88,-0.517,NA,13,807,278,367,432,497,537,589,631,662,740,850,940,556.21,787.91
27009,Ouse at Skelton,Ouse,3315,53.99128,-1.13448,456845,455373,EA-Y,US,323,1.0269,314.526,0.0196,GEV,-3.63,-0.906,NA,13,819,323,400,447,490,513,542,563,578,613,656,686,525.97,635.17
27010,Hodge Beck at Bransdale Weir,Hodge Beck,18.9,54.34131,-1.03708,462700,494400,EA-Y,TP B,9.42,1.0007,9.413,7e-4,GEV,-1.02,0.778,NA,21,843,9.42,12.7,15.1,17.6,19,21,22.5,23.7,26.6,30.7,34,19.43,28.9
27021,Don at Doncaster,Don,1256.2,53.52934,-1.14193,456977,403973,EA-Y,USVA,162,1.2905,125.533,0.1605,GEV,-2.27,-0.216,NA,18,878,162,214,249,283,303,328,348,362,396,442,477,312.28,419.64
27022,Don at Rotherham Forge Island,Don,826,53.42998,-1.35908,442682,392768,EA-Y,B VA,153,1.2687,120.593,0.1619,Gumbel,-2.72,-1.33,NA,18,840,153,207,243,277,297,322,341,355,388,432,465,261.97,481.06
27023,Dearne at Barnsley Weir,Dearne,118.9,53.56097,-1.47353,434970,407279,EA-Y,CB,27,1.2116,22.285,0.1011,GEV,-1.07,0.834,NA,18,866,27,40,49.9,60.3,66.7,75.3,82.6,87.9,102,122,139,71.31,108.35
27026,Rother at Whittington,Rother,165,53.26576,-1.41166,439339,374468,EA-Y,FVVA,37.3,1.2748,29.259,0.1541,Gumbel,-2.37,-1.04,NA,16,897,37.3,53.8,64.8,75.3,81.4,88.9,94.9,99.1,109,123,133,82.89,118.48
27027,Wharfe at Ilkley,Wharfe,443,53.92927,-1.83063,411219,448140,EA-Y,VA,267,1.0049,265.698,0.0042,Gumbel,-1.72,1.07,NA,17,838,267,337,384,429,454,486,512,530,573,630,673,439.45,639.2
27028,Aire at Armley,Aire,691.5,53.80173,-1.57549,428057,434020,EA-Y,B VA,141,1.1613,121.411,0.116,GEV,-1.71,-0.258,NA,15,912,141,185,217,251,271,298,321,337,379,439,488,294.44,385.71
27029,Calder at Elland,Calder,341.9,53.69399,-1.81317,412434,421966,EA-Y,C VA,136,1.095,124.205,0.0654,GEV,-1.33,0.524,NA,17,887,136,180,210,241,259,282,301,314,348,394,430,264.77,372.38
27031,Colne at Colne Bridge,Colne,245,53.67547,-1.73822,417391,419921,EA-Y,C VA,91,1.3133,69.29,0.1277,Gumbel,-2.74,-1.35,NA,17,878,91,121,141,160,171,185,196,204,222,247,265,175.91,236.57
27032,Hebden Beck at Hebden,Hebden Beck,22.17,54.07422,-1.96358,402481,464255,EA-Y,MIS,3.92,1,3.92,0,Kappa3,-0.393,1.88,NA,19,836,3.92,5.05,5.85,6.68,7.19,7.86,8.42,8.83,9.88,11.4,12.7,7.55,10.32
27034,Ure at Kilgram Bridge,Ure,510.2,54.26921,-1.70881,419062,485989,EA-Y,VA,255,1.0041,253.959,0.0035,Gumbel,-1.95,0.67,NA,16,811,255,324,370,414,439,470,495,513,555,611,653,455.11,578.26
27035,Aire at Kildwick Bridge,Aire,282.3,53.90731,-1.98465,401106,445684,EA-Y,VA,58,1.0244,56.617,0.0204,Gumbel,-2.83,-0.927,NA,17,801,58,73.3,83.4,93.1,98.7,106,111,115,124,137,146,101.05,130.88
27040,Doe Lea at Staveley,Doe Lea,67.9,53.26655,-1.33742,444290,374600,EA-Y,FL,11.1,1.144,9.702,0.0972,Kappa3,-0.704,1.76,NA,17,881,11.1,16,19.4,22.9,25,27.8,30.1,31.7,36,42.1,47.2,26.67,37.68
27041,Derwent at Buttercrambe,Derwent,1586,54.01924,-0.88562,473112,458712,EA-Y,C US,71.5,1.0267,69.637,0.0127,GEV,-3.31,-1.05,NA,13,815,71.5,92.2,106,120,128,139,147,153,168,188,203,133.29,175.63
27043,Wharfe at Addingham,Wharfe,427,53.93972,-1.86216,409146,449298,EA-Y,C VA,269,1.0038,267.971,0.0033,Gumbel,-1.67,0.932,NA,17,830,269,339,386,431,456,488,514,532,575,632,675,459.09,616.49
27049,Rye at Ness,Rye,238.7,54.20382,-0.93697,469439,479196,EA-Y,FV,36.1,1.0063,35.875,0.0033,Gumbel,-2.93,-1.45,NA,15,845,36.1,50.7,60.4,69.6,75,81.6,86.9,90.6,99.6,111,120,75.57,108.63
27051,Crimple at Burn Bridge,Crimple,8.1,53.96223,-1.56884,428386,451880,EA-Y,FV,4.64,1.0104,4.592,0.0093,GEV,-1.55,-0.171,NA,22,811,4.64,6.6,8.01,9.46,10.3,11.5,12.4,13.1,14.8,17.3,19.2,10.83,15.84
27053,Nidd at Birstwith,Nidd,217.6,54.03831,-1.65019,423007,460316,EA-Y,VA,99.1,1.0057,98.534,0.0049,Gumbel,-2.72,-1.12,NA,21,844,99.1,135,158,181,194,210,223,232,254,282,304,198.08,271.73
27055,Rye at Broadway Foot,Rye,131.7,54.28785,-1.1413,455997,488365,EA-Y,C US,38.9,1.0007,38.871,6e-4,Gumbel,-2.33,-0.945,NA,20,835,38.9,54.3,64.5,74.3,79.9,87,92.5,96.5,106,118,128,76.38,121.92
27059,Laver at Ripon Laver Weir,Laver,87.5,54.1335,-1.53787,430294,470949,EA-Y,C,22.2,1.0169,21.832,0.0125,GEV,-1.97,-0.602,NA,17,813,22.2,31.6,38.6,45.9,50.4,56.4,61.4,65,74.4,87.9,99.2,54.56,77.43
27062,Nidd at Skip Bridge,Nidd,516,53.99851,-1.26549,448247,456080,EA-Y,US,92,1.0496,87.648,0.0369,Gumbel,-2.61,-0.69,NA,19,870,92,119,137,155,165,177,187,194,210,233,249,162.88,231.06
27071,Swale at Crakehill,Swale,1363,54.15412,-1.35069,442503,473339,EA-Y,C VA,162,1.0251,158.028,0.0185,GEV,-2.92,-0.479,NA,15,806,162,203,230,254,267,284,297,305,326,353,372,270.53,343.86
27073,Brompton Beck at Snainton Ings,Brompton Beck,12.9,54.20237,-0.56618,493627,479462,EA-Y,C,0.816,1.0663,0.765,0.0156,Gumbel,-3.09,-1.37,NA,22,800,0.816,1.26,1.55,1.83,1.99,2.2,2.36,2.47,2.74,3.1,3.37,1.93,3.17
27079,Calder at Methley,Calder,930,53.72607,-1.38269,440828,425695,EA-Y,IV,240,1.2841,186.908,0.1466,GEV,-2.16,-0.864,NA,17,841,240,320,376,434,469,514,552,579,647,742,819,489.72,684.56
27080,Aire at Oulton Lemonroyd,Aire,865,53.7485,-1.42267,438170,428169,EA-Y,C,157,1.2442,126.186,0.1713,Gumbel,-2.77,-1.17,NA,16,878,157,202,232,260,277,297,314,325,353,389,417,273.7,385.91
27081,Oulton Beck at Oulton Farrer Lane,Oulton Beck,25.1,53.74802,-1.4488,436447,428102,EA-Y,FV,2.54,1.7593,1.444,0.3075,GEV,-1.5,0.483,NA,20,848,2.54,3.68,4.47,5.26,5.72,6.33,6.81,7.16,8.03,9.23,10.2,5.48,9.35
27083,Foss at Huntington,Foss,118,53.98147,-1.06768,461239,454337,EA-Y,IV,12.2,1.0862,11.231,0.0493,Kappa3,-0.729,2.22,NA,17,880,12.2,16.8,19.9,23.1,25,27.4,29.5,31,34.7,40,44.2,25.79,37.26
27086,Skell at Ripon Alma Weir,Skell,119.5,54.13342,-1.51834,431570,470949,EA-Y,FVUS,29,1.022,28.376,0.0165,Gumbel,-2.76,-1.53,NA,18,815,29,40.8,48.6,56.1,60.4,65.8,70.1,73.1,80.4,89.9,97.2,57.31,93.24
27088,Calder at Mytholmroyd,Calder,141.87,53.73084,-1.9839,401160,426050,EA-Y,IV,81.5,1.0245,79.55,0.0212,Kappa3,-0.785,1.04,NA,21,836,81.5,106,125,145,158,175,190,201,229,273,311,173.74,232.54
27089,Wharfe at Tadcaster,Wharfe,818,53.89092,-1.27561,447706,444103,EA-Y,US,215,1.0285,209.041,0.0215,Gumbel,-2.39,-1.14,NA,13,827,215,286,333,378,404,436,461,480,523,580,624,372.57,618.42
27090,Swale at Catterick Bridge,Swale,499.4,54.38882,-1.65321,422618,499315,EA-Y,USVA,308,1.0097,305.035,0.0081,GEV,-2.38,0.112,NA,16,821,308,396,453,507,537,575,604,624,673,736,782,526.17,740.02
27092,Esk at Briggswath,Esk,325.4,54.46211,-0.65449,487316,508248,EA-Y,US,136,1.0042,135.429,0.0038,Gumbel,-2.93,-1.04,NA,19,854,136,187,221,254,272,296,314,327,359,400,432,274.5,389.54
27095,Pickering Beck at Pickering,Pickering Beck,66.2,54.24585,-0.77897,479664,484039,EA-Y,VA,7.73,1.0185,7.589,0.0074,Kappa3,-0.487,1.39,NA,20,856,7.73,11.4,14.1,17,18.9,21.3,23.4,24.9,29,35,40.3,18.61,33.31
27096,Wharfe at Netherside Hall,Wharfe,215.18,54.08065,-2.02349,398561,464970,EA-Y,USVA,216,1.0012,215.743,0.001,Kappa3,-0.587,1.68,NA,19,818,216,276,318,362,389,424,453,475,530,609,675,390.99,577.06
27098,Calder at Dewsbury,Calder,697,53.68882,-1.63441,424241,421436,EA-Y,USVA,266,1.22,218.027,0.1201,GEV,-1.06,0.104,NA,15,867,266,357,424,496,540,598,647,683,775,910,1020,572.01,815.53
27099,Derwent at Malton A64 Road Bridge,Derwent,1360.1,54.14732,-0.75835,481200,473100,EA-Y,US,68.6,1.0241,66.984,0.0115,GEV,-3.35,-1.07,NA,13,815,68.6,88.5,102,115,122,131,139,144,157,174,187,113.94,181.99
28003,Tame at Water Orton,Tame,408,52.52076,-1.75177,416940,291460,EA-WM,C,82.6,2.4821,33.278,0.5941,Kappa3,-0.38,1.44,NA,17,907,82.6,101,115,129,138,150,160,167,186,214,238,147.26,189.39
28007,Trent at Shardlow,Trent,4400,52.86527,-1.33597,444800,329960,EA-EM,IV,257,1.2443,206.538,0.1358,GEV,-4.7,-1.94,NA,14,864,257,331,379,425,451,484,509,527,570,626,668,416.91,666.16
28009,Trent at Colwick,Trent,7486,52.95344,-1.07846,462010,339960,EA-EM,VA,443,1.2087,366.51,0.1214,GEV,-3.77,-0.789,NA,14,916,443,564,643,719,763,817,860,890,963,1060,1130,758.49,1044.32
28015,Idle at Mattersey,Idle,529,53.39801,-0.9636,469010,389520,EA-EM,IV,10.2,1.2844,7.941,0.0812,GenLog,0.122,3.02,NA,17,890,10.2,13.8,16.4,19,20.7,22.9,24.8,26.2,29.8,35.2,39.9,21.95,31.27
28018,Dove at Marston on Dove,Dove,883.2,52.85653,-1.64888,423740,328840,EA-WM,FVVA,113,1.038,108.859,0.0227,GEV,-2.46,-0.651,NA,18,840,113,153,181,209,225,247,264,276,307,350,383,237.83,320.3
28019,Trent at Drakelow Park,Trent,3072,52.78057,-1.64697,423910,320390,EA-WM,VA,174,1.3215,131.671,0.1754,GEV,-3.18,-0.594,NA,14,880,174,221,253,283,301,323,341,353,383,422,452,305.34,408.09
28022,Trent at North Muskham,Trent,8231,53.13614,-0.79921,480430,360560,EA-EM,USVA,427,1.1964,356.893,0.1153,Gumbel,-2.5,0.533,NA,14,904,427,532,602,669,707,755,793,820,885,970,1030,732.58,917.85
28023,Wye at Ashford,Wye,154,53.22386,-1.72811,418250,369680,EA-EM,FV,16.8,1.044,16.091,0.0181,GEV,-1.27,0.588,NA,16,803,16.8,23.6,28.5,33.5,36.5,40.4,43.6,45.9,51.8,60,66.7,39.03,53.99
28024,Wreake at Syston Mill,Wreake,413.8,52.70632,-1.09107,461510,312460,EA-EM,US,34.4,1.037,33.173,0.029,GenLog,-0.107,1.94,NA,16,851,34.4,50.2,62.1,75,83.4,94.9,105,113,133,166,195,93.3,136.87
28026,Anker at Polesworth,Anker,368,52.62719,-1.61319,426280,303340,EA-WM,C VA,48.2,1.1422,42.198,0.0954,Kappa3,-0.585,0.891,NA,17,872,48.2,66.2,79.7,94.2,103,116,126,134,155,187,214,101.48,176.95
28027,Erewash at Sandiacre,Erewash,182.2,52.92312,-1.28377,448250,336430,EA-EM,IV,19.5,1.2784,15.254,0.1877,GenLog,0.062,1.54,NA,17,861,19.5,28.1,34.8,42.4,47.4,54.4,60.6,65.5,78.7,100,121,50.27,85.35
28033,Dove at Hollinsclough,Dove,8,53.19851,-1.90685,406320,366830,EA-WM,CC,4.15,1.0015,4.144,0.0013,GenLog,-0.734,0.836,NA,21,802,4.15,5.52,6.57,7.75,8.53,9.61,10.6,11.3,13.3,16.6,19.7,9.59,13.32
28035,Leen at Triumph Road Nottingham,Leen,111,52.94819,-1.18334,454970,339290,EA-EM,IV,13.4,2.0353,6.584,0.28,Gumbel,-1.71,1.66,NA,17,845,13.4,18.2,21.4,24.4,26.1,28.3,30,31.3,34.2,38.1,41,26.42,37.09
28039,Rea at Calthorpe Park,Rea,74,52.46029,-1.89737,407070,284710,EA-WM,C B,31.9,2.0381,15.652,0.4611,GEV,-2.12,-0.532,NA,19,864,31.9,43.8,52.2,60.7,65.7,72.3,77.7,81.6,91.3,105,116,66.51,100.12
28040,Trent at Stoke-On-Trent,Trent,53.2,53.01722,-2.16289,389170,346670,EA-WM,C,11.5,1.3009,8.84,0.2036,GEV,-1.28,-0.058,NA,21,883,11.5,16.4,20,24,26.5,29.8,32.6,34.6,40,48.1,54.9,27.74,43.16
28041,Hamps at Waterhouses,Hamps,35.13,53.04864,-1.87779,408290,350160,EA-WM,FV,26.5,1.0066,26.327,0.0061,GEV,-1.23,0.837,NA,20,816,26.5,35.4,41.6,47.8,51.4,56.2,60,62.7,69.5,78.9,86.3,52.33,75.12
28043,Derwent at Chatsworth,Derwent,335,53.21167,-1.61124,426060,368360,EA-EM,VA,90.3,1.0122,89.212,0.009,Gumbel,-3.02,-1.16,NA,16,826,90.3,121,142,161,173,187,198,206,225,250,269,171.75,247.07
28049,Ryton at Worksop,Ryton,77,53.30924,-1.1382,457520,379490,EA-EM,FV,5.77,1.3322,4.331,0.0951,GEV,-3.48,-0.287,NA,16,885,5.77,8.2,9.72,11.1,11.9,12.8,13.5,14,15.2,16.6,17.6,11.46,17.1
28053,Penk at Penkridge,Penk,272,52.72748,-2.11707,392191,314433,EA-WM,FVVA,28.7,1.1978,23.961,0.1196,Kappa3,-0.207,1.27,NA,17,856,28.7,38.9,46.7,55.3,60.8,68.2,74.7,79.6,92.5,112,130,64.76,97.84
28056,Rothley Brook at Rothley,Rothley Brook,94,52.70374,-1.14218,458060,312130,EA-EM,FVVA,12.1,1.1333,10.677,0.1091,Kappa3,-0.882,1.3,NA,17,885,12.1,16.9,20.3,23.8,25.8,28.6,30.8,32.5,36.6,42.6,47.5,26.6,39.71
28058,Henmore Brook at Ashbourne,Henmore Brook,37.7,53.013,-1.74017,417530,346220,EA-WM,FV,10.6,1.0354,10.238,0.0245,GEV,-1.82,-0.206,NA,22,846,10.6,15.7,19.4,23.1,25.4,28.3,30.7,32.5,36.9,43.1,48.2,25.42,41.56
28061,Churnet at Basford Bridge,Churnet,139,53.06497,-2.02781,398234,351970,EA-WM,FVVA,27.5,1.0589,25.971,0.0423,GEV,-1.45,0.08,NA,19,868,27.5,37.2,44.3,51.7,56.3,62.3,67.2,70.9,80.1,93.5,105,60.76,82.73
28080,Tame at Lea Marston Lakes,Tame,799,52.54076,-1.69475,420800,293700,EA-WM,MIS,117,1.7975,65.09,0.4065,GEV,-1.25,0.476,NA,18,870,117,148,171,194,208,226,241,252,279,317,348,216.17,293.77
28082,Soar at Littlethorpe,Soar,183.9,52.57101,-1.20173,454200,297320,EA-EM,XC,16.3,1.0885,14.975,0.06,GenLog,0.087,2.61,NA,17,880,16.3,22.6,27,31.7,34.5,38.4,41.6,44,50.4,59.8,68,37.32,51.87
28085,Derwent at St Mary's Bridge,Derwent,1054,52.92817,-1.47499,435390,336880,EA-EM,US,136,1.0638,127.846,0.0358,GEV,-1.82,-0.25,NA,16,900,136,182,217,253,276,305,330,348,395,464,521,306.69,394.88
28086,Sence at South Wigston,Sence,113,52.57377,-1.13365,458810,297680,EA-EM,IV,21.4,1.0592,20.204,0.049,Kappa3,-0.285,2.06,NA,16,892,21.4,31.1,37.9,44.8,49,54.5,59,62.4,70.8,82.8,92.7,44.75,87
28091,Ryton at Blyth,Ryton,231,53.37724,-1.05227,463145,387128,EA-EM,IV,11.7,1.3251,8.83,0.0926,GenLog,0.16,3.35,NA,17,883,11.7,16.2,19.3,22.6,24.7,27.5,29.9,31.6,36.3,43.3,49.3,24.67,40.47
28095,Tame at Hopwas Bridge,Tame,1421.66,52.64397,-1.73393,418100,305170,EA-WM,VA,135,1.5033,89.8,0.2709,Kappa3,-1.32,1.01,NA,15,860,135,171,196,222,238,258,275,288,320,366,405,226.18,366.72
30003,Bain at Fulsby Lock,Bain,197.1,53.13146,-0.14689,524080,360970,EA-LN,B,16.6,1.0698,15.518,0.0161,Gumbel,-2.03,0.89,NA,17,863,16.6,23.6,28.3,32.7,35.3,38.5,41,42.8,47.1,52.8,57.1,35.76,51.22
30004,Lymn at Partney Mill,Lymn,61.6,53.18694,0.09633,540170,367590,EA-LN,C,7.18,1.0183,7.051,0.0106,Kappa3,-1.1,1.23,NA,18,832,7.18,10.6,13,15.4,16.8,18.7,20.2,21.3,24,27.9,31,17.37,26.12
30006,Slea at Leasingham Mill,Slea,48.4,53.02211,-0.3794,508800,348430,EA-LN,TP,1.84,1.3983,1.316,0.0896,GEV,-3.4,-0.079,NA,16,889,1.84,2.67,3.19,3.66,3.93,4.25,4.49,4.66,5.06,5.56,5.91,3.62,6
30013,Heighington Beck at Heighington,Heighington Beck,21.2,53.21248,-0.44351,504040,369510,EA-LN,C,0.648,1.868,0.347,0.1213,Kappa3,-1.21,1.63,NA,16,860,0.648,0.96,1.19,1.43,1.58,1.78,1.95,2.07,2.4,2.88,3.3,1.61,2.66
31004,Welland at Tallington Total,Welland,717.4,52.65614,-0.38129,509590,307720,EA-LN,CB+2C,35,1.0389,33.69,0.0264,GEV,-1.16,0.46,NA,16,834,35,49.5,60.1,71.2,77.9,86.8,94.2,99.6,113,133,149,81.98,121
31005,Welland at Tixover,Welland,417,52.58574,-0.56957,497010,299620,EA-LN,VA,37.4,1.0243,36.513,0.0208,Kappa3,-0.724,1.46,NA,16,828,37.4,54.8,67.5,80.9,89.1,100,109,116,134,161,183,95.87,140.35
32010,Nene at Wansford,Nene,1530,52.58303,-0.40656,508060,299550,EA-LN,US,62.3,1.1265,55.306,0.0747,GEV,-1.37,0.852,NA,16,876,62.3,81.9,95.4,109,116,126,134,140,154,173,188,124.8,157.05
33005,Bedford Ouse at Thornborough Mill,Bedford Ouse,388.5,52.0114,-0.93105,473463,235314,EA-EA,MIS,21.8,1.0382,20.998,0.0253,Kappa3,-0.061,0.964,NA,16,808,21.8,30.4,37,44.3,48.9,55.2,60.7,64.9,75.9,93.1,108,54.84,76.8
33007,Nar at Marham,Nar,153.3,52.67807,0.54792,572348,311976,EA-EA,FLCB,3.62,1.0717,3.378,0.0144,Gumbel,-1.84,1.43,NA,15,803,3.62,5.06,6.02,6.93,7.46,8.12,8.64,9.01,9.89,11.1,11.9,7.5,10.83
33011,Little Ouse at County Bridge Euston,Little Ouse,128.7,52.38701,0.77941,589242,280188,EA-EA,CB,4.14,1.049,3.947,0.0178,GEV,-2.67,0.186,NA,16,857,4.14,5.91,6.99,7.95,8.48,9.11,9.59,9.92,10.7,11.6,12.2,8.08,12.18
33014,Lark at Temple,Lark,272,52.32642,0.57839,575805,272944,EA-EA,CB,7.72,1.2469,6.192,0.0507,GenLog,-0.237,3.13,NA,17,887,7.72,10.5,12.3,14.2,15.4,16.9,18.1,19,21.4,24.8,27.7,16.23,22.24
33019,Thet at Melford Bridge,Thet,316,52.4127,0.76219,587961,283000,EA-EA,C,7.33,1.0891,6.731,0.0279,Kappa3,-1.22,1.7,NA,16,808,7.33,10.1,11.9,13.6,14.7,16,17,17.8,19.6,22.1,24.1,14.76,21.47
33029,Stringside at Whitebridge,Stringside,98.8,52.57635,0.531,571602,300623,EA-EA,FL,2.72,1.15,2.365,0.0226,Kappa3,-0.942,2.25,NA,15,820,2.72,3.76,4.42,5.05,5.42,5.88,6.25,6.51,7.14,7.98,8.62,5.56,7.62
33031,Broughton Brook at Broughton,Broughton Brook,66.6,52.05949,-0.70566,488837,240914,EA-EA,FV,12.9,1.1471,11.246,0.1029,Kappa3,-0.574,2.08,NA,16,861,12.9,18,21.6,25.1,27.2,29.9,32.1,33.7,37.8,43.4,48,28.07,40.46
33032,Heacham at Heacham,Heacham,59,52.90836,0.50453,568523,337484,EA-EA,C+C,0.442,1.0702,0.413,0.0074,GEV,-3.52,-0.731,NA,15,807,0.442,0.636,0.757,0.868,0.929,1,1.06,1.1,1.19,1.31,1.39,0.92,1.32
33034,Little Ouse at Abbey Heath,Little Ouse,688.5,52.42591,0.72077,585089,284362,EA-EA,C,15.6,1.0947,14.25,0.0295,GenLog,0.313,2.85,NA,16,808,15.6,21.4,25.5,29.8,32.5,36.1,39.2,41.6,47.7,57,65,34.33,50.4
33050,Snail at Fordham,Snail,60.6,52.30591,0.39225,563197,270227,EA-EA,FV,1.34,1.3522,0.991,0.0773,GEV,-2.82,0.028,NA,15,859,1.34,1.93,2.29,2.62,2.8,3.02,3.18,3.3,3.56,3.88,4.11,2.55,4.27
33051,Cam at Chesterford,Cam,141,52.06174,0.19427,550523,242645,EA-EA,CB,7.9,1.0795,7.318,0.0335,Kappa3,-1.04,2.15,NA,15,870,7.9,11.3,13.5,15.5,16.7,18.2,19.3,20.1,22.1,24.8,26.8,17.66,22.87
33054,Babingley at Castle Rising,Babingley,47.7,52.79877,0.49057,568007,325264,EA-EA,FV,1.13,1.1083,1.02,0.015,GEV,-3.02,-0.164,NA,16,858,1.13,1.63,1.96,2.26,2.44,2.65,2.82,2.94,3.22,3.58,3.85,2.44,3.55
34005,Tud at Costessey Park,Tud,73.2,52.65577,1.20643,616966,311275,EA-EA,CFL,3.13,1.1315,2.766,0.0595,Kappa3,-1.44,1.49,NA,17,871,3.13,4.41,5.3,6.21,6.75,7.47,8.05,8.48,9.56,11.1,12.4,6.8,10.57
34012,Burn at Burnham Overy,Burn,80,52.95043,0.74032,584198,342742,EA-EA,CC,1.03,1.1425,0.902,0.0149,GEV,-3.75,-0.437,NA,16,818,1.03,1.44,1.68,1.89,2,2.14,2.24,2.31,2.46,2.64,2.76,1.94,2.75
35008,Gipping at Stowmarket,Gipping,128.9,52.18132,1.00816,605756,257940,EA-EA,CC,14.7,1.0497,14.004,0.0383,GenLog,-0.27,2.3,NA,15,862,14.7,20.9,25.2,29.8,32.7,36.5,39.8,42.3,48.7,58.4,66.8,33.3,53.74
36003,Box at Polstead,Box,53.9,52.00386,0.89091,598528,237881,EA-EA,FL,3.88,1.0366,3.743,0.0199,Gumbel,-1.79,1.13,NA,14,804,3.88,5.7,6.91,8.06,8.73,9.56,10.2,10.7,11.8,13.3,14.4,8.88,12.9
36004,Chad Brook at Long Melford,Chad Brook,47.4,52.0803,0.72445,586785,245940,EA-EA,EW,4.81,1.0223,4.705,0.0152,Kappa3,-0.958,1.69,NA,15,829,4.81,7.08,8.65,10.2,11.2,12.4,13.4,14.2,16.1,18.7,20.9,12.08,16.7
36007,Belchamp Brook at Bardfield Bridge,Belchamp Brook,58.6,52.04699,0.69325,584785,242156,EA-EA,FL,4.63,1.0174,4.551,0.01,Gumbel,-1.56,1.3,NA,14,802,4.63,6.9,8.41,9.86,10.7,11.7,12.5,13.1,14.5,16.4,17.8,9.25,18.55
36008,Stour at Westmill,Stour,224.5,52.08525,0.6656,582733,246341,EA-EA,FL,16,1.0423,15.35,0.0325,GenLog,0.329,3.29,NA,16,893,16,22.9,27.7,32.8,35.9,40.2,43.8,46.5,53.5,64.2,73.4,39.23,55.12
36010,Bumpstead Brook at Broad Green,Bumpstead Brook,28.3,52.04908,0.46197,568920,241826,EA-EA,EW,8.12,1.0215,7.949,0.0177,Kappa3,-1.01,1.61,NA,16,832,8.12,11.8,14.3,16.9,18.4,20.4,22,23.2,26.1,30.3,33.7,18.61,28.92
36011,Stour Brook at Sturmer,Stour Brook,34.5,52.06927,0.47359,569640,244098,EA-EA,EW,6.79,1.1636,5.835,0.1287,Kappa3,-1.24,1.8,NA,16,880,6.79,9.65,11.6,13.5,14.7,16.2,17.4,18.3,20.5,23.6,26,15.79,21.21
37005,Colne at Lexden,Colne,238.2,51.89899,0.85104,596249,226113,EA-EA,FL,12,1.074,11.173,0.0419,GenLog,0.05,3,NA,15,868,12,16.9,20.4,24.1,26.5,29.6,32.3,34.3,39.5,47.6,54.5,29.32,40.12
37007,Wid at Writtle,Wid,136.3,51.72743,0.44096,568679,206010,EA-EA,EW,14.6,1.0951,13.332,0.093,GEV,-1.66,0.548,NA,16,877,14.6,21.3,25.8,30.3,32.8,36,38.6,40.5,44.9,50.9,55.4,33.03,49.66
37008,Chelmer at Springfield,Chelmer,190.3,51.73666,0.47947,571303,207126,EA-EA,EW,14.4,1.0681,13.482,0.0436,GenLog,0.082,3.37,NA,15,876,14.4,20.6,25,29.7,32.6,36.6,40,42.5,49.3,59.6,68.5,35.96,50.23
37009,Brain at Guithavon Valley,Brain,60.7,51.80183,0.63462,581753,214748,EA-EA,EW,3.9,1.1731,3.324,0.0956,Gumbel,-1.82,0.993,NA,15,870,3.9,5.82,7.1,8.32,9.02,9.9,10.6,11.1,12.3,13.8,15,8.83,13.95
37010,Blackwater at Appleford Bridge,Blackwater,247.3,51.81054,0.67445,584463,215816,EA-EA,FL,12.8,1.0487,12.206,0.0324,GenLog,1.05,3.79,NA,17,929,12.8,18.4,22.4,26.8,29.5,33.2,36.4,38.9,45.3,55.1,63.8,32.85,46.07
37014,Roding at High Ongar,Roding,95.1,51.71389,0.25917,556172,204100,EA-HNL,US,11.1,1.0224,10.857,0.0181,Kappa3,-0.39,2.29,NA,15,860,11.1,15.7,18.6,21.5,23.2,25.3,27,28.2,31.2,35.2,38.3,23.89,33.29
37016,Pant at Copford Hall,Pant,62.5,51.95528,0.42692,566865,231314,EA-EA,EW,7.47,1.0181,7.337,0.0144,Gumbel,-1.56,1.1,NA,16,832,7.47,11,13.3,15.5,16.8,18.4,19.6,20.5,22.7,25.5,27.6,17.01,24.7
37020,Chelmer at Felsted,Chelmer,132.1,51.84783,0.42437,567088,219360,EA-EA,EW,12.8,1.0436,12.266,0.0298,GenLog,0.287,3.13,NA,14,801,12.8,18.5,22.5,26.9,29.6,33.4,36.6,39,45.4,55.2,63.9,33.15,45.89
38002,Ash at Mardock,Ash,78.7,51.81482,0.0203,539360,214840,EA-HNL,FV,6.74,1.0453,6.448,0.0246,Kappa3,-0.437,1.76,NA,15,839,6.74,9.99,12.2,14.5,15.9,17.6,19.1,20.2,22.8,26.6,29.7,17.43,23.4
38003,Mimram at Panshanger Park,Mimram,133.9,51.80342,-0.14127,528256,213276,EA-HNL,FL,2.01,1.3071,1.538,0.0771,Kappa3,-1.14,1.61,NA,16,894,2.01,2.83,3.4,3.98,4.33,4.78,5.16,5.44,6.13,7.13,7.94,4.65,6.37
38004,Rib at Wadesmill,Rib,136.5,51.83905,-0.02754,535990,217444,EA-HNL,FL+C,11.6,1.0319,11.242,0.0197,Gumbel,-1.54,1.35,NA,14,849,11.6,17.4,21.3,25,27.1,29.7,31.8,33.3,36.9,41.6,45.2,28.06,39.51
38020,Cobbins Brook at Sewardstone Road,Cobbins Brook,38.4,51.68148,0.00495,538710,199982,EA-HNL,FL,7.47,1.0755,6.945,0.0776,Kappa3,-0.541,1.69,NA,18,861,7.47,10.4,12.6,15,16.5,18.5,20.3,21.6,25,30.2,34.7,17.75,26.28
38022,Pymmes Brook at Edmonton Silver Street,Pymmes Brook,42.6,51.61573,-0.06526,534050,192540,EA-HNL,C,19.4,1.6008,12.119,0.5048,Gumbel,-1.84,0.75,NA,19,886,19.4,24.9,28.5,32,34,36.5,38.5,39.8,43.2,47.6,51,34.76,45.58
39001,Thames at Kingston,Thames,9948,51.41544,-0.30771,517780,169850,EA-T,US,317,1.2235,259.091,0.0792,GEV,-3.44,-0.419,NA,14,980,317,408,466,520,551,588,617,638,686,748,793,572.53,710.96
39002,Thames at Days Weir,Thames,3444.7,51.63852,-1.17947,456880,193620,EA-T,MIS,144,1.1021,130.655,0.0418,GEV,-3.34,-0.788,NA,14,910,144,187,216,243,259,278,293,304,330,365,390,263.44,350.81
39005,Beverley Brook at Wimbledon Common,Beverley Brook,43.5,51.43167,-0.25195,521614,171745,EA-KSL,FL,11.1,2.2869,4.854,0.486,Gumbel,-1.88,1.25,NA,16,912,11.1,14.8,17.3,19.6,21,22.7,24,25,27.2,30.2,32.5,21.28,29.37
39006,Windrush at Newbridge,Windrush,362.6,51.71402,-1.41984,440179,201858,EA-T,US,11.2,1.0781,10.388,0.0213,GEV,-1.99,0.293,NA,16,859,11.2,15.9,19.1,22.3,24.3,26.7,28.7,30.1,33.6,38.5,42.3,25.3,35.81
39007,Blackwater at Swallowfield,Blackwater,354.8,51.37738,-0.95124,473090,164780,EA-T,CC,22.3,1.3896,16.048,0.1333,GenLog,0.094,3.51,NA,17,916,22.3,28.8,33.4,38,40.9,44.8,48,50.4,56.6,65.9,73.7,45.11,56.31
39014,Ver at Hansteads,Ver,132,51.70467,-0.33606,515077,201969,EA-HNL,CC,1.23,1.3787,0.892,0.1165,Kappa3,-1.19,2.02,NA,16,881,1.23,1.7,2.02,2.33,2.52,2.76,2.96,3.1,3.45,3.94,4.33,2.7,3.56
39016,Kennet at Theale,Kennet,1033.4,51.43274,-1.06695,464959,170828,EA-T,C,38.2,1.1203,34.098,0.0253,GEV,-1.86,0.143,NA,16,807,38.2,52.1,61.3,70.1,75.2,81.5,86.5,90,98.5,110,118,76.95,105.26
39019,Lambourn at Shaw,Lambourn,234.1,51.41105,-1.32514,447033,168219,EA-T,C,3.5,1.0601,3.302,0.0103,Gumbel,-1.69,1.26,NA,16,819,3.5,4.94,5.89,6.8,7.32,7.98,8.5,8.87,9.75,10.9,11.8,7.34,10.73
39020,Coln at Bibury,Coln,106.7,51.75461,-1.82543,412147,206228,EA-T,C,3.61,1.034,3.491,0.0077,Kappa3,-0.945,1.28,NA,17,831,3.61,5.04,6.02,7,7.59,8.35,8.98,9.43,10.6,12.2,13.5,8.06,11.04
39021,Cherwell at Enslow Mill,Cherwell,551.7,51.86134,-1.30137,448207,218315,EA-T,CC+CB,19.3,1.0604,18.201,0.0318,GenLog,0.08,2.19,NA,18,862,19.3,27.5,33.8,41,45.6,52.2,58,62.5,74.6,94.4,113,51.87,75.31
39022,Loddon at Sheepbridge,Loddon,164.5,51.38183,-0.96665,472011,165260,EA-T,C,16.4,1.2773,12.839,0.1008,Gumbel,-2.36,0.197,NA,17,872,16.4,22.8,27,31.1,33.4,36.3,38.6,40.3,44.2,49.4,53.3,34.58,46.97
39023,Wye at Bourne End Hedsor,Wye,137.3,51.57187,-0.70859,489597,186679,EA-T,C,2.74,1.7524,1.564,0.1203,Gumbel,-1.62,1.12,NA,17,871,2.74,3.71,4.35,4.96,5.31,5.75,6.1,6.35,6.94,7.72,8.32,5.65,7.13
39025,Enborne at Brimpton,Enborne,147.6,51.37917,-1.18551,456783,164772,EA-T,CC,16.6,1.0608,15.648,0.0316,Gumbel,-3.12,-1.51,NA,17,872,16.6,24,28.9,33.6,36.3,39.7,42.4,44.3,48.8,54.8,59.4,37.37,52.52
39028,Dun at Hungerford,Dun,101.3,51.414790000000004,-1.53938,432130,168520,EA-T,C,2.16,1.0245,2.108,0.0059,Kappa3,-0.994,1.51,NA,17,830,2.16,3,3.55,4.11,4.43,4.85,5.19,5.44,6.04,6.88,7.55,4.62,6.41
39033,Winterbourne Stream at Bagnor,Winterbourne Stream,49.2,51.42247,-1.35038,445266,169473,EA-T,C,0.401,1.0373000000000001,0.387,0.0084,GEV,-1.36,0.841,NA,22,838,0.401,0.599,0.74,0.884,0.971,1.08,1.18,1.24,1.41,1.65,1.84,0.99,1.55
39034,Evenlode at Cassington Mill,Evenlode,430,51.78627,-1.35169,444816,209933,EA-T,CC+CB,20.4,1.052,19.392,0.0199,GEV,-1.81,0.436,NA,16,822,20.4,29,34.7,40.3,43.6,47.6,50.9,53.2,58.8,66.3,72.1,46.03,61.49
39035,Churn at Cerney Wick,Churn,124.3,51.66536,-1.89189,407574,196292,EA-T,CC,3.46,1.1327,3.055,0.0309,Kappa3,-0.788,2.17,NA,17,900,3.46,4.65,5.42,6.16,6.59,7.13,7.56,7.87,8.61,9.61,10.4,7.03,8.81
39042,Leach at Priory Mill Lechlade,Leach,76.9,51.69218,-1.673,422700,199320,EA-T,C,3.2,1.0313,3.103,0.0068,Gumbel,-1.79,1.03,NA,17,809,3.2,4.48,5.33,6.15,6.62,7.2,7.66,7.99,8.78,9.82,10.6,6.85,9.32
39055,Yeading Brook West at North Hillingdon,Yeading Brook West,17.6,51.54991,-0.43946,508300,184600,EA-HNL,FV,4.11,1.4666,2.802,0.4515,GEV,-2.04,0.094,NA,17,826,4.11,5.37,6.22,7.04,7.52,8.13,8.62,8.96,9.8,10.9,11.8,5.56,14.44
39086,Gatwick Stream at Gatwick Link,Gatwick Stream,33.6,51.16028,-0.16348,528519,141717,EA-KSL,C,10.1,1.3685,7.381,0.1985,Gumbel,-2.23,-0.639,NA,21,869,10.1,13.7,16,18.3,19.6,21.2,22.5,23.4,25.5,28.4,30.6,20.25,27.04
39088,Chess at Rickmansworth,Chess,105,51.64199,-0.46126,506573,194809,EA-HNL,C,1.13,1.2075,0.936,0.0621,Kappa3,-0.921,1.98,NA,18,879,1.13,1.57,1.88,2.17,2.35,2.58,2.77,2.9,3.24,3.71,4.09,2.47,3.4
39089,Gade at Bury Mill,Gade,48.2,51.75763,-0.4754,505326,207648,EA-HNL,FL,0.632,1.1351,0.557,0.0419,Gumbel,-2.06,0.716,NA,22,912,0.632,0.934,1.13,1.33,1.44,1.58,1.68,1.76,1.95,2.19,2.38,1.46,2.13
39104,Mole at Esher,Mole,469.6,51.38237,-0.37679,513058,166063,EA-KSL,US,54.1,1.2469,43.386,0.1368,Kappa3,-0.867,1.21,NA,18,866,54.1,70.7,82.8,95.5,103,114,123,130,147,172,194,99.43,169.98
40003,Medway at Teston / East Farleigh,Medway,1256.1,51.25087,0.44696,570865,153033,EA-KSL,MIS,134,1.0607,126.332,0.0455,GEV,-2.03,0.115,NA,17,928,134,177,207,238,257,281,300,314,350,400,440,269.11,366.38
40005,Beult at Stilebridge,Beult,277.1,51.20207,0.51602,575870,147770,EA-KSL,FVUS,37.9,1.0296,36.811,0.0263,GenLog,0.738,2.99,NA,16,815,37.9,51.7,61.7,72.5,79.3,88.6,96.6,103,119,144,165,80.33,132.06
40007,Medway at Chafford / Colliers Land Bridge,Medway,255.1,51.14446,0.16846,551780,140590,EA-KSL,FLVA,50.6,1.061,47.692,0.046,Gumbel,-2.43,-1.18,NA,18,876,50.6,71.1,84.7,97.7,105,115,122,127,140,156,169,104.59,154.21
40008,Great Stour at Wye,Great Stour,230,51.1855,0.93029,604880,147000,EA-KSL,C VA,19.6,1.1956,16.393,0.0797,Kappa3,-1.08,2.48,NA,17,905,19.6,26,30.2,34.1,36.5,39.4,41.7,43.4,47.4,52.8,57,38.49,48.94
40009,Teise at Stonebridge,Teise,136.2,51.13315,0.45394,571789,139960,EA-KSL,FV,24.8,1.0266,24.156,0.0205,GEV,-1,0.42,NA,18,822,24.8,36.8,45.9,55.6,61.7,69.8,76.6,81.7,94.8,114,131,65.7,101.59
40010,Eden at Penshurst / Vexour Bridge,Eden,224.3,51.17223,0.17308,552012,143688,EA-KSL,C VA US,24.6,1.067,23.054,0.0523,Kappa3,0.121,1.07,NA,18,881,24.6,35.5,44.8,55.9,63.4,74.3,84.2,92.1,114,151,187,71.96,117.88
40011,Great Stour at Horton,Great Stour,345,51.2581,1.03051,611549,155356,EA-KSL,B VA,19.6,1.1843,16.55,0.0594,Kappa3,-1.29,1.35,NA,18,899,19.6,26.4,30.9,35.3,37.9,41.2,43.9,45.8,50.5,57,62.1,39.91,52.55
40012,Darent at Hawley,Darent,191.4,51.42434,0.23119,555222,171842,EA-KSL,C,2.81,1.5021,1.871,0.0888,GenLog,0.422,3,NA,17,897,2.81,3.91,4.75,5.69,6.3,7.16,7.91,8.49,10.1,12.6,14.9,6.87,10.5
40018,Darent at Lullingstone,Darent,118.4,51.35699,0.19642,553029,164280,EA-KSL,CB,3.59,1.4187,2.531,0.0854,Kappa3,-0.342,2.43,NA,17,862,3.59,4.96,5.94,6.96,7.59,8.42,9.12,9.63,11,12.9,14.5,7.88,11.77
41005,Ouse at Gold Bridge,Ouse,180.9,50.97406,0.03411,542907,121374,EA-SSD,FVVA,33.1,1.053,31.433,0.0368,GEV,-2.09,-0.676,NA,17,881,33.1,49.1,60.8,72.9,80.3,89.9,97.9,104,119,140,157,87.35,123.82
41020,Bevern Stream at Clappers Bridge,Bevern Stream,34.6,50.92686,0.024140000000000002,542351,116107,EA-SSD,C US,13.9,1.0313,13.478,0.026,GEV,-1.64,0.137,NA,22,813,13.9,19.4,23.2,27,29.2,32,34.3,36,40,45.5,49.8,31.49,41.15
41022,Lod at Halfway Bridge,Lod,52,50.99221,-0.67448,493124,122259,EA-SSD,C,16.8,1.0175,16.512,0.0127,GEV,-1.22,0.36,NA,21,845,16.8,24.9,30.7,36.6,40.2,44.8,48.6,51.4,58.4,68.2,76.1,39.12,67.53
41023,Lavant at Graylingwell,Lavant,87.2,50.85103,-0.76461,487062,106450,EA-SSD,FV,1.74,1.0794,1.612,0.0096,Kappa3,-1.17,0.99,NA,18,831,1.74,2.58,3.19,3.83,4.22,4.74,5.19,5.51,6.35,7.6,8.64,4,7.6
42001,Wallington at North Fareham,Wallington,111,50.86367,-1.16663,458746,107460,EA-SSD,FV,18,1.2292,14.644,0.0698,Kappa3,-1.3,1.06,NA,17,867,18,24.9,29.6,34.5,37.5,41.4,44.6,46.9,52.8,61.3,68.3,36.95,59.53
42003,Lymington at Brockenhurst,Lymington,98.9,50.81596,-1.55026,431780,101920,EA-SSD,TPVA,27.4,1.0231,26.78,0.0166,GEV,-1.27,-0.265,NA,19,817,27.4,38.2,46.5,55.5,61.3,69,75.6,80.6,93.5,113,130,56.1,115.8
42006,Meon at Mislingford,Meon,72.8,50.92346,-1.16299,458927,114112,EA-SSD,FV,2.89,1.1186,2.583,0.0124,Kappa3,-0.881,1.56,NA,18,812,2.89,4.13,5.02,5.94,6.5,7.24,7.85,8.31,9.47,11.2,12.6,6.95,9.93
42007,Alre at Drove Lane Alresford,Alre,57,51.08991,-1.18132,457433,132607,EA-SSD,C,2.51,1.1527,2.177,0.0155,Kappa3,-0.895,1.41,NA,19,817,2.51,3.66,4.47,5.3,5.82,6.49,7.05,7.46,8.5,10,11.3,6.49,8.58
42008,Cheriton Stream at Sewards Bridge,Cheriton Stream,75.1,51.08657,-1.18239,457362,132235,EA-SSD,C,1.37,1.1007,1.245,0.0118,Kappa3,-0.859,1.54,NA,18,812,1.37,1.97,2.41,2.87,3.15,3.53,3.85,4.09,4.71,5.63,6.4,3.46,4.84
42009,Candover Stream at Borough Bridge,Candover Stream,71.2,51.08762,-1.18933,456875,132346,EA-SSD,C,1.06,1.0502,1.009,0.0057,Kappa3,-0.373,1.78,NA,18,803,1.06,1.52,1.86,2.22,2.45,2.75,3,3.19,3.69,4.42,5.05,2.63,3.87
42010,Itchen at Highbridge & Allbrook Total,Itchen,360,50.98766,-1.34417,446129,121122,EA-SSD,C+TP,9.83,1.3418,7.326,0.0362,GEV,-1.81,0.515,NA,17,915,9.83,13.7,16.3,18.9,20.4,22.3,23.8,24.9,27.5,31.1,33.9,21.25,29.18
42012,Anton at Fullerton,Anton,185,51.15108,-1.45966,437890,139230,EA-SSD,C+C,3.26,1.4959,2.179,0.056,Gumbel,-2.46,0.612,NA,17,889,3.26,4.5,5.31,6.1,6.55,7.11,7.56,7.87,8.63,9.63,10.4,6.91,8.96
43003,Avon at East Mills Total,Avon,1477.8,50.92843,-1.77559,415868,114355,EA-WX,MIS,47.5,1.1419,41.597,0.0197,GEV,-1.74,0.197,NA,18,805,47.5,65.5,77.5,89.1,95.9,104,111,116,128,143,155,95.62,140.72
43005,Avon at Amesbury,Avon,323.7,51.17153,-1.78527,415109,141387,EA-WX,C B,10.6,1.1164,9.495,0.0173,Gumbel,-2.07,0.395,NA,17,855,10.6,15.1,18.1,21,22.7,24.7,26.4,27.5,30.3,34,36.8,20.01,37.79
43006,Nadder at Wilton,Nadder,220.6,51.07639,-1.86256,409725,130794,EA-WX,C,15.9,1.0398,15.291,0.0104,GEV,-3.33,-0.73,NA,16,850,15.9,22,25.9,29.6,31.7,34.2,36.2,37.6,40.9,45.1,48.1,31.63,44.7
43007,Stour at Throop,Stour,1073,50.7639,-1.84209,411233,96046,EA-WX,CC,101,1.0782,93.678,0.026,GEV,-3.44,-1.31,NA,18,851,101,137,162,185,199,216,229,239,262,293,316,205.39,278.11
43008,Wylye at South Newton,Wylye,445.4,51.10747,-1.87814,408628,134249,EA-WX,C,12.9,1.1007,11.72,0.0118,GEV,-1.71,0.294,NA,16,847,12.9,18.4,22.2,25.9,28.1,30.9,33.1,34.7,38.6,43.8,47.9,29.9,40.28
43009,Stour at Hammoon,Stour,523.1,50.93139,-2.25744,382005,114692,EA-WX,CC,111,1.0234,108.464,0.0167,Kappa3,-1.34,1.16,NA,18,836,111,141,163,184,198,215,230,241,268,307,340,209.95,276.64
43012,Wylye at Norton Bavant,Wylye,112.4,51.18399,-2.13218,390858,142759,EA-WX,C,4.64,1.1943,3.885,0.0294,GEV,-1.16,0.863,NA,17,819,4.64,6.63,7.94,9.2,9.92,10.8,11.5,12,13.3,14.9,16.1,10.1,14.26
43014,East Avon at Upavon East,East Avon,85.78,51.3025,-1.80987,413351,155948,EA-WX,C,3.84,1.0601,3.622,0.015,Gumbel,-1.88,1.11,NA,17,803,3.84,5.36,6.37,7.34,7.9,8.59,9.14,9.53,10.5,11.7,12.6,7.76,11.7
43018,Allen at Walford Mill,Allen,176.5,50.80584,-1.98966,400825,100698,EA-WX,C,7.03,1.0326,6.808,0.0042,Gumbel,-2.12,0.295,NA,16,827,7.03,10,12,13.9,15,16.4,17.5,18.2,20.1,22.5,24.4,15.29,21.67
43029,Wylye at Brixton Deverill,Wylye,50.04,51.14072,-2.20693,385620,137960,EA-WX,FVUS,1.77,1.0248,1.727,0.0033,GEV,-1.54,0.488,NA,19,821,1.77,2.75,3.43,4.1,4.5,5,5.41,5.7,6.42,7.4,8.17,3.77,8.61
44003,Asker at Bridport,Asker,49.1,50.73199,-2.75214,347014,92756,EA-WX,FVUS,12.4,1.0392,11.933,0.0171,GEV,-1.61,0.136,NA,20,837,12.4,19.1,23.8,28.5,31.2,34.8,37.7,39.8,44.9,52,57.5,30.3,52.27
44008,South Winterbourne at Winterbourne Steepleton,South Winterbourne,19.9,50.70604,-2.52559,362982,89732,EA-WX,FV,0.6,1.0224,0.587,0.0043,GEV,-1.88,-0.348,NA,22,809,0.6,0.962,1.22,1.48,1.64,1.84,2.01,2.13,2.43,2.85,3.2,1.22,3.72
44011,Asker at Bridport East Bridge,Asker,48.5,50.73199,-2.75214,347014,92756,EA-WX,FVUS,16.6,1.0392,15.974,0.0171,GEV,-1.42,0.301,NA,20,837,16.6,25.6,31.9,38.1,41.8,46.6,50.4,53.2,60.1,69.6,77,39.87,70.99
44013,Piddle at Little Puddle,Piddle,34.8,50.76707,-2.40046,371855,96463,EA-WX,FV,1.02,1.0406,0.98,0.0056,GEV,-1.19,0.332,NA,22,835,1.02,1.63,2.07,2.5,2.77,3.1,3.38,3.58,4.07,4.76,5.31,1.79,7.16
45001,Exe at Thorverton,Exe,600.9,50.80417,-3.51131,293602,101602,EA-DC,FVVA,176,1.0126,173.804,0.0084,GenLog,-0.499,0.715,NA,14,846,176,231,274,323,355,401,442,474,562,706,842,411.36,546.18
45002,Exe at Stoodleigh,Exe,421.7,50.94992,-3.50637,294281,117801,EA-DC,VA,141,1.0043,140.393,0.0031,Kappa3,-0.59,1.37,NA,15,823,141,182,212,245,265,292,315,332,377,443,501,293.67,375.34
45003,Culm at Woodmill,Culm,226.1,50.84316,-3.39235,302066,105773,EA-DC,FVVA,71.2,1.0498,67.821,0.0258,Gumbel,-3.08,-1.8,NA,15,820,71.2,98.3,116,133,143,156,165,172,189,211,228,149.3,198.16
45007,Exe at Trews Weir,Exe,1191.3,50.71654,-3.5277,292246,91881,EA-DC,US,264,1.0293,256.497,0.0176,GEV,-1.13,0.122,NA,15,838,264,359,431,508,556,620,674,715,819,974,1110,581.92,878.52
45008,Otter at Fenny Bridges,Otter,104.2,50.77995,-3.2573,311454,98573,EA-DC,FVVA,63.5,1.0376,61.199,0.0238,GEV,-1.19,0.256,NA,16,810,63.5,87.1,104,122,133,147,158,167,188,219,244,142.14,196.2
45009,Exe at Pixton,Exe,159.7,51.02311,-3.51997,293493,125960,EA-DC,VA,47.8,1.0034,47.636,0.0022,GEV,-1.04,0.632,NA,20,805,47.8,64.5,76.2,87.9,94.9,104,111,116,129,147,161,98.79,136.21
45012,Creedy at Cowley,Creedy,261.6,50.75966,-3.55963,290093,96723,EA-DC,VA,76.4,1.0209,74.837,0.0124,Gumbel,-3.01,-1.67,NA,14,804,76.4,107,127,147,158,172,183,190,209,234,253,147.8,244.24
45816,Haddeo at Upton,Haddeo,6.7,51.05033,-3.44486,298820,128880,EA-DC,FVVA,3.46,1.0021,3.453,0.0012,GEV,-1.82,-0.238,NA,22,826,3.46,5.2,6.47,7.78,8.58,9.63,10.5,11.1,12.7,15,16.9,9.13,13.49
46003,Dart at Austins Bridge,Dart,247.6,50.47904,-3.76152,275112,65841,EA-DC,VA,231,1.0137,227.88,0.0091,GEV,-1.33,0.677,NA,17,814,231,302,351,399,427,463,492,513,564,633,687,456.62,576.34
46005,East Dart at Bellever,East Dart,21.5,50.58238,-3.89816,265712,77570,EA-DC,VA,37.4,1.0013,37.35,0.0012,Kappa3,-0.583,1.89,NA,18,809,37.4,47.6,54.5,61.4,65.5,70.9,75.2,78.4,86.3,97.4,106,69,89.08
46006,Erme at Ermington,Erme,43.5,50.36316,-3.91125,264158,53219,EA-DC,FV+VA,47.2,1.0516,44.885,0.0362,Kappa3,-1.39,1.16,NA,20,859,47.2,60.1,69.1,78.2,83.7,90.8,96.7,101,112,127,140,89.34,114.18
46007,West Dart at Dunnabridge,West Dart,47.9,50.55175,-3.91625,264343,74197,EA-DC,VA,71.6,1.0054,71.217,0.005,Gumbel,-2.11,0.468,NA,17,805,71.6,91.3,104,117,124,133,140,145,157,173,185,129.33,162.57
46008,Avon at Loddiswell,Avon,102.3,50.31424,-3.80083,271879,47584,EA-DC,FV+VA,63.2,1.013,62.386,0.0079,GEV,-1.24,0.765,NA,18,803,63.2,82.9,96.4,110,117,127,135,141,154,173,187,127.19,156.31
46013,Bovey at Bovey Parke,Bovey,86.95,50.5956,-3.68286,280987,78672,EA-DC,US,25.4,1.0175,24.964,0.007,GEV,-1.61,0.11,NA,18,811,25.4,35.1,41.7,48.2,52.1,56.9,60.9,63.7,70.6,79.9,87.2,51.98,78.06
46014,Teign at Chudleigh,Teign,232.28,50.59512,-3.61594,285722,78513,EA-DC,US,89,1.0125,87.901,0.007,GEV,-2,-0.819,NA,18,822,89,120,142,165,179,197,212,223,251,291,323,183.66,270.77
47001,Tamar at Gunnislake,Tamar,916.9,50.53127,-4.22185,242627,72524,EA-DC,VA,262,1.0162,257.833,0.0113,GenLog,0.061,1.48,NA,13,841,262,343,408,483,533,604,668,718,856,1080,1300,604.56,852.72
47004,Lynher at Pillaton Mill,Lynher,135.5,50.44025,-4.29897,236849,62571,EA-DC,VA,46.3,1.0199,45.395,0.0128,GEV,-1.7,0.241,NA,20,846,46.3,61.1,71.7,82.4,88.8,97.2,104,109,122,139,153,94.03,126.36
47005,Ottery at Werrington Park,Ottery,120.7,50.6554,-4.35371,233721,86613,EA-DC,VA,61.1,1.0116,60.398,0.0086,GEV,-1.54,0.126,NA,19,824,61.1,81,95.2,110,118,130,139,146,163,186,206,126.43,168.6
47006,Lyd at Lifton Park,Lyd,222.9,50.63561,-4.27954,238896,84249,EA-DC,FLVA,74.1,1.0102,73.354,0.0071,GEV,-1.7,-0.189,NA,20,847,74.1,99.7,118,137,149,164,176,185,208,240,266,148.51,230.45
47008,Thrushel at Tinhay,Thrushel,112.7,50.64724,-4.26755,239783,85516,EA-DC,CC,38.5,1.0078,38.203,0.006,GEV,-1.49,-0.115,NA,22,810,38.5,52.5,62.7,73.3,79.7,88.2,95.2,100,113,132,148,85.87,116.45
47009,Tiddy at Tideford,Tiddy,37.2,50.41319,-4.33117,234468,59634,EA-DC,C,6.93,1.0256,6.757,0.0144,GEV,-1.3,0.581,NA,19,815,6.93,9.84,11.8,13.8,15,16.5,17.7,18.5,20.7,23.5,25.8,15.55,22.01
47014,Walkham at Horrabridge,Walkham,44.6,50.50985,-4.09835,251312,69888,EA-DC,MIS,44.6,1.0174,43.838,0.0095,GEV,-1.3,0.555,NA,18,814,44.6,59.3,69.7,80.2,86.5,94.6,101,106,118,135,148,89.48,125.57
47020,Inny at Bealsmill,Inny,105,50.57032,-4.31854,235911,77075,EA-DC,B,33.9,1.0192,33.262,0.012,GEV,-1.17,0.776,NA,18,803,33.9,44.6,52,59.4,63.8,69.4,74,77.2,85.3,96.4,105,65.53,90.95
47021,Kensey at Launceston Newport,Kensey,33.43,50.64169,-4.36318,233003,85110,EA-DC,VA,13.8,1.0472,13.178,0.0278,GEV,-1.6,0.099,NA,21,806,13.8,18.7,22.2,25.8,27.9,30.7,33.1,34.7,39,45,49.9,29.59,40.69
47022,Tory Brook at Newnham Park,Tory Brook,15.72,50.40087,-4.03947,255154,57654,EA-DC,VA,6.18,1.0224,6.045,0.019,GenLog,-0.561,1.18,NA,20,811,6.18,8.14,9.61,11.2,12.3,13.7,15,15.9,18.5,22.6,26.3,11.47,22.04
47023,Tamar at Tamarstone Bridge,Tamar,49.07,50.82364,-4.43887,228319,105513,EA-DC,US,18.6,1.0064,18.482,0.0052,GEV,-1.29,0.899,NA,22,854,18.6,24.7,28.8,32.9,35.4,38.4,40.9,42.7,47.1,53,57.7,33.78,53.98
47024,Tavy at Tavistock Abbey Bridge,Tavy,95.63,50.55063,-4.14267,248301,74511,EA-DC,VA,93,1.0104,92.039,0.0067,GEV,-1.59,0.634,NA,19,819,93,122,141,159,170,184,195,202,221,246,265,164.17,248.55
48001,Fowey at Trekeivesteps,Fowey,36.8,50.50125,-4.50086,222743,69816,EA-DC,CC,17.3,1.0035,17.239,0.003,GEV,-1.24,0.981,NA,21,836,17.3,22.7,26.4,30.1,32.3,35.1,37.4,39,43,48.5,52.8,33.68,45.16
48003,Fal at Tregony,Fal,87,50.26602,-4.91844,192107,44747,EA-DC,FLVA,11.1,1.0477,10.594,0.0303,Kappa3,-0.402,1.05,NA,18,907,11.1,14.6,17.3,20.2,22.1,24.7,27,28.7,33.3,40.3,46.6,25.09,32.82
48004,Warleggan at Trengoffe,Warleggan,25.3,50.47721,-4.59532,215951,67373,EA-DC,CC,9.8,1.0029,9.772,0.0021,Kappa3,-0.769,1.2,NA,20,804,9.8,13,15.4,18,19.5,21.7,23.5,24.8,28.4,33.7,38.2,21.46,28.65
48007,Kennal at Ponsanooth,Kennal,26.5,50.19641,-5.13671,176228,37642,EA-DC,C,4.23,1.0522,4.02,0.0182,GEV,-1.71,0.4,NA,23,854,4.23,6.14,7.45,8.75,9.52,10.5,11.3,11.8,13.2,15.1,16.6,10.15,13.71
48009,St Neot at Craigshill Wood,St Neot,22.7,50.4656,-4.55967,218436,65995,EA-DC,CC,8.46,1.0054,8.415,0.0043,Kappa3,-1.02,1.1,NA,22,802,8.46,11.1,13,14.9,16.1,17.7,19,20,22.5,26.2,29.2,15.25,26.22
48011,Fowey at Restormel,Fowey,169.1,50.43105,-4.67947,209796,62454,EA-DC,CC,50.9,1.0077,50.509,0.0054,GEV,-1.53,-0.02,NA,19,817,50.9,67.9,80.2,92.7,100,110,118,124,139,160,177,103.72,148.25
48012,Fal at Trenowth,Fal,65.07,50.31916,-4.89889,193730,50600,EA-DC,VA,10.1,1.0543,9.58,0.036,GEV,-1.03,0.648,NA,18,833,10.1,13.3,15.6,18,19.5,21.4,22.9,24.1,27,31.1,34.5,20.8,27.92
49001,Camel at Denby,Camel,208.8,50.47963,-4.79567,201748,68159,EA-DC,VA,57.5,1.0353,55.537,0.0226,GEV,-1.96,-0.45,NA,19,822,57.5,76.6,90.5,105,113,125,134,141,158,182,202,123.31,161.23
49002,Hayle at St Erth,Hayle,47.6,50.1568,-5.43303,154881,34171,EA-DC,CC,4.48,1.0354,4.327,0.0176,GEV,-1.67,-0.023,NA,22,845,4.48,6.77,8.38,10,11,12.2,13.2,14,15.8,18.4,20.4,11.33,17.3
49003,De Lank at De Lank,De Lank,21.5,50.55885,-4.63778,213262,76556,EA-DC,CC,14,1.0006,13.991,6e-4,Kappa3,-0.935,0.975,NA,18,826,14,18.3,21.4,24.6,26.6,29.3,31.5,33.1,37.3,43.5,48.6,27.76,39.47
49004,Gannel at Gwills,Gannel,41,50.3931,-5.05627,182866,59268,EA-DC,C,14,1.0475,13.366,0.0255,GEV,-2,-0.263,NA,22,806,14,21,25.8,30.5,33.2,36.6,39.4,41.3,46.1,52.5,57.5,32.55,52.41
49005,Bolingey Stream at Bolingey Cocks Bridge,Bolingey Stream,16.08,50.33351,-5.13712,176841,52883,EA-DC,US,4.06,1.0283,3.948,0.0149,GEV,-2.09,-0.186,NA,24,839,4.06,6.26,7.81,9.38,10.3,11.5,12.5,13.2,15,17.5,19.5,8.29,21.01
50001,Taw at Umberleigh,Taw,826.2,50.99547,-3.98504,260795,123662,EA-DC,VA,237,1.0097,234.713,0.007,Kappa3,-0.06,0.969,NA,13,819,237,316,379,450,496,561,617,660,776,961,1130,561.05,776.4
50002,Torridge at Torrington,Torridge,663,50.94693,-4.1373,249955,118564,EA-DC,VA,238,1.0126,235.047,0.0097,GEV,-1.02,0.226,NA,14,808,238,321,383,448,489,543,589,623,710,837,945,533.25,727.86
50006,Mole at Woodleigh,Mole,327.5,50.97313,-3.90979,266011,121039,EA-DC,VA,120,1.0086,118.981,0.0059,GEV,-1.41,0.203,NA,18,843,120,158,184,210,226,246,262,274,303,343,375,236.79,317.05
51001,Doniford Stream at Swill Bridge,Doniford Stream,75.8,51.17773,-3.30538,308848,142865,EA-WX,FV,13.1,1.0292,12.728,0.0155,GEV,-1.86,0.22,NA,19,830,13.1,19.1,23.4,27.7,30.3,33.7,36.4,38.4,43.4,50.4,56.1,30.09,49
51003,Washford at Beggearn Huish,Washford,36.3,51.14645,-3.37369,304008,139474,EA-WX,FV,6.27,1.0076,6.223,0.0047,GEV,-1.62,0.359,NA,22,833,6.27,8.98,10.8,12.6,13.6,14.8,15.9,16.6,18.3,20.7,22.4,14.03,19.65
52004,Isle at Ashford Mill,Isle,90.1,50.96492,-2.91197,336054,118785,EA-WX,C VA,35.8,1.0498,34.102,0.0336,GEV,-1.62,-0.564,NA,19,919,35.8,50.4,61.1,72.1,78.8,87.7,95,100,114,133,149,82.39,121.38
52005,Tone at Bishops Hull,Tone,202,51.01907,-3.13371,320576,125023,EA-WX,C VA,43.9,1.0389,42.258,0.0229,Gumbel,-2.73,-1.39,NA,15,829,43.9,60.2,71.1,81.4,87.4,94.9,101,105,115,128,138,92.59,119.08
52009,Sheppey at Fenny Castle,Sheppey,59.6,51.19166,-2.71919,349838,143850,EA-WX,C VA,7.67,1.1441,6.704,0.0555,GEV,-1.34,0.928,NA,20,865,7.67,10.9,12.9,14.8,15.8,17.1,18.1,18.7,20.3,22.3,23.8,16.46,21.25
52010,Brue at Lovington,Brue,135.2,51.08365,-2.5868,358994,131756,EA-WX,C VA,37.6,1.0204,36.849,0.0123,GEV,-2.22,-0.752,NA,16,820,37.6,55.3,68.3,81.8,90.1,101,110,117,134,159,179,93.66,146.15
53004,Chew at Compton Dando,Chew,129.5,51.38046,-2.50715,364801,164723,EA-WX,FL,21.4,1.0342,20.693,0.0174,Kappa3,-0.691,1.17,NA,16,853,21.4,30.2,36.5,43.2,47.3,52.8,57.5,60.9,69.8,82.8,93.9,47.02,78.88
53006,Frome (Bristol) at Frenchay,Frome (Bristol),148.9,51.49259,-2.52349,363753,177202,EA-WX,FL,30.8,1.2147,25.357,0.17,GEV,-1.73,-0.458,NA,18,896,30.8,40.7,47.8,55.2,59.6,65.5,70.3,73.8,82.6,95.2,105,63.25,86.11
53007,Frome (Somerset) at Tellisford,Frome (Somerset),261.6,51.30662,-2.28085,380519,156427,EA-WX,FL,58.8,1.0452,56.257,0.024,Gumbel,-2.85,-1.39,NA,15,817,58.8,80.8,95.4,109,117,128,135,141,155,172,186,113.49,175.18
53008,Avon at Great Somerford,Avon,303,51.54867,-2.05211,396483,183310,EA-WX,CC,39.2,1.0308,38.027,0.0132,Gumbel,-2.43,-0.662,NA,17,844,39.2,54.2,64.1,73.6,79.1,86,91.4,95.2,104,117,126,77.06,117.61
53009,Wellow Brook at Wellow,Wellow Brook,72.6,51.32046,-2.37401,374033,157995,EA-WX,FL,13.5,1.16,11.638,0.0645,GEV,-1.48,0.471,NA,19,882,13.5,19.6,23.8,28,30.4,33.6,36.1,37.9,42.3,48.4,53.1,32.52,44.17
53013,Marden at Stanley,Marden,99.2,51.45568,-2.06564,395536,172969,EA-WX,FL,13.9,1.0738,12.945,0.036,Gumbel,-2.36,-0.189,NA,17,859,13.9,20,24.1,28,30.2,33,35.3,36.8,40.6,45.6,49.3,29.9,45.29
53017,Boyd at Bitton,Boyd,47.9,51.4269,-2.45961,368142,169866,EA-WX,FV,13.9,1.0381,13.39,0.0231,GEV,-2.05,-0.46,NA,21,800,13.9,20.7,25.4,30,32.7,36.2,39,41,46,52.7,58,34.21,49.14
53018,Avon at Bathford,Avon,1552,51.40183,-2.30998,378533,167023,EA-WX,IV,167,1.0756,155.256,0.0367,GEV,-3.4,-1.07,NA,18,982,167,218,252,284,303,326,345,358,389,430,461,317.42,403.76
53023,Sherston Avon at Fosseway,Sherston Avon,89.7,51.58203,-2.15814,389139,187031,EA-WX,FV,7.4,1.0301,7.184,0.0097,Kappa3,-1.07,1.28,NA,18,846,7.4,10.6,12.8,15,16.4,18.2,19.7,20.8,23.5,27.5,30.8,17.59,24.6
53026,Frome (Bristol) at Frampton Cotterell,Frome (Bristol),78.5,51.53774,-2.48105,366732,182203,EA-WX,C,12.1,1.1034,10.966,0.0794,GEV,-1.49,0.038,NA,18,869,12.1,16.1,19,22,23.8,26.2,28.1,29.6,33.2,38.4,42.6,25.54,34.31
53028,By Brook at Middlehill,By Brook,102,51.41796,-2.26875,381408,168806,EA-WX,FV,10.7,1.0495,10.195,0.0154,Kappa3,-0.405,1.62,NA,18,845,10.7,15.1,18.2,21.3,23.1,25.6,27.5,29,32.6,37.8,41.9,24.02,35.01
53029,Biss at Trowbridge,Biss,77.6,51.31995,-2.21037,385436,157893,EA-WX,FV,12,1.1763,10.202,0.0914,Kappa3,-1.07,1.53,NA,18,841,12,16.5,19.8,23.1,25.1,27.8,30,31.6,35.8,41.9,46.9,26.33,37.92
54001,Severn at Bewdley,Severn,4325,52.38303,-2.32127,378230,276160,EA-WM,US,341,1.041,327.561,0.0241,GEV,-3.19,-0.655,NA,13,801,341,427,482,533,561,596,623,642,686,742,783,583.34,706.56
54002,Avon at Evesham,Avon,2210,52.092,-1.94293,404007,243741,EA-WM,VA,177,1.0877,162.73,0.0666,GEV,-2.75,-0.265,NA,15,966,177,237,275,311,332,357,377,391,424,467,499,332.02,460.45
54004,Sowe at Stoneleigh,Sowe,262,52.35493,-1.51462,433155,273096,EA-WM,CC,30.7,1.3453,22.821,0.1964,GenLog,0.319,2.39,NA,17,876,30.7,42.4,51,60.4,66.5,74.7,81.9,87.4,102,125,145,72.88,104.81
54005,Severn at Montford,Severn,2025,52.72457,-2.87221,341190,314460,EA-WM,US,304,1.0127,300.192,0.009,GEV,-2.59,-0.413,NA,15,842,304,389,443,493,521,555,581,600,643,698,738,543.05,662.92
54008,Teme at Tenbury,Teme,1134.4,52.31331,-2.59155,359770,268520,EA-WM,VA,139,1.0182,136.511,0.009,GEV,-1.6,0.248,NA,18,838,139,192,229,265,286,313,334,349,387,438,477,294.28,413.89
54011,Salwarpe at Harford Hill,Salwarpe,184,52.25538,-2.19392,386860,261930,EA-WM,FV,21.5,1.1331,18.974,0.0824,Kappa3,-0.875,1.4,NA,17,880,21.5,30.6,36.9,43.3,47.1,52.1,56.2,59.2,66.7,77.4,86.1,50.95,68.79
54012,Tern at Walcot,Tern,852,52.70664,-2.60559,359180,312280,EA-WM,FV,34.9,1.0807,32.294,0.0397,GenLog,-0.096,2.08,NA,17,880,34.9,44.6,51.5,58.8,63.4,69.6,74.8,78.8,89.2,105,119,70.01,88.69
54014,Severn at Abermule,Severn,580,52.5534,-3.23325,316481,295777,NRW,VA,192,1.011,189.914,0.0082,GEV,-0.961,0.458,NA,14,822,192,257,305,356,388,430,466,493,560,660,744,430.35,564.77
54016,Roden at Rodington,Roden,259,52.72361,-2.60982,358910,314170,EA-WM,FLCB,11.1,1.0452,10.62,0.0222,Kappa3,-0.714,2.49,NA,16,804,11.1,15.1,18,20.9,22.6,24.9,26.8,28.2,31.8,36.9,41.1,23.81,33.4
54020,Perry at Yeaton,Perry,180.8,52.76778,-2.83972,343440,319240,EA-WM,C,10.7,1.0608,10.087,0.0281,Kappa3,-0.38,2.74,NA,16,808,10.7,14.3,16.7,19,20.3,21.9,23.3,24.2,26.5,29.6,32,20.89,28.03
54022,Severn at Plynlimon flume,Severn,8.7,52.47065,-3.68999,285300,287200,UKCEH,FL,14.7,1,14.7,0,Kappa3,-0.386,1.62,NA,20,815,14.7,18.8,21.8,24.8,26.7,29.2,31.3,32.9,36.9,42.7,47.7,28.79,37.59
54024,Worfe at Burcote,Worfe,258,52.5553,-2.37606,374600,295340,EA-WM,C,6.81,1.1273,6.041,0.0544,GEV,-1.46,0.954,NA,17,858,6.81,9.9,12,14.2,15.4,17,18.3,19.3,21.6,24.7,27.2,16.12,23.1
54025,Dulas at Rhos-y-pentref,Dulas,52.7,52.43029,-3.54599,294985,282492,NRW,FL,23.5,1.0021,23.452,0.0016,Gumbel,-1.64,0.68,NA,22,838,23.5,30.7,35.5,40.1,42.7,46,48.6,50.5,54.9,60.8,65.2,44.43,57.4
54027,Frome at Ebley Mill,Frome,198,51.74009,-2.2474,383014,204627,EA-WM,CBVA,11.8,1.1581,10.189,0.0471,Gumbel,-2.67,-0.598,NA,16,858,11.8,16.8,20,23.2,25,27.3,29,30.3,33.4,37.4,40.4,25.25,36.36
54028,Vyrnwy at Llanymynech,Vyrnwy,778,52.76918,-3.10871,325294,319641,NRW,VA,279,1.004,277.879,0.0031,Kappa3,-0.631,0.542,NA,14,855,279,370,441,521,573,644,707,755,884,1090,1270,646.58,881.59
54029,Teme at Knightsford Bridge,Teme,1480,52.19916,-2.38929,373490,255730,EA-WM,XC,182,1.0168,178.989,0.0086,Gumbel,-2.45,-0.411,NA,18,896,182,242,282,320,342,370,392,407,444,493,530,349.06,474.55
54036,Isbourne at Hinton on the Green,Isbourne,90.7,52.06449,-1.96687,402368,240680,EA-WM,C VA,14,1.0279,13.62,0.018,GEV,-2.1,0.033,NA,16,808,14,21.4,26.7,32,35.2,39.3,42.6,45.1,51.2,59.7,66.5,35.19,57.81
54038,Tanat at Llanyblodwel,Tanat,229,52.79432,-3.1103,325230,322440,EA-WM,FV,79.3,1.0042,78.965,0.0031,GEV,-2.11,-0.184,NA,18,829,79.3,104,122,139,149,163,173,181,200,225,246,159.66,205.19
54040,Meese at Tibberton,Meese,167.8,52.78104,-2.47482,368070,320490,EA-WM,C,4.97,1.0226,4.86,0.0118,Kappa3,-0.33,2.54,NA,16,815,4.97,6.96,8.35,9.78,10.7,11.8,12.7,13.4,15.2,17.7,19.8,11.09,16.2
54041,Tern at Eaton upon Tern,Tern,192,52.80466,-2.5218,364920,323140,EA-WM,C,12.4,1.0538,11.767,0.025,Kappa3,-0.829,1.93,NA,16,825,12.4,17,20.1,23.2,25,27.4,29.2,30.6,34,38.7,42.4,25.3,37
54057,Severn at Haw Bridge,Severn,9895,51.94918,-2.22706,384491,227878,EA-WM,VA,490,1.0703,457.834,0.0431,GEV,-2.67,-0.218,NA,14,882,490,617,705,795,848,916,972,1010,1110,1250,1360,872.85,1168.7
54080,Severn at Dolwen,Severn,174,52.4552,-3.48852,298949,285181,NRW,CC,93.7,1.0063,93.11,0.005,GEV,-1.66,0.322,NA,20,840,93.7,126,148,171,185,202,216,226,252,287,315,180.57,282.85
54114,Avon at Warwick,Avon,1012,52.285,-1.56293,429912,265296,EA-WM,VA,77.2,1.1281,68.435,0.094,GEV,-1.49,0.388,NA,19,889,77.2,105,125,144,156,171,183,192,214,245,270,155.3,237.37
54906,Stour (Worcs) at Kidderminster Gilt Edge,Stour (Worcs),324,52.38896,-2.25269,382900,276800,EA-WM,VA,17.3,1.6371,10.568,0.2346,GEV,-1.58,0.563,NA,17,854,17.3,24.3,29.1,34,37,40.7,43.8,46,51.5,59,65.1,38.79,54.55
55002,Wye at Belmont,Wye,1895.9,52.04518,-2.75233,348500,238799,EA-WM,VA,431,1.0066,428.195,0.0049,Gumbel,-2.59,-0.498,NA,13,807,431,561,647,729,777,836,883,916,996,1100,1180,794.65,1055.88
55004,Irfon at Abernant,Irfon,72.8,52.1013,-3.62126,289048,246014,NRW,VA,56.5,1.0029,56.339,0.0025,Gumbel,-1.84,0.783,NA,19,848,56.5,71.5,81.5,91,96.5,103,109,113,122,134,143,95.4,133.84
55007,Wye at Erwood,Wye,1282.1,52.09101,-3.35038,307580,244490,NRW,VA,516,1.0046,513.643,0.0037,GEV,-1.8,-0.223,NA,13,867,516,687,810,937,1010,1110,1200,1260,1410,1630,1800,1072.84,1479.81
55013,Arrow at Titley Mill,Arrow,126.4,52.22059,-2.98481,332821,258500,EA-WM,VA,27.9,1.0102,27.618,0.0068,GEV,-1.12,0.197,NA,17,813,27.9,38.5,46.2,54.1,58.9,65.2,70.4,74.2,83.8,97.5,109,64.83,84.92
55021,Lugg at Butts Bridge,Lugg,371,52.22642,-2.73038,350208,258942,EA-WM,VA,43,1.0177,42.252,0.0094,Gumbel,-2.79,-1.22,NA,17,830,43,59.9,71.1,81.9,88.1,95.8,102,106,117,130,141,86.58,129.78
55026,Wye at Ddol Farm,Wye,174,52.2968,-3.50328,297580,267584,NRW,FVVA,116,1.0041,115.528,0.0034,Kappa3,-0.461,1.61,NA,21,821,116,149,172,196,211,230,247,259,289,334,371,226.13,296.65
55029,Monnow at Grosmont,Monnow,354,51.91893,-2.85041,341609,224831,NRW,VA,150,1.0094,148.6,0.0051,Gumbel,-2.91,-1.59,NA,16,851,150,208,246,283,304,331,352,367,402,449,485,309.85,434.69
56001,Usk at Chainbridge,Usk,911.7,51.74519,-2.94858,334606,205591,NRW,VA,370,1.0183,363.365,0.0098,GEV,-0.66,0.554,NA,15,865,370,496,592,695,760,847,921,977,1120,1330,1520,823.98,1158.44
56002,Ebbw at Rhiwderin,Ebbw,211.82,51.59386,-3.07157,325868,188879,NRW,FVVA,106,1.1617,91.249,0.0945,GEV,-2.01,-0.193,NA,19,883,106,138,159,181,194,210,223,232,256,287,312,206.2,261.03
56004,Usk at Llandetty,Usk,543.9,51.87529,-3.27011,312660,220398,NRW,VA,352,1.0088,348.92,0.0056,Kappa3,-0.639,0.966,NA,14,803,352,460,540,625,679,751,812,857,976,1150,1310,747.14,983.01
56006,Usk at Trallong,Usk,183.8,51.95441,-3.53333,294726,229547,NRW,VA,164,1.004,163.35,0.003,GEV,-1.06,0.875,NA,19,803,164,215,251,287,307,334,356,371,410,462,503,322.44,426.88
57005,Taff at Pontypridd,Taff,454.8,51.59873,-3.33076,307924,189715,NRW,FVVA,353,1.0908,323.627,0.0724,Kappa3,-1.32,1.34,NA,17,858,353,443,504,566,603,651,690,719,791,893,975,628.78,822.16
57006,Rhondda at Trehafod,Rhondda,102.7,51.60935,-3.36921,305283,190946,NRW,VA,118,1.1018,107.1,0.0904,Gumbel,-2.19,0.181,NA,20,880,118,149,170,190,201,215,226,234,254,279,298,207.48,263.91
57007,Taff at Fiddlers Elbow,Taff,194.5,51.64777,-3.3178,308920,195153,NRW,FVVA,167,1.063,157.097,0.0505,GenLog,0,1.91,NA,21,888,167,220,260,304,333,372,407,434,505,619,722,355.28,530.16
57009,Ely at St Fagans,Ely,145,51.48559,-3.26727,312103,177055,NRW,FVVA,55,1.1658,47.176,0.0797,GEV,-0.991,0.475,NA,18,867,55,72.2,84.8,97.9,106,116,125,132,148,171,191,107.07,162.73
57010,Ely at Lanelay,Ely,39.4,51.53476,-3.39471,303359,182684,NRW,FVVA,38.9,1.1157,34.867,0.0794,Kappa3,-1.09,1.4,NA,20,837,38.9,49.4,56.7,64.2,68.7,74.6,79.5,83.1,92.2,105,116,71.41,96.7
57014,Rhymney at Bargoed,Rhymney,63.2,51.67783,-3.22211,315596,198381,NRW,FV,54.9,1.0745,51.093,0.0545,GEV,-1.73,0.655,NA,21,849,54.9,70.5,80.9,90.9,96.7,104,110,114,124,137,147,96.53,134.64
57015,Taff at Merthyr Tydfil,Taff,111.25,51.75182,-3.38764,304308,206814,NRW,FVVA,95.1,1.0166,93.549,0.015,GenLog,0.295,1.8,NA,21,841,95.1,125,147,172,188,210,230,245,286,351,411,213.71,280.87
57017,Rhondda Fawr at Tynewydd,Rhondda Fawr,16.6,51.67677,-3.54515,293259,198687,NRW,FVVA,24.3,1.0197,23.831,0.0197,Kappa3,-0.644,1.68,NA,20,845,24.3,30.8,35.4,40.1,42.9,46.6,49.7,51.9,57.6,65.8,72.5,44.47,60.57
58001,Ogmore at Bridgend,Ogmore,158,51.5032,-3.58076,290379,179437,NRW,FVVA,119,1.1112,107.095,0.0766,Kappa3,-0.958,1.47,NA,19,885,119,151,173,195,209,226,240,251,277,313,343,224.16,281.05
58002,Neath at Resolven,Neath,190.9,51.70148,-3.71574,281529,201698,NRW,FVVA,224,1.0167,220.31,0.015,GEV,-1.21,0.847,NA,19,817,224,291,339,387,415,452,482,504,559,634,695,448.19,566.75
58005,Ogmore at Brynmenyn,Ogmore,74.3,51.54803,-3.58248,290368,184425,NRW,FVVA,53.7,1.0541,50.946,0.0384,GEV,-2.54,0.01,NA,19,872,53.7,69.1,79,88.4,93.8,100,106,109,118,129,137,91.68,129.59
58006,Mellte at Pontneddfechan,Mellte,65.8,51.76178,-3.57367,291491,208183,NRW,FVVA,87.1,1.0003,87.073,3e-4,Gumbel,-1.65,0.819,NA,19,853,87.1,111,127,142,151,162,171,177,192,211,226,156.13,200.66
58007,Llynfi at Coytrahen,Llynfi,50.2,51.55724,-3.60143,289076,185478,NRW,FVVA,44.6,1.097,40.656,0.0675,Kappa3,-1.27,1.35,NA,19,863,44.6,55.9,63.5,71.2,75.7,81.5,86.3,89.7,98.3,110,120,81.5,98.72
58012,Afan at Marcroft Weir,Afan,87.8,51.60418,-3.77568,277124,190976,NRW,CC,96,1.0296,93.237,0.0236,Gumbel,-2.13,0.519,NA,20,815,96,122,140,157,166,178,188,195,211,232,249,170.31,223.26
59001,Tawe at Ynystanglws,Tawe,227.7,51.68152,-3.90269,268553,199798,NRW,VA,259,1.0424,248.475,0.0335,GenLog,-0.144,2.12,NA,19,861,259,326,375,428,462,508,547,578,658,782,893,518.49,644.34
60001,Tywi at Ty Castell,Tywi,1087.8,51.86171,-4.19217,249144,220397,NRW,VA,399,1.0056,396.768,0.0041,GEV,-1.35,0.073,NA,14,806,399,530,630,738,806,897,975,1030,1180,1410,1600,844.83,1255.76
60002,Cothi at Felin Mynachdy,Cothi,297.8,51.88097,-4.16803,250870,222490,NRW,VA,179,1.0037,178.342,0.0026,Kappa3,-1.06,0.954,NA,17,801,179,232,270,311,336,369,397,418,472,552,620,366.02,477.36
60006,Gwili at Glangwili,Gwili,129.5,51.87394,-4.2815,243036,221947,NRW,VA,84.1,1.0106,83.214,0.0071,Kappa3,-1.15,1.03,NA,19,846,84.1,109,126,144,155,169,181,190,212,245,272,163.49,220.81
60013,Cothi at Pont Ynys Brechfa,Cothi,243.01,51.9502,-4.12994,253717,230111,NRW,VA,123,1.0032,122.604,0.0023,GEV,-1.26,0.718,NA,18,838,123,161,187,213,229,249,265,276,305,344,375,209.05,364.4
62001,Teifi at Glanteifi,Teifi,893.6,52.04541,-4.56174,224419,241655,NRW,VA,215,1.0149,211.847,0.01,Kappa3,-0.121,0.98,NA,13,818,215,285,342,408,452,514,569,612,730,921,1100,501.53,746.8
63001,Ystwyth at Pont Llolwyn,Ystwyth,169.6,52.37545,-4.07238,259024,277289,NRW,VA,95.1,1.0054,94.592,0.0039,GEV,-1.22,0.557,NA,19,848,95.1,125,146,167,179,195,208,218,241,273,298,184.58,257.47
66006,Elwy at Pont-y-Gwyddel,Elwy,191.37,53.23266,-3.57051,295268,371776,NRW,VA,75.1,1.0023,74.928,0.0017,GEV,-1.92,-0.069,NA,19,826,75.1,100,118,137,148,162,174,182,204,234,258,153.14,216.3
67008,Alyn at Pont-y-Capel,Alyn,227.1,53.07949,-2.99378,333526,354047,NRW,CC,21.7,1.0728,20.228,0.0397,GEV,-2.17,-0.823,NA,16,884,21.7,30.1,36.4,43,47.1,52.4,56.9,60.2,68.7,81,91.3,51.94,69.77
67009,Alyn at Rhydymwyn,Alyn,81.6,53.19174,-3.19272,320408,366737,NRW,FL,8.78,1.0109,8.685,0.0063,GEV,-1.59,0.15,NA,19,826,8.78,12.8,15.7,18.7,20.5,22.8,24.8,26.2,29.7,34.7,38.7,21.77,31.53
67015,Dee at Manley Hall,Dee,1013.18,52.96651,-2.97189,334822,341459,NRW,CC,227,1.0083,225.135,0.0066,Gumbel,-2.84,-1.35,NA,13,829,227,300,349,396,423,456,483,501,547,606,651,427.97,586.49
68001,Weaver at Ashbrook,Weaver,622,53.16766,-2.49253,367171,363507,EA-GMMC,VA,46.8,1.0876,43.029,0.0485,Kappa3,-0.52,1.29,NA,17,900,46.8,61.9,73.1,85,92.5,103,111,117,134,159,181,101.37,135.04
68005,Weaver at Audlem,Weaver,207,52.98357,-2.51898,365254,343040,EA-GMMC,TPVA,14.2,1.0256,13.846,0.0153,Kappa3,-0.999,1.74,NA,17,859,14.2,19.7,23.6,27.8,30.3,33.7,36.5,38.6,44,52,58.7,32.64,45.65
68018,Dane at Congleton Park,Dane,145,53.16638,-2.20937,386100,363272,EA-GMMC,B,41.8,1.041,40.152,0.0316,GEV,-2.12,-0.523,NA,20,903,41.8,56.8,67.9,79.6,86.8,96.3,104,110,125,147,165,94.24,128.4
68021,Arrowe Brook at Acton Lane,Arrowe Brook,17.87,53.39522,-3.12483,325300,389300,EA-GMMC,FL,4,1.3667,2.927,0.2019,GEV,-2.11,0.123,NA,19,821,4,5.69,6.87,8.05,8.75,9.65,10.4,10.9,12.2,14,15.4,8.14,14.59
69005,Glaze Brook at Little Woolden Hall,Glaze Brook,152,53.4408,-2.4757,368498,393886,EA-GMMC,US,32.5,1.2512,25.975,0.1893,Kappa3,-0.23,2.24,NA,18,861,32.5,40.1,45.4,50.9,54.2,58.6,62.3,64.9,71.7,81.5,89.6,57.51,73.24
69008,Dean at Stanneylands,Dean,58.87,53.34368,-2.23239,384625,383001,EA-GMMC,CC,9.96,1.187,8.391,0.0911,GEV,-1.08,0.219,NA,20,906,9.96,13.9,17,20.2,22.3,25.1,27.4,29.2,33.8,40.7,46.6,24.16,35.29
69012,Bollin at Wilmslow,Bollin,72.5,53.33012,-2.22714,384970,381491,EA-GMMC,CC,17.5,1.2937,13.527,0.1526,GEV,-1.58,-0.504,NA,20,878,17.5,24.4,29.8,35.6,39.2,44.1,48.3,51.5,59.7,72,82.7,42.93,61.78
69015,Etherow at Compstall,Etherow,156,53.41371,-2.05802,396241,390768,EA-GMMC,C,52.5,1.0475,50.118,0.04,Kappa3,0.08,1.57,NA,21,870,52.5,70.2,83.7,98.3,108,120,131,139,161,194,224,120.87,159.85
69017,Goyt at Marple Bridge,Goyt,183,53.40492,-2.05607,396370,389790,EA-GMMC,CC,62,1.0533,58.862,0.0356,GEV,-2.18,-0.523,NA,20,874,62,83.7,98.6,113,122,133,142,149,165,187,204,128.67,172.54
69020,Medlock at London Road,Medlock,57.5,53.47429,-2.22921,384884,397531,EA-GMMC,MIS,23.3,1.607,14.499,0.4013,Kappa3,-0.753,0.701,NA,21,861,23.3,29,33.4,38.2,41.3,45.5,49.1,51.9,59.1,70.3,80.3,43.17,62.39
69023,Roch at Blackford Bridge,Roch,186,53.56591,-2.29302,380690,407740,EA-GMMC,B,71.3,1.3492,52.845,0.1857,GEV,-0.867,0.581,NA,18,882,71.3,91.9,107,123,133,147,158,166,187,218,243,143.85,191.56
69024,Croal at Farnworth Weir,Croal,145,53.55736,-2.38884,374339,406819,EA-GMMC,B,60.5,1.2444,48.616,0.1964,GEV,-1.07,0.721,NA,23,896,60.5,78.9,92.3,106,114,125,134,141,157,181,200,126.32,157.39
69025,Irwell at Manchester Racecourse,Irwell,557,53.49953,-2.27178,382069,400349,EA-GMMC,VA,272,1.2753,213.29,0.1798,GEV,-1.83,-0.182,NA,15,904,272,347,398,448,478,516,546,568,622,695,752,501.58,643.21
69027,Tame at Portwood,Tame,150,53.42354,-2.14143,390699,391870,EA-GMMC,B,62.9,1.2471,50.436,0.1904,Gumbel,-2.66,-1.22,NA,21,877,62.9,81.4,93.6,105,112,121,127,132,143,158,170,114.18,152.6
69028,Mersey at Brinksway,Mersey,517.36,53.40701,-2.17492,388469,390036,EA-GMMC,VA,141,1.1374,123.969,0.102,Gumbel,-3.76,-1.8,NA,16,928,141,183,210,237,252,271,286,297,323,357,382,255.37,345.42
69032,Alt at Kirkby,Alt,90.1,53.47818,-2.91818,339160,398332,EA-CL,MIS,17.6,1.6993,10.357,0.3473,Kappa3,-0.788,1.77,NA,17,860,17.6,22,25.1,28.2,30.1,32.6,34.6,36.1,39.8,45.1,49.4,30.9,42.18
69041,Tame at Broomstairs,Tame,113,53.45497,-2.09595,393726,395361,EA-GMMC,USVA,50,1.1819,42.305,0.1448,GEV,-1.7,-0.036,NA,23,869,50,65.9,77.2,88.5,95.3,104,111,116,129,147,162,101.76,132.23
69043,Irk at Collyhurst Weir,Irk,72.3,53.4937,-2.22982,384850,399691,EA-GMMC,B,28.1,2.0602,13.639,0.4226,GEV,-1.28,0.091,NA,18,831,28.1,36,41.9,48.1,51.9,56.9,61.1,64.3,72.2,83.9,93.6,55.59,74.38
69044,Irwell at Bury Ground,Irwell,139.9,53.59872,-2.30387,379987,411393,EA-GMMC,B VA,113,1.1303,99.977,0.0921,Kappa3,-0.83,0.882,NA,20,852,113,148,173,201,218,242,262,277,316,374,425,247.2,310.4
69045,Bollin at Bollington Mill Total,Bollin,256.7,53.37964,-2.40656,373052,387054,EA-GMMC,FV,36.4,1.2105,30.07,0.1139,Gumbel,-2.46,-1.12,NA,17,839,36.4,49,57.3,65.3,69.9,75.7,80.2,83.4,91.2,101,109,71.02,97.93
69047,Roch at Littleborough,Roch,14.8,53.64536,-2.09205,394012,416543,EA-GMMC,VA,9.6,1.0671,8.996,0.0449,GEV,-1.12,0.61,NA,25,869,9.6,13,15.5,18,19.5,21.5,23.2,24.4,27.4,31.8,35.3,20.66,28.82
69803,Roch at Rochdale,Roch,111,53.61072,-2.17982,388200,412700,EA-GMMC,B,44.7,1.2478,35.824,0.15310000000000001,Kappa3,-0.703,0.771,NA,20,849,44.7,57.4,67.2,78,84.8,94.3,102,109,125,150,173,94.59,125.6
70002,Douglas at Wanes Blades Bridge,Douglas,198,53.60707,-2.79308,347622,412572,EA-CL,US,44.8,1.311,34.172,0.1789,Kappa3,-0.977,1.39,NA,17,857,44.8,56.2,64.1,72.3,77.2,83.7,89.1,93,103,117,129,81.45,106.19
70004,Yarrow at Croston Mill,Yarrow,74.4,53.65557,-2.75977,349884,417943,EA-CL,MIS,28.8,1.2484,23.069,0.1507,GEV,-1.09,0.02,NA,20,886,28.8,38.4,45.9,54.1,59.3,66.3,72.3,76.8,88.6,107,122,63.43,92.99
71001,Ribble at Samlesbury,Ribble,1145,53.76842,-2.62468,358922,430412,EA-CL,MIS,601,1.0552,569.571,0.0448,Gumbel,-2.48,-1.06,NA,14,851,601,787,910,1030,1100,1180,1250,1290,1410,1560,1670,1114.02,1493.78
71003,Croasdale Beck at Croasdale Flume,Croasdale Beck,10.4,53.98661,-2.44985,370600,454600,EA-CL,FL,10.9,1.0004,10.896,4e-4,Kappa3,-0.385,1.73,NA,19,802,10.9,14.1,16.4,18.9,20.5,22.6,24.4,25.7,29.2,34.4,38.9,21.89,30.18
71004,Calder at Whalley Weir,Calder,316,53.82005,-2.41273,372926,436054,EA-CL,FV,174,1.1635,149.55,0.1205,GEV,-2.06,-0.19,NA,18,864,174,221,253,286,306,331,351,366,402,453,493,314.92,425.36
71006,Ribble at Henthorn,Ribble,456,53.84802,-2.42419,372190,439170,EA-CL,CB,224,1.0194,219.738,0.0162,GEV,-1.45,0.999,NA,16,811,224,277,313,347,367,392,411,425,459,504,538,378.5,477.21
71008,Hodder at Hodder Place,Hodder,261,53.85446,-2.44939,370537,439897,EA-CL,FV,223,1.0036,222.209,0.0032,GEV,-1.69,0.535,NA,19,851,223,285,328,369,393,424,449,466,510,568,613,416.17,521.8
71009,Ribble at New Jumbles Rock,Ribble,1053,53.83373,-2.45354,370249,437592,EA-CL,VA,552,1.0557,522.868,0.0456,Gumbel,-2.64,-1.11,NA,14,877,552,724,838,947,1010,1090,1150,1190,1300,1440,1550,1040.3,1361.24
71010,Pendle Water at Barden Lane,Pendle Water,108,53.81232,-2.24945,383672,435144,EA-CL,FV,83.2,1.1225,74.122,0.0926,GEV,-2.05,-0.264,NA,24,907,83.2,111,130,150,162,177,190,199,222,254,280,169.66,233.42
71011,Ribble at Arnford,Ribble,204,53.99605,-2.24767,383861,455586,EA-CL,FV,122,1.0066,121.199,0.0055,GenLog,-0.009,2.3,NA,17,821,122,149,167,186,198,215,228,239,265,305,340,220.07,259.56
71013,Darwen at Ewood,Darwen,39.5,53.73128,-2.49062,367730,426210,EA-CL,VA,29,1.2736,22.77,0.1848,Kappa3,-0.869,1.41,NA,22,851,29,36.8,42.4,48.2,51.9,56.7,60.7,63.7,71.5,82.8,92.5,55.5,73.11
71014,Darwen at Blue Bridge,Darwen,128,53.74462,-2.66177,356453,427786,EA-CL,VA,90.5,1.2715,71.175,0.1843,GEV,-1.38,0.394,NA,19,848,90.5,115,133,151,162,177,189,197,219,250,275,169.63,228.78
72004,Lune at Caton,Lune,983,54.08162,-2.72089,352935,465318,EA-CL,CB,738,1.0053,734.075,0.0043,GEV,-0.903,0.333,NA,14,839,738,975,1150,1330,1440,1580,1700,1790,2020,2340,2600,1558.26,2056.21
72005,Lune at Killington,Lune,219,54.30989,-2.5824,362205,490633,EA-CL,CB,272,1.0037,271.007,0.0029,GEV,-1.19,0.828,NA,18,802,272,353,407,460,491,530,561,583,636,707,762,501.19,678.17
72007,Brock at upstream of A6,Brock,32,53.85885,-2.74295,351232,440548,EA-CL,B,28.5,1.0033,28.407,0.003,Kappa3,-1.2,1.19,NA,20,822,28.5,36.9,42.9,48.9,52.7,57.5,61.6,64.5,72.1,83,92,55.46,75.02
72014,Conder at Galgate,Conder,28.5,53.99177,-2.79217,348160,455371,EA-CL,FV,16.9,1.0243,16.499,0.0176,GEV,-1.63,0.167,NA,20,811,16.9,23,27.3,31.7,34.3,37.7,40.5,42.5,47.5,54.6,60.2,34.26,52.73
72015,Lune at Lunes Bridge,Lune,141.5,54.42006,-2.59929,361210,502901,EA-CL,MIS,199,1.0048,198.045,0.0038,GEV,-1.86,-0.187,NA,20,810,199,259,301,341,365,395,419,436,478,536,580,389.3,488.3
73002,Crake at Low Nibthwaite,Crake,73,54.28463,-3.08518,329450,488210,EA-CL,FVVA,21.3,1.0054,21.185,0.0049,GenLog,-0.036,1.76,NA,18,811,21.3,28.2,33.3,39,42.6,47.6,52,55.4,64.4,78.6,91.4,46.15,66.51
73005,Kent at Sedgwick,Kent,209,54.28005,-2.75596,350877,487421,EA-CL,CBVA,170,1.0394,163.555,0.0261,Kappa3,-0.939,0.88,NA,18,800,170,221,259,299,324,357,386,407,462,545,616,345.48,479.47
73008,Bela at Beetham,Bela,131,54.21843,-2.77411,349620,480577,EA-CL,FV,37,1.0197,36.286,0.0126,Kappa3,-0.163,1.51,NA,18,833,37,47.6,55.7,64.6,70.2,78,84.6,89.6,103,124,142,77.29,103.87
73009,Sprint at Sprint Mill,Sprint,34.6,54.35816,-2.74816,351477,496106,EA-CL,FV,43.8,1.0018,43.723,0.0014,Kappa3,-1.26,1.15,NA,18,836,43.8,56,64.5,73.3,78.6,85.6,91.4,95.7,106,122,135,84.56,108.31
73010,Leven at Newby Bridge,Leven,247,54.26811,-2.97498,336599,486267,EA-CL,CC,72.3,1.0171,71.083,0.0142,GenLog,0.265,1.73,NA,16,818,72.3,93.2,109,127,139,156,171,183,214,265,312,158.04,211.91
73011,Mint at Mint Bridge,Mint,65.8,54.34355,-2.73353,352411,494470,EA-CL,FV,58.1,1.0078,57.65,0.0052,Kappa3,-0.705,1.53,NA,18,835,58.1,74.5,86.1,98.1,105,115,123,129,144,166,184,109.05,152.6
73012,Kent at Victoria Bridge,Kent,183,54.33117,-2.74424,351700,493100,EA-CL,VA,144,1.0168,141.624,0.0116,GEV,-1.19,0.788,NA,17,808,144,190,222,255,274,300,320,336,373,426,468,289.69,389.71
73015,Keer at High Keer Weir,Keer,48,54.14065,-2.73133,352320,471893,EA-CL,FV,12.6,1.0112,12.46,0.0077,GEV,-1.35,0.265,NA,21,827,12.6,17.2,20.6,24,26,28.7,30.9,32.5,36.6,42.4,47,27.07,39.01
73017,Kent at Bowston,Kent,70.61,54.36177,-2.77196,349935,496525,EA-CL,VA,67.1,1.0077,66.586,0.0059,GEV,-1.55,0.961,NA,19,816,67.1,86.3,99.3,112,119,129,136,141,154,171,184,124.86,159.23
74001,Duddon at Duddon Hall,Duddon,85.66,54.29552,-3.23795,319526,489585,EA-CL,CB,121,1.0009,120.886,9e-4,Gumbel,-1.57,0.997,NA,18,828,121,153,175,195,207,222,234,242,262,288,308,213,274.95
75002,Derwent at Camerton,Derwent,663,54.66035,-3.49437,303700,530500,EA-CL,VA,204,1.0117,201.633,0.0092,Kappa3,-0.679,1.49,NA,15,841,204,264,307,352,381,418,450,473,534,624,700,421.25,531.11
75003,Derwent at Ouse Bridge,Derwent,363,54.67787,-3.2441,319878,532134,EA-CL,VA,103,1.0073,102.252,0.0059,GenLog,1.08,2.97,NA,15,821,103,135,160,188,207,234,258,276,327,411,490,225.74,337.45
75004,Cocker at Southwaite Bridge,Cocker,116.6,54.64041,-3.34814,313090,528090,EA-CL,VA,53.3,1.0029,53.147,0.0021,GenLog,0.198,1.65,NA,19,808,53.3,72.1,87.1,104,116,133,147,159,191,245,296,130.53,193.68
75005,Derwent at Portinscale,Derwent,235,54.60456,-3.15956,325194,523884,EA-CL,VA,105,1.0069,104.278,0.006,Kappa3,1.06,2.54,NA,19,826,105,141,170,202,223,253,280,300,355,443,524,258.28,348.46
75009,Greta at Low Briery,Greta,145.6,54.60803,-3.10758,328558,524216,EA-CL,VA,111,1.0027,110.702,0.0024,Kappa3,-0.824,0.884,NA,19,804,111,146,172,201,219,243,264,279,320,383,437,232.24,335.17
75017,Ellen at Bullgill,Ellen,96,54.73242,-3.40539,309600,538400,EA-CL,FV,35.1,1.0182,34.473,0.0118,Kappa3,-0.749,0.863,NA,17,809,35.1,46.1,54.6,63.8,69.7,77.8,84.8,90.1,104,126,145,78.51,103.41
76001,Haweswater Beck at Burnbanks,Haweswater Beck,33,54.53622,-2.76251,350759,515929,EA-CL,CC,16.2,1.0001,16.198,1e-4,GenLog,0.013,2.02,NA,18,813,16.2,21.9,26,30.4,33.3,37.1,40.4,42.9,49.6,59.9,69,28.73,64.06
76003,Eamont at Udford,Eamont,396.2,54.66733,-2.65938,357569,530450,EA-CL,VA,200,1.0181,196.435,0.0141,Kappa3,-0.733,1.31,NA,17,814,200,260,304,349,378,415,447,471,532,622,698,381.31,581.79
76004,Lowther at Eamont Bridge,Lowther,158.5,54.64991,-2.73755,352507,528562,EA-CL,VA,120,1.005,119.408,0.0043,GenLog,0.329,1.88,NA,19,804,120,158,188,220,241,271,297,317,371,457,536,259.28,387.58
76005,Eden at Temple Sowerby,Eden,616.4,54.64839,-2.6144,360452,528316,EA-CL,VA,308,1.0092,305.184,0.0062,Kappa3,-0.472,0.601,NA,14,810,308,411,494,589,652,741,820,881,1050,1320,1570,731.27,1061.39
76007,Eden at Sheepmount,Eden,2286.5,54.9049,-2.95286,339000,557103,EA-CL,VA,646,1.0228,631.585,0.0145,Gumbel,-2.32,-0.512,NA,15,859,646,841,970,1090,1160,1250,1320,1370,1490,1650,1770,1206.03,1556.26
76008,Irthing at Greenholme,Irthing,334.6,54.9147,-2.80304,348619,558073,EA-CL,MIS,155,1.0084,153.711,0.0065,Gumbel,-3.03,-1.1,NA,18,813,155,197,224,251,266,285,300,311,337,371,396,256.86,376.55
76010,Petteril at Harraby Green,Petteril,160,54.88178,-2.91827,341184,554500,EA-CL,MIS,33.2,1.0489,31.652,0.0222,Gumbel,-3.29,-1.66,NA,16,819,33.2,45.4,53.4,61.2,65.6,71.2,75.5,78.7,86.1,96,103,62.47,99.15
76011,Coal Burn at Coalburn,Coal Burn,1.5,55.09348,-2.4815,369368,577778,EA-CL,CB,1.81,1,1.81,0,Kappa3,-0.593,1.05,NA,20,805,1.81,2.35,2.77,3.21,3.49,3.88,4.2,4.45,5.1,6.1,6.97,3.83,5.17
76014,Eden at Kirkby Stephen,Eden,69.4,54.48208,-2.35188,377299,509694,EA-CL,B VA,89.2,1.0067,88.606,0.0056,Gumbel,-1.87,0.713,NA,20,834,89.2,113,130,145,154,165,174,180,195,215,229,152.85,211.97
76015,Eamont at Pooley Bridge,Eamont,145,54.61705,-2.81863,347233,524963,EA-CL,CC,59.4,1.0032,59.208,0.0029,GenLog,-0.013,1.8,NA,17,826,59.4,77.4,91.3,107,117,132,144,154,181,224,265,133.11,178.16
76017,Eden at Great Corby,Eden,1373,54.88995,-2.83051,346825,555339,EA-CL,CC,494,1.0142,487.092,0.009,GEV,-1.37,-0.025,NA,15,818,494,648,761,877,948,1040,1120,1170,1320,1520,1690,930.11,1471.77
76019,Roe Beck at Stockdalewath,Roe Beck,62.99,54.79631,-2.95407,338758,545020,EA-CL,MIS,42.9,1.0089,42.52,0.0062,GEV,-0.859,0.335,NA,18,836,42.9,60.4,73.9,88.6,97.8,110,121,129,150,182,209,103.21,161.23
76021,Eden at Great Musgrave Bridge,Eden,223.1,54.51273,-2.3647,376486,513108,EA-CL,FVVA,184,1.0052,183.05,0.0039,GEV,-1.93,-0.118,NA,18,805,184,241,281,321,344,375,399,417,461,522,570,326.36,532.82
76022,Caldew at Cummersdale,Caldew,244,54.86572,-2.94432,339489,552735,EA-CL,MIS,159,1.0091,157.569,0.0068,GEV,-2.5,-0.15,NA,17,820,159,198,223,248,263,281,295,305,329,362,386,254.66,365.29
76023,Dacre Beck at Dacre Bridge,Dacre Beck,36,54.62881,-2.83785,346007,526287,EA-CL,VA,35.6,1.0041,35.454,0.0031,Kappa3,-1.17,1.05,NA,20,800,35.6,46.2,53.8,61.7,66.6,73,78.4,82.4,92.6,108,120,70.33,96.55
78003,Annan at Brydekirk,Annan,925,55.02165,-3.26773,319047,570414,SEPA-SW,VA,313,1.012,309.293,0.0081,GEV,-1.08,0.058,NA,15,848,313,414,492,575,627,698,758,802,919,1090,1240,696.77,923.12
79004,Scar Water at Capenoch,Scar Water,142,55.22737,-3.81704,284526,594078,SEPA-SW,VA,149,1.001,148.845,8e-4,Gumbel,-2.25,-0.261,NA,21,839,149,194,223,252,268,288,305,316,343,380,407,279.36,357.45
79005,Cluden Water at Fiddlers Ford,Cluden Water,238,55.0985,-3.68057,292860,579521,SEPA-SW,VA,108,1.0036,107.615,0.0024,GEV,-1.33,0.575,NA,18,826,108,142,166,191,206,225,241,252,281,321,353,218.86,290.16
79006,Nith at Drumlanrig,Nith,471,55.27462,-3.79952,285776,599307,SEPA-SW,VA,361,1.0042,359.5,0.0036,Gumbel,-2.12,0.535,NA,17,840,361,456,518,578,613,656,690,714,772,849,906,635.53,802.16
81002,Cree at Newton Stewart,Cree,368,54.95726,-4.48053,241266,565330,SEPA-SW,VA,209,1.002,208.573,0.0019,GEV,-1.82,0.184,NA,18,825,209,266,304,342,364,392,414,430,469,521,562,375.98,491.79
81003,Luce at Airyhemming,Luce,171,54.90074,-4.83972,218017,559917,SEPA-SW,VA,135,1.0002,134.972,2e-4,GEV,-1.38,0.752,NA,19,855,135,172,198,222,236,255,269,279,304,338,363,250.51,310.73
83002,Garnock at Dalry,Garnock,88.8,55.70198,-4.71679,229375,648738,SEPA-SW,VA,68.6,1.036,66.215,0.0312,Kappa3,-1.35,1.04,NA,19,834,68.6,86.6,99,112,119,129,138,144,159,181,198,124.22,166.93
83005,Irvine at Shewalton,Irvine,380.7,55.59709,-4.62779,234524,636853,SEPA-SW,VA,214,1.0446,204.866,0.0371,GEV,-2.53,-0.181,NA,18,860,214,266,300,331,349,372,389,402,431,468,496,358.88,450.3
83006,Ayr at Mainholm,Ayr,574,55.46104,-4.59255,236179,621634,SEPA-SW,VA,257,1.0121,253.923,0.0107,GEV,-2.32,-0.013,NA,17,854,257,328,375,421,447,479,505,523,566,623,667,442.35,618.35
83010,Irvine at Newmilns,Irvine,72.8,55.60611,-4.33103,253252,637188,SEPA-SW,FV,54.1,1.0165,53.222,0.0121,Kappa3,-0.899,1.34,NA,17,807,54.1,68.8,78.9,89.2,95.4,104,110,115,127,145,159,100.88,131.09
83013,Irvine at Glenfield,Irvine,218,55.60118,-4.4935600000000004,242996,636996,SEPA-SW,B,89.7,1.0273,87.312,0.0224,GEV,-2.39,-0.066,NA,18,831,89.7,113,129,144,153,164,173,179,195,215,231,149.59,214.19
84001,Kelvin at Killermont,Kelvin,335.1,55.90624,-4.30762,255839,670532,SEPA-SW,VA,80.9,1.1226,72.067,0.0913,Kappa3,-0.904,1.63,NA,18,895,80.9,96.4,107,119,126,135,142,148,162,182,199,134.85,162.43
84003,Clyde at Hazelbank,Clyde,1092.9,55.68736,-3.85415,283531,645323,SEPA-SW,VA,283,1.0088,280.543,0.0067,Gumbel,-2.7,-1.32,NA,13,803,283,374,435,493,527,568,601,625,681,755,811,545.28,716.38
84004,Clyde at Sills of Clyde,Clyde,741.8,55.66312,-3.70506,292837,642386,SEPA-SW,VA,213,1.0057,211.791,0.0044,GEV,-1.87,-0.48,NA,13,801,213,283,334,387,419,461,496,521,586,678,754,443.69,611.78
84007,South Calder Water at Forgewood,South Calder Water,93,55.80424,-3.99364,275137,658572,SEPA-SW,CC,20.5,1.0911,18.789,0.0774,GEV,-1.91,-0.249,NA,21,874,20.5,27.3,32,36.9,39.8,43.5,46.6,48.8,54.4,62.1,68.3,38.92,61.18
84011,Gryfe at Craigend,Gryfe,85.5,55.8645,-4.5348,241470,666386,SEPA-SW,VA,69.1,1.0337,66.846,0.0267,GEV,-1.63,0.248,NA,20,819,69.1,90,105,119,128,139,148,154,170,192,209,134.58,176.22
84012,White Cart Water at Hawkhead,White Cart Water,234.9,55.83607,-4.39854,249886,662918,SEPA-SW,VA,104,1.2222,85.091,0.1574,GEV,-1.23,0.776,NA,19,902,104,129,147,165,176,190,201,209,229,257,279,186.58,234.11
84013,Clyde at Daldowie,Clyde,1903.1,55.82999,-4.12195,267184,661676,SEPA-SW,VA,432,1.0546,409.644,0.0426,Gumbel,-2.61,-0.632,NA,14,900,432,557,639,718,764,820,865,897,974,1070,1150,798.86,1007.2
84014,Avon Water at Fairholm,Avon Water,265.5,55.7442,-3.98682,275373,651879,SEPA-SW,VA,163,1.0218,159.526,0.0174,GEV,-1.93,0.158,NA,17,813,163,207,237,266,283,304,321,333,362,401,431,294.28,376.82
84017,Black Cart Water at Milliken Park,Black Cart Water,103.1,55.82523,-4.53779,241123,662024,SEPA-SW,VA,34.1,1.0304,33.093,0.0249,GenLog,0.01,1.6,NA,18,813,34.1,44.8,53,62.2,68.2,76.7,84.1,89.9,106,131,154,78.69,102.7
84018,Clyde at Tulliford Mill,Clyde,932.6,55.64374,-3.75902,289388,640314,SEPA-SW,VA,248,1.0063,246.44,0.0049,Gumbel,-2.39,-1.21,NA,13,812,248,328,382,433,462,499,528,548,597,663,712,466.94,643.13
84020,Glazert Water at Milton of Campsie,Glazert Water,51.9,55.95995,-4.1537,265646,676198,SEPA-SW,VA,46.1,1.0211,45.148,0.0172,GEV,-1.57,0.625,NA,20,852,46.1,58.9,67.4,75.4,80,85.7,90.2,93.4,101,111,118,84.44,103.31
84035,Kittoch Water at Waterside,Kittoch Water,16.8,55.77868,-4.24066,259565,656202,SEPA-SW,VA,20.1,1.4144,14.211,0.3116,Kappa3,-0.261,1.74,NA,21,858,20.1,25.4,29.2,33.3,35.7,39,41.8,43.9,49.2,57,63.5,39.21,49.16
84040,Clyde at Abington,Clyde,251.8,55.48692,-3.69057,293271,622756,SEPA-SW,VA,140,1.0026,139.642,0.0024,GEV,-1.28,0.691,NA,19,824,140,183,213,244,262,285,304,318,353,401,439,247.55,408.5
85001,Leven at Linnbrane,Leven,784.3,55.98877,-4.57598,239409,680307,SEPA-NE,VA,124,1.0084,122.966,0.0066,GenLog,0.216,2.05,NA,15,833,124,156,180,206,223,245,265,280,320,382,438,251.03,312.31
86002,Eachaig at Eckford,Eachaig,139.9,56.01557,-4.98663,213930,684319,SEPA-SW,VA,81,1.0012,80.904,0.0011,GenLog,0.292,1.86,NA,20,836,81,106,125,146,160,179,196,209,245,302,356,183.75,237.72
90003,Nevis at Claggan,Nevis,69.2,56.82151,-5.08884,211592,774257,SEPA-NW,VA,122,1.0019,121.766,0.0017,Gumbel,-1.22,1.37,NA,18,833,122,154,175,195,206,221,232,240,260,285,305,215.73,267
91802,Allt Leachdach at Intake,Allt Leachdach,6.5,56.86164,-4.85409,226100,778100,ALCAN,VN,6.35,1,6.35,0,Kappa3,-0.093,1.77,NA,20,819,6.35,8.14,9.44,10.8,11.7,12.8,13.8,14.6,16.4,19.3,21.7,12.66,16.84
92002,Allt Coire nan Con at Polloch,Allt Coire nan Con,8.05,56.75845,-5.61366,179208,768812,SEPA-NW,VA,13.6,1,13.6,0,Kappa3,-0.349,1.86,NA,20,815,13.6,17.4,20.1,23,24.8,27.2,29.2,30.7,34.5,40.1,44.9,26.62,35.4
94001,Ewe at Poolewe,Ewe,441.1,57.76144,-5.59908,186002,880330,SEPA-NW,VA,115,1.0002,114.975,2e-4,GenLog,-0.003,1.71,NA,16,803,115,145,168,192,207,228,246,260,297,355,407,229.51,294.54
95001,Inver at Little Assynt,Inver,137.5,58.17412,-5.1526,214693,924921,SEPA-NW,VA,38.8,1,38.8,0,GenLog,0.283,1.97,NA,17,818,38.8,50,58.2,67.2,72.9,80.8,87.7,92.9,107,129,148,80.75,106.87
95004,Abhainn a'Chnocain at Elphin,Abhainn a'Chnocain,10.58,58.05185,-5.03101,221229,910988,SEPA-NW,VA,11.6,1,11.6,0,Kappa3,-0.712,1.27,NA,20,820,11.6,15.2,17.9,20.7,22.4,24.7,26.7,28.2,31.9,37.5,42.3,22.81,34.86
96002,Naver at Apigill,Naver,477,58.48007,-4.20775,271363,956765,SEPA-NW,VA,136,1,136,0,Kappa3,-0.288,1.42,NA,18,836,136,177,208,241,262,290,315,333,380,452,514,292.5,379.11
97002,Thurso at Halkirk,Thurso,412.8,58.5155,-3.493,313123,959561,SEPA-NW,VA,105,1.0002,104.979,2e-4,Gumbel,-2.64,-1.13,NA,16,806,105,137,159,179,191,206,217,226,245,271,291,193.37,264.13
106002,Laxdale at Laxdale,Laxdale,12.1,57.86871,-6.89359,109930,897086,SEPA-NW,VA,17.7,1,17.7,0,Kappa3,-0.537,1.32,NA,21,844,17.7,22.8,26.5,30.4,32.8,36,38.8,40.8,46,53.8,60.4,36.18,46.02
201005,Camowen at Camowen Terrace,Camowen,276.6,54.60357,-7.28785,246071,373048,DfIR,VA,89.2,1.0137,87.995,0.0103,GEV,-3.11,-0.892,NA,18,829,89.2,111,126,141,150,161,170,177,193,214,231,156.07,200.73
202001,Roe at Ardnargle,Roe,364.4,55.06452,-6.94673,267344,424637,DfIR,VA,155,1.012,153.157,0.0101,GEV,-3.82,-1.35,NA,17,828,155,193,217,239,251,266,277,285,303,326,342,254.62,319.01
203010,Blackwater at Maydown Bridge,Blackwater,970.2,54.40946,-6.73827,281974,351941,DfIR,VA,135,1.004,134.464,0.0033,GEV,-1.66,0.638,NA,16,804,135,174,200,226,241,259,274,285,310,344,370,255.75,317.59
203011,Main at Dromona,Main,243.5,54.91773,-6.36523,304877,409012,DfIR,VA,48.3,1.0068,47.973,0.005,Kappa3,-0.973,1.26,NA,17,820,48.3,57.9,64.6,71.4,75.5,80.9,85.4,88.6,96.8,109,118,80.52,97.49
203018,Six-Mile Water at Antrim,Six-Mile Water,277.6,54.71503,-6.22363,314528,386672,DfIR,VA,81.1,1.0593,76.559,0.0427,GEV,-2.87,-0.659,NA,18,881,81.1,101,115,128,135,145,152,157,170,187,200,138.01,178.61
203019,Claudy at Glenone Bridge,Claudy,126.3,54.87266,-6.50079,296292,403801,DfIR,VA,33.9,1.0107,33.542,0.0081,GenLog,0.256,2.67,NA,18,812,33.9,41.2,46.7,52.6,56.4,61.6,66.1,69.6,78.8,93.2,106,60.72,79.78
203020,Moyola at Moyola New Bridge,Moyola,304.3,54.75354,-6.51548,295630,390521,DfIR,VA,114,1.0208,111.673,0.0149,Kappa3,-1.22,1.09,NA,17,832,114,137,152,167,176,188,197,203,220,242,260,183.94,224.04
203022,Blackwater at Derrymeen Bridge,Blackwater,182.9,54.42201,-7.03778,262508,353031,DfIR,VA,62.4,1.0034,62.186,0.0027,Gumbel,-2.29,-0.154,NA,18,820,62.4,77.8,88.1,97.9,104,111,116,120,130,142,152,103.95,138.53
203024,Cusher at Gamble's Bridge,Cusher,170.7,54.36172,-6.38868,304793,347090,DfIR,VA,52.5,1.0094,52.009,0.0079,Gumbel,-3.64,-1.99,NA,20,819,52.5,70.4,82.2,93.6,100,108,115,119,130,145,156,106.81,132.58
203028,Agivey at Whitehill,Agivey,100.5,55.01386,-6.61989,288337,419362,DfIR,VA,66.7,1.0065,66.268,0.0057,Kappa3,-1.1,1.21,NA,19,842,66.7,82.6,93.8,105,112,121,129,134,148,168,185,118.57,151.44
203093,Main at Shane's Viaduct,Main,707.4,54.74267,-6.31425,308614,389605,DfIR,VA,203,1.0238,198.285,0.0177,Kappa3,-0.675,1.18,NA,15,806,203,252,289,328,352,385,413,434,489,570,641,383.11,491.65
204001,Bush at Seneirl Bridge,Bush,299.2,55.16444,-6.52283,294191,436250,DfIR,VA,62.5,1.0071,62.057,0.0056,Kappa3,-1.17,1.03,NA,18,838,62.5,74.4,82.6,91.1,96.2,103,108,112,123,137,149,102.01,122.96
205004,Lagan at Newforge,Lagan,491.6,54.55472,-5.94704,332872,369316,DfIR,VA,75.3,1.0795,69.754,0.0552,GEV,-1.74,0.29,NA,18,868,75.3,98.8,116,133,143,156,167,175,195,222,245,150.39,203.64
205005,Ravernet at Ravernet,Ravernet,73.5,54.48403,-6.04659,326651,361265,DfIR,FV+VA,14.6,1.01,14.456,0.0084,Gumbel,-2.19,-0.853,NA,19,825,14.6,19.8,23.2,26.5,28.4,30.7,32.6,33.9,37.1,41.3,44.4,28.95,39.69
205008,Lagan at Drumiller,Lagan,84.6,54.40601,-6.09675,323635,352493,DfIR,FV+VA,27.8,1.0079,27.583,0.0071,Gumbel,-2.55,-0.651,NA,19,828,27.8,36.4,42,47.5,50.6,54.5,57.6,59.8,65.1,72,77.3,52.53,68.08
205011,Annacloy at Kilmore Bridge,Annacloy,186.6,54.3853,-5.77106,344853,350808,DfIR,VA,41.4,1.023,40.469,0.0201,Gumbel,-2.66,-1.19,NA,18,800,41.4,54.5,63.2,71.5,76.3,82.3,87,90.4,98.4,109,117,77.07,106.04
205020,Enler at Comber,Enler,61.8,54.55465,-5.74545,345913,369708,DfIR,FV,19.5,1.0854,17.966,0.0598,GEV,-1.45,-0.241,NA,20,867,19.5,27.2,33,39.1,42.9,47.9,52.2,55.3,63.3,75.1,84.9,46.13,66.29
206001,Clanrye at Mountmill Bridge,Clanrye,120.3,54.21668,-6.33695,308536,331026,DfIR,VA,20,1.0184,19.639,0.0102,GEV,-1.29,0.121,NA,15,845,20,27.7,33.5,39.6,43.4,48.4,52.6,55.7,63.6,75.3,85.1,47.82,64.87
206006,Annalong at Recorder,Annalong,13.8,54.13925,-5.93509,335000,323100,BCDWC,TP,15.3,1,15.3,0,Kappa3,-0.744,1.36,NA,20,826,15.3,19.7,22.8,26,28,30.6,32.8,34.4,38.5,44.4,49.4,30.13,39.28
236005,Colebrooke at Ballindarragh Bridge,Colebrooke,313.6,54.27093,-7.49124,233195,335906,DfIR,VA,109,1.0045,108.515,0.0037,Gumbel,-2.22,0.246,NA,17,827,109,136,153,170,180,192,202,208,225,246,263,189.7,228.06
236007,Sillees at Drumrainey Bridge,Sillees,166.3,54.3084,-7.68602,220486,340003,DfIR,VA,25,1.002,24.951,0.0016,Kappa3,-0.313,1.84,NA,17,811,25,30.2,33.9,37.6,39.9,42.9,45.4,47.3,51.9,58.7,64.3,42.87,52.19
